# Time t       V(t)           max K(t)       max T(t)       Vcr(t)         Acr(t)         Vion(t)        lambda(t)      P(t)           dP(t, t+dt)    Time lag       
0              1990.55        0              0              0              0              0              0              0              0              inf            
1e-09          2029.5         0              0              0              0              0              0              0              0              inf            
2.2e-09        2076.2         0              0              0              0              0              0              0              0              inf            
3.64e-09       2132.17        0              0              0              0              0              0              0              0              inf            
5.368e-09      2199.25        0              0              0              0              0              0              0              0              inf            
7.4416e-09     2279.61        0              0              0              0              0              0              0              0              inf            
9.92992e-09    2375.86        0              0              0              0              0              0              0              0              inf            
1.29159e-08    2491.08        0              0              0              0              0              0              0              0              inf            
1.64991e-08    2628.97        0              0              0              0              0              0              0              0              inf            
2.07989e-08    2793.87        0              0              0              0              0              0              0              0              inf            
2.59587e-08    2990.96        0              0              0              0              0              0              0              0              inf            
3.21504e-08    3226.31        0              0              0              0              0              0              0              0              inf            
3.95805e-08    3507.11        0              0              0              0              0              0              0              0              inf            
4.6425e-08     3764.2         0              0              0              0              0              0              0              0              inf            
5.28054e-08    4002.5         0              0              0              0              0              0              0              0              inf            
5.88083e-08    4225.52        0              0              0              0              0              0              0              0              inf            
6.44963e-08    4435.79        0              0              0              0              0              0              0              0              inf            
6.99163e-08    4635.2         0              0              0              0              0              0              0              0              inf            
7.51044e-08    4825.22        0              0              0              0              0              0              0              0              inf            
8.00893e-08    5007           0              0              0              0              0              0              0              0              inf            
8.48942e-08    5181.48        0              0              0              0              2.91757e-12    0              0              0              inf            
8.95381e-08    5349.44        0.000252542    2.52574e-07    0              0              6.07019e-11    0              0              0              inf            
9.40369e-08    5511.51        0.000618918    6.19109e-07    0              0              2.14997e-10    0              0              0              inf            
9.84041e-08    5668.25        0.00135659     1.35751e-06    0              0              4.19774e-10    0              0              0              inf            
1.02651e-07    5820.11        0.00262926     2.63272e-06    0              0              7.1292e-10     0              0              0              inf            
1.06788e-07    5967.49        0.00441607     4.42584e-06    0              0              1.04905e-09    0              0              0              inf            
1.10823e-07    6110.75        0.00666536     6.68762e-06    0              0              1.39735e-09    0              0              0              inf            
1.14763e-07    6250.19        0.00934725     9.39107e-06    0              0              1.82556e-09    0              0              0              inf            
1.18616e-07    6386.08        0.0125393      1.26183e-05    0              0              2.13271e-09    0              0              0              inf            
1.22388e-07    6518.65        0.016253       1.63858e-05    0              0              2.58483e-09    0              0              0              inf            
1.26083e-07    6648.12        0.0204813      2.06925e-05    0              0              3.17856e-09    0              0              0              inf            
1.29706e-07    6774.69        0.0251198      2.54379e-05    0              0              3.58292e-09    0              0              0              inf            
1.33262e-07    6898.52        0.0302455      3.07075e-05    0              0              4.25049e-09    0              0              0              inf            
1.36755e-07    7019.76        0.0358819      3.65335e-05    0              0              4.81305e-09    0              0              0              inf            
1.40187e-07    7138.57        0.0419953      4.28896e-05    0              0              5.44183e-09    0              0              0              inf            
1.43563e-07    7255.07        0.0486259      4.98275e-05    0              0              6.08556e-09    0              0              0              inf            
1.46884e-07    7369.37        0.055737       5.73196e-05    0              0              6.80564e-09    0              0              0              inf            
1.50154e-07    7481.59        0.0632324      6.52743e-05    0              0              7.68684e-09    0              0              0              inf            
1.53375e-07    7591.83        0.0711979      7.37937e-05    0              0              8.57095e-09    0              0              0              inf            
1.5655e-07     7700.17        0.0796523      8.29105e-05    0              0              9.49983e-09    0              0              0              inf            
1.5968e-07     7806.71        0.0885992      9.26426e-05    0              0              1.04525e-08    0              0              0              inf            
1.62767e-07    7911.52        0.0979906      0.000102952    0              0              1.15972e-08    0              0              0              inf            
1.65814e-07    8014.67        0.107888       0.000113923    0              0              1.26453e-08    0              0              0              inf            
1.68822e-07    8116.23        0.118199       0.000125468    0              0              1.39318e-08    0              0              0              inf            
1.71792e-07    8216.27        0.128893       0.000137568    0              0              1.54081e-08    0              0              0              inf            
1.74726e-07    8314.85        0.139988       0.00015026     0              0              1.68615e-08    0              0              0              inf            
1.77625e-07    8412.02        0.151501       0.00016358     0              0              1.85301e-08    0              0              0              inf            
1.80491e-07    8507.83        0.163519       0.000177648    0              0              2.02687e-08    0              0              0              inf            
1.83325e-07    8602.34        0.175924       0.000192348    0              0              2.22704e-08    0              0              0              inf            
1.86128e-07    8695.59        0.188781       0.000207776    0              0              2.43428e-08    0              0              0              inf            
1.88901e-07    8787.61        0.202039       0.000223895    0              0              2.66058e-08    0              0              0              inf            
1.91645e-07    8878.47        0.215752       0.000240795    0              0              2.9155e-08     0              0              0              inf            
1.9436e-07     8968.18        0.229828       0.000258383    0              0              3.18249e-08    0              0              0              inf            
1.97049e-07    9056.79        0.244274       0.000276694    0              0              3.48032e-08    0              0              0              inf            
1.99712e-07    9144.34        0.25928        0.000295997    0              0              3.83061e-08    0              0              0              inf            
2.02349e-07    9230.86        0.274877       0.000316369    0              0              4.19997e-08    0              0              0              inf            
2.04961e-07    9316.37        0.290884       0.000337609    0              0              4.64552e-08    0              0              0              inf            
2.0755e-07     9400.92        0.307335       0.000359796    0              0              5.12461e-08    0              0              0              inf            
2.10115e-07    9484.52        0.32429        0.000383049    0              0              5.68103e-08    0              0              0              inf            
2.12658e-07    9567.2         0.34163        0.00040724     0              0              6.15828e-08    0              0              0              inf            
2.15179e-07    9648.99        0.359355       0.000432405    0              0              6.59392e-08    0              0              0              inf            
2.17679e-07    9729.92        0.377616       0.000458803    0              0              7.01151e-08    0              0              0              inf            
2.20158e-07    9810           0.396282       0.000486288    0              0              7.39578e-08    0              0              0              inf            
2.22616e-07    9889.27        0.415282       0.000514799    0              0              7.79181e-08    0              0              0              inf            
2.25055e-07    9967.73        0.43476        0.000544592    0              0              8.17027e-08    0              0              0              inf            
2.27475e-07    10045.4        0.454561       0.000575482    0              0              8.54198e-08    0              0              0              inf            
2.29876e-07    10122.3        0.474635       0.000607427    0              0              8.9205e-08     0              0              0              inf            
2.32259e-07    10198.5        0.495158       0.000640757    0              0              9.28982e-08    0              0              0              inf            
2.34625e-07    10274          0.516003       0.000675319    0              0              9.64722e-08    0              0              0              inf            
2.36972e-07    10348.8        0.537196       0.000711202    0              0              1.00085e-07    0              0              0              inf            
2.39303e-07    10422.8        0.558845       0.000748651    0              0              1.03655e-07    0              0              0              inf            
2.41618e-07    10496.2        0.581026       0.000787871    0              0              1.07296e-07    0              0              0              inf            
2.43916e-07    10569          0.603526       0.000828556    0              0              1.10818e-07    0              0              0              inf            
2.46199e-07    10641.1        0.626306       0.000870687    0              0              1.14245e-07    0              0              0              inf            
2.48466e-07    10712.6        0.649567       0.000914711    0              0              1.17791e-07    0              0              0              inf            
2.50718e-07    10783.4        0.673312       0.000960721    0              0              1.21064e-07    0              0              0              inf            
2.52955e-07    10853.7        0.697264       0.00100825     0              0              1.24753e-07    0              0              0              inf            
2.55178e-07    10923.4        0.721405       0.00105732     0              0              1.28108e-07    0              0              0              inf            
2.57387e-07    10992.5        0.745755       0.00110803     0              0              1.31464e-07    0              0              0              inf            
2.59582e-07    11061          0.770459       0.00116076     0              0              1.34885e-07    0              0              0              inf            
2.61763e-07    11129          0.795361       0.00121524     0              0              1.38116e-07    0              0              0              inf            
2.63931e-07    11196.5        0.820245       0.00127106     0              0              1.41709e-07    0              0              0              inf            
2.66086e-07    11263.4        0.845315       0.00132871     0              0              1.44822e-07    0              0              0              inf            
2.68228e-07    11329.8        0.870435       0.00138795     0              0              1.48219e-07    0              0              0              inf            
2.70357e-07    11395.7        0.895865       0.00144945     0              0              1.51569e-07    0              0              0              inf            
2.72475e-07    11461          0.921377       0.00151275     0              0              1.54901e-07    0              0              0              inf            
2.7458e-07     11525.9        0.947072       0.00157815     0              0              1.58013e-07    0              0              0              inf            
2.76674e-07    11590.4        0.972945       0.00164572     0              0              1.61267e-07    0              0              0              inf            
2.78755e-07    11654.3        0.999088       0.0017158      0              0              1.64803e-07    0              0              0              inf            
2.80826e-07    11717.8        1.02543        0.00178829     0              0              1.68045e-07    0              0              0              inf            
2.82885e-07    11780.8        1.05173        0.00186259     0              0              1.71062e-07    0              0              0              inf            
2.84933e-07    11843.4        1.07826        0.00193956     0              0              1.73954e-07    0              0              0              inf            
2.86971e-07    11905.5        1.10493        0.00201901     0              0              1.77613e-07    0              0              0              inf            
2.88998e-07    11967.2        1.13189        0.00210151     0              0              1.80874e-07    0              0              0              inf            
2.91014e-07    12028.5        1.15898        0.00218667     0              0              1.83843e-07    0              0              0              inf            
2.9302e-07     12089.4        1.18634        0.00227506     0              0              1.86879e-07    0              0              0              inf            
2.95016e-07    12149.9        1.21358        0.00236551     0              0              1.9006e-07     0              0              0              inf            
2.97003e-07    12209.9        1.24092        0.00245879     0              0              1.93541e-07    0              0              0              inf            
2.98979e-07    12269.6        1.26865        0.00255603     0              0              1.96624e-07    0              0              0              inf            
3.00946e-07    12328.8        1.29632        0.0026558      0              0              1.99522e-07    0              0              0              inf            
3.02903e-07    12387.7        1.32433        0.00275967     0              0              2.02463e-07    0              0              0              inf            
3.04852e-07    12446.2        1.35219        0.00286587     0              0              2.05475e-07    0              0              0              inf            
3.06791e-07    12504.4        1.37997        0.00297476     0              0              2.09005e-07    0              0              0              inf            
3.08721e-07    12562.1        1.40819        0.00308855     0              0              2.12041e-07    0              0              0              inf            
3.10642e-07    12619.5        1.43627        0.003205       0              0              2.15029e-07    0              0              0              inf            
3.12554e-07    12676.6        1.46469        0.00332622     0              0              2.1797e-07     0              0              0              inf            
3.14458e-07    12733.3        1.49289        0.00344992     0              0              2.20886e-07    0              0              0              inf            
3.16353e-07    12789.7        1.52132        0.00357827     0              0              2.23707e-07    0              0              0              inf            
3.1824e-07     12845.7        1.54963        0.00370972     0              0              2.27095e-07    0              0              0              inf            
3.20119e-07    12901.4        1.57879        0.00384908     0              0              2.30369e-07    0              0              0              inf            
3.2199e-07     12956.7        1.60735        0.00398955     0              0              2.33167e-07    0              0              0              inf            
3.23853e-07    13011.8        1.6361         0.00413513     0              0              2.35964e-07    0              0              0              inf            
3.25708e-07    13066.5        1.66497        0.0042855      0              0              2.39058e-07    0              0              0              inf            
3.27555e-07    13120.9        1.6938         0.00444009     0              0              2.41784e-07    0              0              0              inf            
3.29394e-07    13175          1.72348        0.004604       0              0              2.44796e-07    0              0              0              inf            
3.31226e-07    13228.7        1.75261        0.00476966     0              0              2.47665e-07    0              0              0              inf            
3.33051e-07    13282.2        1.78187        0.00494096     0              0              2.50613e-07    0              0              0              inf            
3.34868e-07    13335.4        1.81119        0.00511771     0              0              2.53683e-07    0              0              0              inf            
3.36678e-07    13388.3        1.84072        0.0053011      0              0              2.56456e-07    0              0              0              inf            
3.38481e-07    13440.9        1.87018        0.00548944     0              0              2.59755e-07    0              0              0              inf            
3.40276e-07    13493.2        1.90044        0.00568882     0              0              2.62767e-07    0              0              0              inf            
3.42065e-07    13545.2        1.93005        0.00588985     0              0              2.65421e-07    0              0              0              inf            
3.43847e-07    13597          1.95975        0.00609756     0              0              2.68228e-07    0              0              0              inf            
3.45622e-07    13648.4        1.98954        0.00631215     0              0              2.70739e-07    0              0              0              inf            
3.47391e-07    13699.6        2.01907        0.0065313      0              0              2.7349e-07     0              0              0              inf            
3.49153e-07    13750.6        2.04978        0.00676622     0              0              2.76645e-07    0              0              0              inf            
3.50908e-07    13801.2        2.07961        0.00700134     0              0              2.79562e-07    0              0              0              inf            
3.52657e-07    13851.6        2.10953        0.00724437     0              0              2.82464e-07    0              0              0              inf            
3.544e-07      13901.8        2.13949        0.00749514     0              0              2.85009e-07    0              0              0              inf            
3.56136e-07    13951.7        2.1695         0.00775387     0              0              2.87568e-07    0              0              0              inf            
3.57867e-07    14001.3        2.19925        0.00801825     0              0              2.90435e-07    0              0              0              inf            
3.59591e-07    14050.7        2.23042        0.00830381     0              0              2.93518e-07    0              0              0              inf            
3.61309e-07    14099.8        2.26054        0.00858825     0              0              2.96565e-07    0              0              0              inf            
3.63021e-07    14148.7        2.29082        0.008883       0              0              2.99315e-07    0              0              0              inf            
3.64727e-07    14197.4        2.32108        0.00918662     0              0              3.0216e-07     0              0              0              inf            
3.66427e-07    14245.8        2.35144        0.00950067     0              0              3.04838e-07    0              0              0              inf            
3.68121e-07    14294          2.3819         0.00982542     0              0              3.0754e-07     0              0              0              inf            
3.6981e-07     14342          2.41243        0.010161       0              0              3.10361e-07    0              0              0              inf            
3.71493e-07    14389.7        2.44251        0.0105019      0              0              3.13335e-07    0              0              0              inf            
3.73171e-07    14437.2        2.47453        0.0108761      0              0              3.16037e-07    0              0              0              inf            
3.74843e-07    14484.5        2.50508        0.0112445      0              0              3.1886e-07     0              0              0              inf            
3.7651e-07     14531.5        2.53565        0.0116246      0              0              3.21395e-07    0              0              0              inf            
3.78171e-07    14578.4        2.56636        0.0120184      0              0              3.24192e-07    0              0              0              inf            
3.79827e-07    14625          2.59715        0.0124254      0              0              3.26608e-07    0              0              0              inf            
3.81478e-07    14671.4        2.62793        0.012845       0              0              3.29415e-07    0              0              0              inf            
3.83123e-07    14717.6        2.65869        0.0132776      0              0              3.32427e-07    0              0              0              inf            
3.84763e-07    14763.5        2.68966        0.0137267      0              0              3.34819e-07    0              0              0              inf            
3.86398e-07    14809.3        2.72078        0.0141921      0              0              3.37474e-07    0              0              0              inf            
3.88029e-07    14854.9        2.75184        0.0146715      0              0              3.3989e-07     0              0              0              inf            
3.89654e-07    14900.2        2.78287        0.0151653      0              0              3.42308e-07    0              0              0              inf            
3.91274e-07    14945.4        2.81359        0.0156696      0              0              3.45211e-07    0              0              0              inf            
3.92889e-07    14990.4        2.84598        0.0162184      0              0              3.48056e-07    0              0              0              inf            
3.945e-07      15035.1        2.87692        0.0167595      0              0              3.50758e-07    0              0              0              inf            
3.96106e-07    15079.7        2.90801        0.0173204      0              0              3.53317e-07    0              0              0              inf            
3.97706e-07    15124.1        2.93911        0.0178991      0              0              3.56042e-07    0              0              0              inf            
3.99303e-07    15168.3        2.97017        0.0184952      0              0              3.58688e-07    0              0              0              inf            
4.00894e-07    15212.3        3.00122        0.01911        0              0              3.61233e-07    0              0              0              inf            
4.02481e-07    15256.1        3.03236        0.0197462      0              0              3.64006e-07    0              0              0              inf            
4.04064e-07    15299.7        3.06359        0.0204042      0              0              3.66828e-07    0              0              0              inf            
4.05642e-07    15343.2        3.0941         0.0210673      0              0              3.6953e-07     0              0              0              inf            
4.07215e-07    15386.4        3.12738        0.0218142      0              0              3.72208e-07    0              0              0              inf            
4.08785e-07    15429.5        3.15821        0.0225283      0              0              3.74361e-07    0              0              0              inf            
4.10349e-07    15472.4        3.1892         0.0232689      0              0              3.76945e-07    0              0              0              inf            
4.1191e-07     15515.1        3.22022        0.0240337      0              0              3.7949e-07     0              0              0              inf            
4.13466e-07    15557.7        3.25129        0.0248237      0              0              3.82025e-07    0              0              0              inf            
4.15018e-07    15600.1        3.28247        0.0256415      0              0              3.84586e-07    0              0              0              inf            
4.16565e-07    15642.3        3.31369        0.0264864      0              0              3.87312e-07    0              0              0              inf            
4.18109e-07    15684.3        3.34492        0.0273584      0              0              3.90085e-07    0              0              0              inf            
4.19648e-07    15726.2        3.37613        0.0282572      0              0              3.9242e-07     0              0              0              inf            
4.21183e-07    15767.9        3.40731        0.0291839      0              0              3.9487e-07     0              0              0              inf            
4.22715e-07    15809.4        3.43868        0.030146       0              0              3.97477e-07    0              0              0              inf            
4.24242e-07    15850.8        3.47008        0.0311393      0              0              4.00394e-07    0              0              0              inf            
4.25765e-07    15892          3.50074        0.0321401      0              0              4.02929e-07    0              0              0              inf            
4.27284e-07    15933          3.53222        0.0331998      0              0              4.05464e-07    0              0              0              inf            
4.288e-07      15973.9        3.56636        0.0343874      0              0              4.07477e-07    0              0              0              inf            
4.30311e-07    16014.7        3.59757        0.0355095      0              0              4.10012e-07    0              0              0              inf            
4.31819e-07    16055.3        3.6289         0.0366712      0              0              4.12652e-07    0              0              0              inf            
4.33323e-07    16095.7        3.66023        0.0378703      0              0              4.14845e-07    0              0              0              inf            
4.34823e-07    16135.9        3.69157        0.0391078      0              0              4.18143e-07    0              0              0              inf            
4.36319e-07    16176.1        3.72298        0.0403874      0              0              4.20582e-07    0              0              0              inf            
4.37812e-07    16216          3.75432        0.0417053      0              0              4.23213e-07    0              0              0              inf            
4.39301e-07    16255.8        3.78564        0.0430639      0              0              4.24939e-07    0              0              0              inf            
4.40786e-07    16295.5        3.81708        0.0444711      0              0              4.27188e-07    0              0              0              inf            
4.42268e-07    16335          3.84853        0.0459241      0              0              4.3021e-07     0              0              0              inf            
4.43746e-07    16374.4        3.88015        0.0474316      0              0              4.32449e-07    0              0              0              inf            
4.4522e-07     16413.6        3.91176        0.0489868      0              0              4.35128e-07    0              0              0              inf            
4.46691e-07    16452.7        3.94334        0.0505908      0              0              4.3795e-07     0              0              0              inf            
4.48159e-07    16491.7        3.97491        0.0522455      0              0              4.40103e-07    0              0              0              inf            
4.49623e-07    16530.5        4.00647        0.0539524      0              0              4.42116e-07    0              0              0              inf            
4.51084e-07    16569.1        4.03799        0.0557125      0              0              4.45032e-07    0              0              0              inf            
4.52541e-07    16607.7        4.06957        0.057532       0              0              4.47748e-07    0              0              0              inf            
4.53995e-07    16646.1        4.1004         0.0593646      0              0              4.49816e-07    0              0              0              inf            
4.55446e-07    16684.3        4.1353         0.0615086      0              0              4.51875e-07    0              0              0              inf            
4.56893e-07    16722.4        4.16659        0.063495       0              0              4.54459e-07    0              0              0              inf            
4.58337e-07    16760.4        4.19795        0.0655501      0              0              4.57043e-07    0              0              0              inf            
4.59777e-07    16798.3        4.22929        0.0676683      0              0              4.59864e-07    0              0              0              inf            
4.61215e-07    16836          4.26058        0.0698514      0              0              4.62485e-07    0              0              0              inf            
4.62649e-07    16873.6        4.29195        0.0721093      0              0              4.63353e-07    0              0              0              inf            
4.6408e-07     16911          4.32336        0.0744418      0              0              4.67651e-07    0              0              0              inf            
4.65508e-07    16948.3        4.35469        0.076843       0              0              4.68338e-07    0              0              0              inf            
4.66933e-07    16985.5        4.38613        0.079329       0              0              4.72197e-07    0              0              0              inf            
4.68354e-07    17022.6        4.41757        0.0818943      0              0              4.74506e-07    0              0              0              inf            
4.69773e-07    17059.6        4.44895        0.0845369      0              0              4.75364e-07    0              0              0              inf            
4.71188e-07    17096.4        4.48033        0.0872634      0              0              4.80148e-07    0              0              0              inf            
4.72601e-07    17133.1        4.51169        0.0900759      0              0              4.81007e-07    0              0              0              inf            
4.7401e-07     17169.7        4.5431         0.0929817      0              0              4.83578e-07    0              0              0              inf            
4.75416e-07    17206.1        4.57448        0.0959773      0              0              4.86277e-07    0              0              0              inf            
4.7682e-07     17242.4        4.60593        0.0990764      0              0              4.86945e-07    0              0              0              inf            
4.7822e-07     17278.6        4.63738        0.102274       0              0              4.91873e-07    0              0              0              inf            
4.79618e-07    17314.7        4.66878        0.105568       0              0              4.92827e-07    0              0              0              inf            
4.81012e-07    17350.7        4.69908        0.108846       0              0              4.95303e-07    0              0              0              inf            
4.82404e-07    17386.6        4.73537        0.112905       0              0              4.98755e-07    0              0              0              inf            
4.83793e-07    17422.3        4.76663        0.116522       0              0              4.99327e-07    0              0              0              inf            
4.85179e-07    17457.9        4.79788        0.120253       0              0              5.03234e-07    0              0              0              inf            
4.86562e-07    17493.4        4.82907        0.124095       0              0              5.04694e-07    0              0              0              inf            
4.87943e-07    17528.8        4.86032        0.128066       0              0              5.0517e-07     0              0              0              inf            
4.8932e-07     17564.1        4.89154        0.132158       0              0              5.10289e-07    0              0              0              inf            
4.90695e-07    17599.3        4.92274        0.136378       0              0              5.11625e-07    0              0              0              inf            
4.92067e-07    17634.3        4.95404        0.140746       0              0              5.14863e-07    0              0              0              inf            
4.93437e-07    17669.3        4.98539        0.14526        0              0              5.17076e-07    0              0              0              inf            
4.94803e-07    17704.1        5.01666        0.149907       0              0              5.17744e-07    0              0              0              inf            
4.96167e-07    17738.8        5.04794        0.154702       0              0              5.22318e-07    0              0              0              inf            
4.97529e-07    17773.4        5.07919        0.159645       0              0              5.23301e-07    0              0              0              inf            
4.98887e-07    17807.9        5.11044        0.164743       0              0              5.23587e-07    0              0              0              inf            
5.00243e-07    17842.3        5.1417         0.170007       0              0              5.29183e-07    0              0              0              inf            
5.01597e-07    17876.6        5.17301        0.175445       0              0              5.29945e-07    0              0              0              inf            
5.02948e-07    17910.8        5.2043         0.181053       0              0              5.32707e-07    0              0              0              inf            
5.04296e-07    17944.9        5.23554        0.18683        0              0              5.35683e-07    0              0              0              inf            
5.05642e-07    17978.9        5.26673        0.192782       0              0              5.36446e-07    0              0              0              inf            
5.06985e-07    18012.8        5.29792        0.198921       0              0              5.40543e-07    0              0              0              inf            
5.08325e-07    18046.5        5.32912        0.205256       0              0              5.41621e-07    0              0              0              inf            
5.09664e-07    18080.2        5.36036        0.211801       0              0              5.42384e-07    0              0              0              inf            
5.10999e-07    18113.8        5.3916         0.218554       0              0              5.47408e-07    0              0              0              inf            
5.12332e-07    18147.2        5.42286        0.225526       0              0              5.47885e-07    0              0              0              inf            
5.13663e-07    18180.6        5.45418        0.232733       0              0              5.48552e-07    0              0              0              inf            
5.14991e-07    18213.9        5.48553        0.240177       0              0              5.53527e-07    0              0              0              inf            
5.16317e-07    18247.1        5.51688        0.247856       0              0              5.54195e-07    0              0              0              inf            
5.17641e-07    18280.1        5.54817        0.255766       0              0              5.57815e-07    0              0              0              inf            
5.18962e-07    18313.1        5.57816        0.263583       0              0              5.606e-07      0              0              0              inf            
5.20281e-07    18346          5.60973        0.27207        0              0              5.6185e-07     0              0              0              inf            
5.21597e-07    18378.8        5.64632        0.282247       0              0              5.65423e-07    0              0              0              inf            
5.22911e-07    18411.4        5.67719        0.291129       0              0              5.67732e-07    0              0              0              inf            
5.24223e-07    18444          5.7081         0.300297       0              0              5.6859e-07     0              0              0              inf            
5.25532e-07    18476.5        5.739          0.309755       0              0              5.72115e-07    0              0              0              inf            
5.26839e-07    18508.9        5.76995        0.319523       0              0              5.74328e-07    0              0              0              inf            
5.28144e-07    18541.2        5.80083        0.329575       0              0              5.74709e-07    0              0              0              inf            
5.29446e-07    18573.5        5.83164        0.339916       0              0              5.78997e-07    0              0              0              inf            
5.30746e-07    18605.6        5.86243        0.350579       0              0              5.80075e-07    0              0              0              inf            
5.32044e-07    18637.6        5.8932         0.361564       0              0              5.80982e-07    0              0              0              inf            
5.3334e-07     18669.6        5.92394        0.37288        0              0              5.85671e-07    0              0              0              inf            
5.34634e-07    18701.4        5.95459        0.38452        0              0              5.86434e-07    0              0              0              inf            
5.35925e-07    18733.2        5.9852         0.396503       0              0              5.8672e-07     0              0              0              inf            
5.37214e-07    18764.8        6.01586        0.408878       0              0              5.91504e-07    0              0              0              inf            
5.38501e-07    18796.4        6.04658        0.421667       0              0              5.92839e-07    0              0              0              inf            
5.39786e-07    18827.9        6.07726        0.434832       0              0              5.94175e-07    0              0              0              inf            
5.41069e-07    18859.3        6.1079         0.448393       0              0              5.99054e-07    0              0              0              inf            
5.42349e-07    18890.6        6.13859        0.4624         0              0              6.00162e-07    0              0              0              inf            
5.43628e-07    18921.9        6.16936        0.476881       0              0              6.01401e-07    0              0              0              inf            
5.44904e-07    18953          6.20009        0.491794       0              0              6.06281e-07    0              0              0              inf            
5.46178e-07    18984.1        6.23076        0.507143       0              0              6.06853e-07    0              0              0              inf            
5.47451e-07    19015.1        6.26144        0.522975       0              0              6.07807e-07    0              0              0              inf            
5.48721e-07    19046          6.29219        0.539338       0              0              6.12209e-07    0              0              0              inf            
5.49989e-07    19076.8        6.32293        0.556202       0              0              6.13163e-07    0              0              0              inf            
5.51255e-07    19107.5        6.3537         0.573614       0              0              6.13831e-07    0              0              0              inf            
5.52519e-07    19138.1        6.38447        0.591568       0              0              6.1914e-07     0              0              0              inf            
5.53781e-07    19168.7        6.4152         0.610066       0              0              6.19617e-07    0              0              0              inf            
5.5504e-07     19199.2        6.4459         0.629113       0              0              6.20285e-07    0              0              0              inf            
5.56298e-07    19229.6        6.47486        0.64763        0              0              6.24974e-07    0              0              0              inf            
5.57554e-07    19259.9        6.50547        0.66779        0              0              6.26023e-07    0              0              0              inf            
5.58808e-07    19290.1        6.53631        0.688737       0              0              6.26213e-07    0              0              0              inf            
5.6006e-07     19320.3        6.57449        0.715581       0              0              6.31188e-07    0              0              0              inf            
5.6131e-07     19350.4        6.60466        0.737531       0              0              6.32714e-07    0              0              0              inf            
5.62558e-07    19380.4        6.63482        0.760145       0              0              6.33545e-07    0              0              0              inf            
5.63805e-07    19410.3        6.66494        0.783413       0              0              6.38997e-07    0              0              0              inf            
5.65049e-07    19440.1        6.69511        0.807441       0              0              6.40332e-07    0              0              0              inf            
5.66291e-07    19469.9        6.72529        0.832215       0              0              6.40714e-07    0              0              0              inf            
5.67532e-07    19499.6        6.75548        0.857751       0              0              6.45192e-07    0              0              0              inf            
5.6877e-07     19529.2        6.78564        0.884045       0              0              6.46737e-07    0              0              0              inf            
5.70007e-07    19558.7        6.81584        0.911179       0              0              6.4731e-07     0              0              0              inf            
5.71242e-07    19588.2        6.846          0.939115       0              0              6.5093e-07     0              0              0              inf            
5.72475e-07    19617.5        6.87612        0.967857       0              0              6.52857e-07    0              0              0              inf            
5.73706e-07    19646.9        6.90624        0.99749        0              0              6.53764e-07    0              0              0              inf            
5.74935e-07    19676.1        6.93649        1.02815        1.46085e-14    3.12131e-07    6.56812e-07    0              0              0              inf            
5.76163e-07    19705.2        6.96673        1.05975        1.46085e-14    3.12131e-07    6.59025e-07    0              0              0              inf            
5.77388e-07    19734.3        6.99699        1.09234        4.83649e-12    5.50849e-06    6.59692e-07    0              0              0              inf            
5.78612e-07    19763.3        7.0272         1.12587        6.95032e-12    8.75296e-06    6.61314e-07    0              0              0              inf            
5.79834e-07    19792.3        7.05736        1.16037        6.95032e-12    8.75296e-06    6.65907e-07    0              0              0              inf            
5.81055e-07    19821.1        7.08747        1.19588        2.11759e-11    1.4058e-05     6.66288e-07    0              0              0              inf            
5.82273e-07    19849.9        7.11757        1.23246        2.11759e-11    1.4058e-05     6.66479e-07    0              0              0              inf            
5.8349e-07     19878.6        7.14768        1.27015        6.4438e-11     2.88678e-05    6.72456e-07    0              0              0              inf            
5.84705e-07    19907.3        7.17778        1.309          8.27159e-11    3.94006e-05    6.73792e-07    0              0              0              inf            
5.85918e-07    19935.8        7.20788        1.34902        1.10172e-10    4.60555e-05    6.74669e-07    0              0              0              inf            
5.87129e-07    19964.4        7.23792        1.39019        1.11709e-10    5.09619e-05    6.79053e-07    0              0              0              inf            
5.88339e-07    19992.8        7.26791        1.43255        1.35551e-10    5.09619e-05    6.80693e-07    0              0              0              inf            
5.89547e-07    20021.1        7.29787        1.47616        1.36315e-10    5.2744e-05     6.81552e-07    0              0              0              inf            
5.90754e-07    20049.4        7.32785        1.5211         1.36356e-10    5.38433e-05    6.8479e-07     0              0              0              inf            
5.91958e-07    20077.7        7.35784        1.56745        1.36356e-10    5.38433e-05    6.87289e-07    0              0              0              inf            
5.93161e-07    20105.8        7.3878         1.61515        1.59807e-10    5.51722e-05    6.88101e-07    0              0              0              inf            
5.94363e-07    20133.9        7.41773        1.66425        2.03233e-10    5.94187e-05    6.89055e-07    0              0              0              inf            
5.95562e-07    20161.9        7.44762        1.71477        2.50917e-10    5.94187e-05    6.93839e-07    0              0              0              inf            
5.9676e-07     20189.9        7.47753        1.76688        3.22468e-10    5.97366e-05    6.94506e-07    0              0              0              inf            
5.97956e-07    20217.8        7.50744        1.82054        3.3747e-10     6.57414e-05    6.94983e-07    0              0              0              inf            
5.99151e-07    20245.6        7.53731        1.87578        3.3747e-10     6.57414e-05    6.99462e-07    0              0              0              inf            
6.00344e-07    20273.3        7.56717        1.93267        3.84841e-10    6.9531e-05     7.01579e-07    0              0              0              inf            
6.01535e-07    20301          7.597          1.99121        3.84841e-10    6.9531e-05     7.01961e-07    0              0              0              inf            
6.02725e-07    20328.6        7.62677        2.0514         4.08683e-10    6.9531e-05     7.03578e-07    0              0              0              inf            
6.03913e-07    20356.2        7.65657        2.11349        4.08683e-10    6.9531e-05     7.06889e-07    0              0              0              inf            
6.051e-07      20383.6        7.68637        2.17746        4.31645e-10    7.4414e-05     7.07557e-07    0              0              0              inf            
6.06285e-07    20411.1        7.71614        2.24328        4.91533e-10    8.1109e-05     7.09464e-07    0              0              0              inf            
6.07468e-07    20438.4        7.74587        2.31099        5.15375e-10    8.1109e-05     7.15488e-07    0              0              0              inf            
6.0865e-07     20465.7        7.77336        2.37544        5.39217e-10    8.1109e-05     7.16461e-07    0              0              0              inf            
6.0983e-07     20492.9        7.80342        2.44796        5.62105e-10    8.59918e-05    7.16747e-07    0              0              0              inf            
6.11008e-07    20520.1        7.8434         2.54785        5.62105e-10    8.59918e-05    7.19795e-07    0              0              0              inf            
6.12186e-07    20547.2        7.87278        2.62384        6.33631e-10    8.59918e-05    7.22866e-07    0              0              0              inf            
6.13361e-07    20574.2        7.9021         2.70195        7.05156e-10    8.59918e-05    7.23725e-07    0              0              0              inf            
6.14535e-07    20601.2        7.93146        2.78249        7.28045e-10    9.08746e-05    7.24297e-07    0              0              0              inf            
6.15707e-07    20628.1        7.96076        2.86525        7.88066e-10    9.79228e-05    7.29558e-07    0              0              0              inf            
6.16878e-07    20654.9        7.98995        2.95015        7.88066e-10    9.79228e-05    7.29653e-07    0              0              0              inf            
6.18048e-07    20681.7        8.01913        3.03754        8.11908e-10    9.79228e-05    7.31179e-07    0              0              0              inf            
6.19216e-07    20708.4        8.0483         3.12747        8.58638e-10    0.000102806    7.33657e-07    0              0              0              inf            
6.20382e-07    20735.1        8.07745        3.22001        9.06317e-10    0.000102937    7.36728e-07    0              0              0              inf            
6.21547e-07    20761.7        8.10659        3.31525        9.54001e-10    0.000102937    7.37682e-07    0              0              0              inf            
6.2271e-07     20788.2        8.13574        3.41333        9.77843e-10    0.000102937    7.3835e-07     0              0              0              inf            
6.23872e-07    20814.7        8.16488        3.5143         1.07226e-09    0.00010782     7.42752e-07    0              0              0              inf            
6.25032e-07    20841.1        8.19401        3.61821        1.07226e-09    0.00010782     7.4466e-07     0              0              0              inf            
6.26191e-07    20867.5        8.22309        3.72499        1.07226e-09    0.00010782     7.45232e-07    0              0              0              inf            
6.27349e-07    20893.8        8.25217        3.83496        1.11136e-09    0.000113742    7.46563e-07    0              0              0              inf            
6.28505e-07    20920          8.28125        3.94813        1.11136e-09    0.000113742    7.50874e-07    0              0              0              inf            
6.29659e-07    20946.2        8.31027        4.0644         1.23049e-09    0.000120538    7.52782e-07    0              0              0              inf            
6.30813e-07    20972.3        8.33924        4.18391        1.30202e-09    0.000120538    7.54117e-07    0              0              0              inf            
6.31964e-07    20998.4        8.36818        4.3068         1.37354e-09    0.000120538    7.5747e-07     0              0              0              inf            
6.33115e-07    21024.4        8.39709        4.43313        1.39643e-09    0.000125421    7.59206e-07    0              0              0              inf            
6.34263e-07    21050.3        8.42596        4.56302        1.42027e-09    0.000125421    7.60256e-07    0              0              0              inf            
6.35411e-07    21076.2        8.45479        4.69654        1.46796e-09    0.000125421    7.60828e-07    0              0              0              inf            
6.36557e-07    21102          8.48359        4.83378        1.56333e-09    0.000125421    7.66184e-07    0              0              0              inf            
6.37702e-07    21127.8        8.51237        4.97496        1.58717e-09    0.000125421    7.67138e-07    0              0              0              inf            
6.38845e-07    21153.5        8.54114        5.1202         1.61006e-09    0.000130304    7.67903e-07    0              0              0              inf            
6.39987e-07    21179.2        8.56992        5.26971        1.70542e-09    0.000130304    7.70855e-07    0              0              0              inf            
6.41127e-07    21204.8        8.59876        5.42391        1.75311e-09    0.000130304    7.73927e-07    0              0              0              inf            
6.42266e-07    21230.3        8.62763        5.58281        1.79589e-09    0.000139285    7.74594e-07    0              0              0              inf            
6.43404e-07    21255.8        8.65648        5.74628        1.79589e-09    0.000139285    7.75071e-07    0              0              0              inf            
6.4454e-07     21281.3        8.68531        5.91436        1.84357e-09    0.000139285    7.79073e-07    0              0              0              inf            
6.45675e-07    21306.6        8.71406        6.08694        1.87239e-09    0.000143969    7.81095e-07    0              0              0              inf            
6.46809e-07    21332          8.7428         6.26444        1.9668e-09     0.000148851    7.82526e-07    0              0              0              inf            
6.47941e-07    21357.2        8.77158        6.44734        2.06217e-09    0.000148851    7.82716e-07    0              0              0              inf            
6.49072e-07    21382.5        8.80035        6.63554        2.10986e-09    0.000148851    7.87024e-07    0              0              0              inf            
6.50202e-07    21407.6        8.82915        6.82948        2.20522e-09    0.000148851    7.87691e-07    0              0              0              inf            
6.5133e-07     21432.7        8.85792        7.02882        2.27579e-09    0.000153734    7.8998e-07     0              0              0              inf            
6.52457e-07    21457.8        8.88665        7.23372        2.32348e-09    0.000153734    7.90457e-07    0              0              0              inf            
6.53583e-07    21482.8        8.91533        7.44426        2.395e-09      0.000153734    7.96767e-07    0              0              0              inf            
6.54707e-07    21507.7        8.94402        7.66096        2.44269e-09    0.000153734    7.97625e-07    0              0              0              inf            
6.5583e-07     21532.6        8.97269        7.88376        2.48942e-09    0.000158617    7.9774e-07     0              0              0              inf            
6.56952e-07    21557.4        9.00131        8.11273        2.5371e-09     0.000158617    8.0012e-07     0              0              0              inf            
6.58072e-07    21582.2        9.02998        8.34866        2.56094e-09    0.000158617    8.04148e-07    0              0              0              inf            
6.59192e-07    21607          9.05864        8.59147        2.60863e-09    0.000158617    8.05101e-07    0              0              0              inf            
6.6031e-07     21631.6        9.08726        8.84095        2.72662e-09    0.000164593    8.06055e-07    0              0              0              inf            
6.61426e-07    21656.3        9.11584        9.09727        2.75046e-09    0.000164593    8.08817e-07    0              0              0              inf            
6.62542e-07    21680.8        9.1444         9.36085        2.75046e-09    0.000164593    8.11697e-07    0              0              0              inf            
6.63656e-07    21705.4        9.17296        9.63211        2.93183e-09    0.000170179    8.11697e-07    0              0              0              inf            
6.64769e-07    21729.8        9.20151        9.91112        3.02624e-09    0.000175061    8.14272e-07    0              0              0              inf            
6.6588e-07     21754.3        9.23002        10.1977        3.12161e-09    0.000175061    8.17988e-07    0              0              0              inf            
6.66991e-07    21778.6        9.2585         10.4924        3.14545e-09    0.000175061    8.19342e-07    0              0              0              inf            
6.681e-07      21803          9.28441        10.7678        3.29015e-09    0.00018356     8.19819e-07    0              0              0              inf            
6.69208e-07    21827.2        9.31272        11.077         3.33784e-09    0.00018356     8.20201e-07    0              0              0              inf            
6.70314e-07    21851.5        9.34134        11.3987        3.38552e-09    0.00018356     8.24298e-07    0              0              0              inf            
6.7142e-07     21875.6        9.36993        11.7293        3.4332e-09     0.00018356     8.25557e-07    0              0              0              inf            
6.72524e-07    21899.7        9.39848        12.069         3.55146e-09    0.000188443    8.27274e-07    0              0              0              inf            
6.73627e-07    21923.8        9.4397         12.577         3.59914e-09    0.000188443    8.28895e-07    0              0              0              inf            
6.74729e-07    21947.8        9.46759        12.9327        3.59914e-09    0.000188443    8.33659e-07    0              0              0              inf            
6.75829e-07    21971.8        9.49543        13.2978        3.64683e-09    0.000188443    8.34251e-07    0              0              0              inf            
6.76929e-07    21995.7        9.52326        13.6731        3.7174e-09     0.000193326    8.35493e-07    0              0              0              inf            
6.78027e-07    22019.6        9.55107        14.0587        3.81277e-09    0.000193326    8.37114e-07    0              0              0              inf            
6.79124e-07    22043.4        9.57885        14.4547        3.83661e-09    0.000193326    8.41593e-07    0              0              0              inf            
6.80219e-07    22067.2        9.60664        14.8622        3.97871e-09    0.000198208    8.43921e-07    0              0              0              inf            
6.81314e-07    22090.9        9.63446        15.2815        4.09791e-09    0.000198208    8.44493e-07    0              0              0              inf            
6.82408e-07    22114.6        9.66224        15.7119        4.16944e-09    0.000198208    8.45351e-07    0              0              0              inf            
6.835e-07      22138.2        9.68999        16.1541        4.28865e-09    0.000198208    8.46877e-07    0              0              0              inf            
6.84591e-07    22161.8        9.71775        16.6088        4.40628e-09    0.000204904    8.47354e-07    0              0              0              inf            
6.85681e-07    22185.4        9.74556        17.0772        4.45396e-09    0.000204904    8.54022e-07    0              0              0              inf            
6.8677e-07     22208.9        9.77335        17.5584        4.52549e-09    0.000204904    8.56636e-07    0              0              0              inf            
6.87857e-07    22232.3        9.80114        18.0534        4.62086e-09    0.000204904    8.57399e-07    0              0              0              inf            
6.88944e-07    22255.7        9.82892        18.5618        4.71527e-09    0.000209786    8.57876e-07    0              0              0              inf            
6.90029e-07    22279          9.85667        19.0843        4.81064e-09    0.000209786    8.58734e-07    0              0              0              inf            
6.91113e-07    22302.4        9.88442        19.6212        4.82574e-09    0.000215084    8.59497e-07    0              0              0              inf            
6.92197e-07    22325.6        9.91203        20.1705        4.92111e-09    0.000215084    8.60355e-07    0              0              0              inf            
6.93279e-07    22348.8        9.9396         20.7344        4.99168e-09    0.000219967    8.61977e-07    0              0              0              inf            
6.94359e-07    22372          9.96722        21.315         5.03937e-09    0.000219967    8.67596e-07    0              0              0              inf            
6.95439e-07    22395.1        9.99487        21.9127        5.15857e-09    0.000219967    8.71068e-07    0              0              0              inf            
6.96518e-07    22418.2        10.0225        22.5267        5.25299e-09    0.00022485     8.72405e-07    0              0              0              inf            
6.97595e-07    22441.2        10.0501        23.1574        5.27683e-09    0.00022485     8.74408e-07    0              0              0              inf            
6.98672e-07    22464.2        10.0777        23.8048        5.39604e-09    0.00022485     8.75934e-07    0              0              0              inf            
6.99747e-07    22487.1        10.1052        24.4691        5.56873e-09    0.00023004     8.77078e-07    1.38605e-08    0              1.48891e-17    inf            
7.00821e-07    22510          10.1327        25.1509        5.66314e-09    0.000234922    8.77937e-07    3.63313e-06    1.9984e-15     3.89878e-15    5.21347e-09    
7.01894e-07    22532.9        10.1601        25.8512        5.73467e-09    0.000234922    8.79177e-07    3.59466e-06    5.88418e-15    3.85359e-15    4.66126e-07    
7.02966e-07    22555.7        10.1876        26.5711        5.80619e-09    0.000234922    8.80321e-07    3.55659e-06    9.65894e-15    3.80893e-15    5.63993e-07    
7.04037e-07    22578.4        10.2151        27.3104        5.85292e-09    0.000239805    8.88287e-07    3.51892e-06    1.34337e-14    3.76479e-15    6.04832e-07    
7.05107e-07    22601.2        10.2425        28.0698        5.90061e-09    0.000239805    8.8905e-07     3.48164e-06    1.72085e-14    3.72117e-15    6.26185e-07    
7.06176e-07    22623.8        10.2699        28.851         6.04366e-09    0.000239805    8.89813e-07    3.44476e-06    2.08722e-14    3.67806e-15    6.41979e-07    
7.07244e-07    22646.5        10.2973        29.6525        6.13917e-09    0.000240797    8.91339e-07    1.04528e-05    2.83107e-14    1.11496e-14    5.65047e-07    
7.0831e-07     22669          10.3247        30.4745        6.35279e-09    0.000245679    8.92579e-07    1.03422e-05    3.94129e-14    1.10207e-14    6.05953e-07    
7.09376e-07    22691.6        10.352         31.3181        6.40048e-09    0.000245679    8.93342e-07    1.02328e-05    5.04041e-14    1.08932e-14    6.28687e-07    
7.1044e-07     22714.1        10.3792        32.1836        6.42432e-09    0.000245679    8.94582e-07    1.01245e-05    6.11733e-14    1.07673e-14    6.44331e-07    
7.11504e-07    22736.5        10.4065        33.0722        6.56737e-09    0.000245679    8.94963e-07    1.9804e-05     7.71605e-14    2.10405e-14    6.09967e-07    
7.12566e-07    22758.9        10.4337        33.9855        6.63794e-09    0.000250562    9.02013e-07    1.95945e-05    9.80327e-14    2.07975e-14    6.32807e-07    
7.13628e-07    22781.3        10.461         34.924         6.70947e-09    0.000250562    9.03959e-07    1.95415e-05    1.18794e-13    2.07209e-14    6.46964e-07    
7.14688e-07    22803.6        10.4882        35.8876        6.73331e-09    0.000250562    9.05104e-07    1.93348e-05    1.39444e-13    2.04816e-14    6.57198e-07    
7.15747e-07    22825.9        10.5154        36.8763        6.97077e-09    0.000255445    9.05583e-07    1.91302e-05    1.59872e-13    2.02451e-14    6.64784e-07    
7.16806e-07    22848.2        10.5425        37.8905        7.08998e-09    0.000255445    9.06441e-07    1.89277e-05    1.79967e-13    2.00114e-14    6.71071e-07    
7.17863e-07    22870.4        10.5696        38.931         7.18535e-09    0.000255445    9.07967e-07    1.87274e-05    1.9984e-13     1.97804e-14    6.76116e-07    
7.18919e-07    22892.5        10.5966        39.9982        7.25688e-09    0.000255445    9.09874e-07    0.00545912     3.09275e-12    5.76051e-12    4.8279e-08     
7.19974e-07    22914.6        10.6236        41.0933        7.37513e-09    0.000260328    9.11019e-07    0.00540122     8.82272e-12    5.69391e-12    4.86319e-07    
7.21029e-07    22936.7        10.6507        42.2199        7.42281e-09    0.000260328    9.13307e-07    0.0330545      2.90926e-11    3.48123e-11    2.88394e-07    
7.22082e-07    22958.8        10.6777        43.3777        7.51818e-09    0.000260328    9.2154e-07     0.0327039      6.37203e-11    3.441e-11      5.25591e-07    
7.23134e-07    22980.7        10.7047        44.5659        7.61355e-09    0.000260328    9.23066e-07    0.076626       1.21237e-10    8.05464e-11    4.81187e-07    
7.24185e-07    23002.7        10.7318        45.7858        7.75334e-09    0.000269322    9.23829e-07    0.0758153      2.01357e-10    7.96182e-11    5.78988e-07    
7.25235e-07    23024.6        10.7587        47.0383        7.82486e-09    0.000269322    9.24974e-07    0.075013       2.80554e-10    7.87008e-11    6.21063e-07    
7.26284e-07    23046.5        10.7857        48.3241        7.89639e-09    0.000269322    9.265e-07      0.0742192      3.58839e-10    7.77942e-11    6.44631e-07    
7.27333e-07    23068.3        10.8126        49.6438        8.01464e-09    0.000274205    9.265e-07      0.0734337      4.36221e-10    7.68981e-11    6.59801e-07    
7.2838e-07     23090.1        10.8396        50.9979        8.13385e-09    0.000274205    9.28045e-07    0.0726565      5.12712e-10    7.60125e-11    6.70453e-07    
7.29426e-07    23111.8        10.8665        52.3882        8.20538e-09    0.000274205    9.28045e-07    0.0718874      5.88323e-10    7.51372e-11    6.78396e-07    
7.30471e-07    23133.5        10.8933        53.8145        8.2769e-09     0.000274205    9.28808e-07    0.0711264      6.63062e-10    7.42721e-11    6.84585e-07    
7.31515e-07    23155.2        10.9201        55.2779        8.39516e-09    0.000279087    9.37041e-07    0.0999157      7.52366e-10    1.04237e-10    6.75438e-07    
7.32559e-07    23176.8        10.947         56.7797        8.46668e-09    0.000279087    9.38185e-07    0.0988541      8.56049e-10    1.03033e-10    6.82703e-07    
7.33601e-07    23198.4        10.9737        58.3217        8.60974e-09    0.000279087    9.38948e-07    0.0977998      9.58533e-10    1.0184e-10     6.88454e-07    
7.34642e-07    23220          11.0005        59.904         8.75183e-09    0.00028397     9.40093e-07    0.100438       1.06175e-09    1.0449e-10     6.91894e-07    
7.35683e-07    23241.5        11.0272        61.5266        8.91873e-09    0.00028397     9.41335e-07    0.145547       1.1897e-09     1.51279e-10    6.82002e-07    
7.36722e-07    23263          11.0539        63.1908        9.02924e-09    0.000289002    9.42861e-07    0.144          1.34018e-09    1.49533e-10    6.88471e-07    
7.3776e-07     23284.4        11.0806        64.8979        9.17229e-09    0.000289002    9.43624e-07    0.142468       1.48891e-09    1.47807e-10    6.93684e-07    
7.38798e-07    23305.8        11.1073        66.6519        9.26671e-09    0.000293885    9.44387e-07    0.140954       1.63593e-09    1.46101e-10    6.98e-07       
7.39834e-07    23327.1        11.1306        68.226         9.36207e-09    0.000293885    9.45531e-07    0.139455       1.78126e-09    1.44415e-10    7.0165e-07     
7.4087e-07     23348.4        11.157         70.0529        9.50513e-09    0.000293885    9.5529e-07     0.137972       1.92491e-09    1.42749e-10    7.04795e-07    
7.41905e-07    23369.7        11.1839        71.9586        9.55281e-09    0.000293885    9.56816e-07    0.136504       2.0669e-09     1.41103e-10    7.07545e-07    
7.42938e-07    23390.9        11.2108        73.9203        9.64722e-09    0.000298767    9.57579e-07    0.165288       2.22288e-09    1.70701e-10    7.04991e-07    
7.43971e-07    23412.1        11.2562        77.3607        9.76643e-09    0.000298767    9.58342e-07    0.163486       2.39265e-09    1.68687e-10    7.07973e-07    
7.45003e-07    23433.3        11.2825        79.416         9.83796e-09    0.000298767    9.59486e-07    0.161706       2.56041e-09    1.667e-10      7.10598e-07    
7.46034e-07    23454.4        11.3087        81.5241        9.93237e-09    0.00030365     9.60249e-07    0.159943       2.72621e-09    1.64734e-10    7.12939e-07    
7.47064e-07    23475.5        11.3349        83.6872        1.00516e-08    0.00030365     9.61393e-07    0.158199       2.89004e-09    1.62792e-10    7.15047e-07    
7.48093e-07    23496.6        11.361         85.9043        1.01231e-08    0.00030365     9.62156e-07    0.156474       3.05195e-09    1.60873e-10    7.16962e-07    
7.49121e-07    23517.6        11.3871        88.1771        1.01708e-08    0.00030365     9.63682e-07    0.154768       3.21194e-09    1.58977e-10    7.18717e-07    
7.50148e-07    23538.5        11.4132        90.5067        1.02274e-08    0.000313509    9.72297e-07    0.197258       3.39274e-09    2.02442e-10    7.15519e-07    
7.51174e-07    23559.5        11.4393        92.8988        1.03466e-08    0.000313509    9.73441e-07    0.195095       3.59408e-09    2.00045e-10    7.17691e-07    
7.522e-07      23580.4        11.4654        95.361         1.06088e-08    0.000313509    9.74986e-07    0.192956       3.79302e-09    1.97676e-10    7.19664e-07    
7.53224e-07    23601.2        11.4916        97.8872        1.0728e-08     0.000313509    9.74986e-07    0.212928       4.00093e-09    2.17944e-10    7.19431e-07    
7.54248e-07    23622          11.5177        100.475        1.09417e-08    0.000318392    9.75847e-07    0.211808       4.2183e-09     2.16606e-10    7.21275e-07    
7.5527e-07     23642.8        11.5438        103.131        1.10609e-08    0.000318392    9.76992e-07    0.209496       4.43373e-09    2.14055e-10    7.23078e-07    
7.56292e-07    23663.6        11.5698        105.853        1.12039e-08    0.000318392    9.78517e-07    0.209899       4.64799e-09    2.14279e-10    7.24529e-07    
7.57313e-07    23684.3        11.5958        108.639        1.12745e-08    0.000323274    9.7928e-07     0.221027       4.86794e-09    2.25441e-10    7.25082e-07    
7.58333e-07    23705          11.6217        111.494        1.14652e-08    0.000323274    9.80043e-07    0.218589       5.09214e-09    2.22761e-10    7.26686e-07    
7.59352e-07    23725.6        11.6477        114.423        1.15368e-08    0.000323274    9.8633e-07     0.216178       5.31368e-09    2.20113e-10    7.2818e-07     
7.6037e-07     23746.2        11.6736        117.432        1.15844e-08    0.000323274    9.89802e-07    0.213794       5.53257e-09    2.17496e-10    7.2958e-07     
7.61388e-07    23766.8        11.6996        120.525        1.16312e-08    0.000328157    9.90184e-07    0.211436       5.74887e-09    2.14911e-10    7.30897e-07    
7.62404e-07    23787.3        11.7256        123.696        1.17742e-08    0.000328157    9.90947e-07    0.209103       5.9626e-09     2.12357e-10    7.32142e-07    
7.6342e-07     23807.8        11.7516        126.95         1.19173e-08    0.000328157    9.9171e-07     0.220596       6.18079e-09    2.23836e-10    7.3249e-07     
7.64434e-07    23828.2        11.7775        130.289        1.20365e-08    0.000328157    9.93998e-07    0.218156       6.40339e-09    2.2117e-10     7.33713e-07    
7.65448e-07    23848.7        11.8034        133.711        1.21367e-08    0.000337974    9.95906e-07    0.215742       6.62333e-09    2.18536e-10    7.34874e-07    
7.66461e-07    23869          11.8293        137.214        1.22559e-08    0.000337974    9.97432e-07    0.213357       6.84066e-09    2.15935e-10    7.35981e-07    
7.67473e-07    23889.4        11.8551        140.803        1.23989e-08    0.000337974    9.99339e-07    0.210996       7.0554e-09     2.13364e-10    7.37038e-07    
7.68484e-07    23909.7        11.8809        144.482        1.24457e-08    0.000342857    9.99339e-07    0.208661       7.26759e-09    2.10824e-10    7.38052e-07    
7.69495e-07    23930          11.9067        148.251        1.2541e-08     0.000342857    1.00757e-06    0.206353       7.47724e-09    2.08315e-10    7.39025e-07    
7.70504e-07    23950.2        11.9324        152.115        1.26841e-08    0.000342857    1.00872e-06    0.204069       7.68441e-09    2.05836e-10    7.39962e-07    
7.71513e-07    23970.5        11.9581        156.078        1.28033e-08    0.000342857    1.00948e-06    0.212577       7.89453e-09    2.14237e-10    7.40356e-07    
7.72521e-07    23990.6        11.9838        160.139        1.29454e-08    0.00034774     1.01024e-06    0.224828       8.11494e-09    2.26393e-10    7.40615e-07    
7.73528e-07    24010.8        12.0095        164.302        1.30646e-08    0.00034774     1.01148e-06    0.238966       8.34846e-09    2.40428e-10    7.40849e-07    
7.74534e-07    24030.9        12.0351        168.568        1.32792e-08    0.00034774     1.01263e-06    0.238183       8.58849e-09    2.3944e-10     7.41798e-07    
7.75539e-07    24051          12.0606        172.928        1.34461e-08    0.00034774     1.01377e-06    0.23556        8.82661e-09    2.36606e-10    7.42796e-07    
7.76543e-07    24071          12.0861        177.396        1.35643e-08    0.000352622    1.01494e-06    0.232968       9.06192e-09    2.33808e-10    7.43758e-07    
7.77547e-07    24091          12.1116        181.977        1.36597e-08    0.000352622    1.01646e-06    0.240957       9.29973e-09    2.41625e-10    7.44262e-07    
7.7855e-07     24111          12.1371        186.674        1.38028e-08    0.000352622    1.01761e-06    0.238304       9.54003e-09    2.38767e-10    7.45209e-07    
7.79552e-07    24130.9        12.1626        191.493        1.38972e-08    0.000357505    1.02622e-06    0.247613       9.78346e-09    2.47889e-10    7.45667e-07    
7.80553e-07    24150.8        12.1881        196.432        1.40164e-08    0.000357505    1.02737e-06    0.244866       1.003e-08      2.44937e-10    7.46607e-07    
7.81553e-07    24170.7        12.2135        201.49         1.40431e-08    0.00036241     1.02775e-06    0.242149       1.02735e-08    2.42149e-10    7.47515e-07    
7.82553e-07    24190.5        12.2389        206.676        1.42815e-08    0.00036241     1.02775e-06    0.239456       1.05144e-08    2.39456e-10    7.48394e-07    
7.83553e-07    24210.3        12.2643        212            1.44236e-08    0.000367293    1.02966e-06    0.236783       1.07525e-08    2.36783e-10    7.49248e-07    
7.84553e-07    24230.2        12.2898        217.466        1.45429e-08    0.000367293    1.0308e-06     0.234134       1.09879e-08    2.34134e-10    7.50078e-07    
7.85553e-07    24249.9        12.3153        223.074        1.46144e-08    0.000367293    1.0308e-06     0.23151        1.12208e-08    2.3151e-10     7.50885e-07    
7.86553e-07    24269.7        12.3407        228.823        1.47336e-08    0.000367293    1.03156e-06    0.245166       1.14591e-08    2.45166e-10    7.51138e-07    
7.87553e-07    24289.5        12.3661        234.718        1.48757e-08    0.000372176    1.03385e-06    0.242411       1.17029e-08    2.42411e-10    7.51968e-07    
7.88553e-07    24309.2        12.3916        240.761        1.49711e-08    0.000372176    1.0367e-06     0.240763       1.19445e-08    2.40763e-10    7.52742e-07    
7.89553e-07    24328.9        12.417         246.954        1.49949e-08    0.000372176    1.04399e-06    0.238047       1.21839e-08    2.38047e-10    7.53534e-07    
7.90553e-07    24348.7        12.4423        253.3          1.51379e-08    0.000372176    1.04399e-06    0.249787       1.24278e-08    2.49787e-10    7.53868e-07    
7.91553e-07    24368.3        12.4677        259.808        1.53039e-08    0.000377059    1.04523e-06    0.24697        1.26762e-08    2.4697e-10     7.54674e-07    
7.92553e-07    24388          12.4931        266.479        1.55185e-08    0.000377059    1.0479e-06     0.244183       1.29217e-08    2.44183e-10    7.55461e-07    
7.93553e-07    24407.7        12.5184        273.331        1.56138e-08    0.000377059    1.04981e-06    0.249561       1.31686e-08    2.49561e-10    7.55994e-07    
7.94553e-07    24427.3        12.5439        280.369        1.58036e-08    0.000381941    1.05096e-06    0.246913       1.34169e-08    2.46913e-10    7.56767e-07    
7.95553e-07    24446.9        12.5693        287.595        1.58751e-08    0.000381941    1.0521e-06     0.244117       1.36624e-08    2.44117e-10    7.57528e-07    
7.96553e-07    24466.5        12.5948        295.006        1.59705e-08    0.000381941    1.05286e-06    0.241351       1.39051e-08    2.41351e-10    7.58271e-07    
7.97553e-07    24486.1        12.6203        302.628        1.60897e-08    0.000381941    1.05324e-06    0.238615       1.41451e-08    2.38615e-10    7.58997e-07    
7.98553e-07    24505.7        12.6459        310.482        1.63523e-08    0.000391712    1.05439e-06    0.242319       1.43856e-08    2.42319e-10    7.59539e-07    
7.99553e-07    24525.2        12.6715        318.545        1.64953e-08    0.000391712    1.06338e-06    0.250037       1.46317e-08    2.50037e-10    7.59985e-07    
8.00553e-07    24544.8        12.6971        326.812        1.6543e-08     0.000391712    1.06338e-06    0.247941       1.48807e-08    2.47941e-10    7.60703e-07    
8.01553e-07    24564.3        12.7228        335.295        1.67814e-08    0.000391712    1.06455e-06    0.245114       1.51272e-08    2.45114e-10    7.61427e-07    
8.02553e-07    24583.8        12.7484        344.007        1.69473e-08    0.000396595    1.06569e-06    0.242316       1.5371e-08     2.42316e-10    7.62137e-07    
8.03553e-07    24603.3        12.7741        352.947        1.6995e-08     0.000396595    1.06607e-06    0.239548       1.56119e-08    2.39548e-10    7.62831e-07    
8.04553e-07    24622.7        12.7997        362.117        1.70904e-08    0.000396595    1.0676e-06     0.23681        1.58501e-08    2.3681e-10     7.63513e-07    
8.05553e-07    24642.2        12.8254        371.517        1.72325e-08    0.000401478    1.06875e-06    0.2341         1.60855e-08    2.341e-10      7.64181e-07    
8.06553e-07    24661.6        12.851         381.158        1.73755e-08    0.000401478    1.06913e-06    0.236309       1.63207e-08    2.36309e-10    7.64723e-07    
8.07553e-07    24681          12.8766        391.045        1.74709e-08    0.000401478    1.07103e-06    0.233592       1.65557e-08    2.33592e-10    7.65383e-07    
8.08553e-07    24700.4        12.9022        401.185        1.75663e-08    0.000401478    1.07103e-06    0.238525       1.67917e-08    2.38525e-10    7.65857e-07    
8.09553e-07    24719.8        12.9278        411.583        1.76845e-08    0.000406361    1.07927e-06    0.235784       1.70289e-08    2.35784e-10    7.66517e-07    
8.10553e-07    24739.2        12.9533        422.246        1.77561e-08    0.000406361    1.08203e-06    0.251704       1.72726e-08    2.51704e-10    7.66751e-07    
8.11553e-07    24758.5        12.9789        433.172        1.7923e-08     0.000406361    1.08432e-06    0.248809       1.75229e-08    2.48809e-10    7.67444e-07    
8.12553e-07    24777.9        13.0044        444.371        1.80422e-08    0.000406361    1.08509e-06    0.245945       1.77703e-08    2.45945e-10    7.68123e-07    
8.13553e-07    24797.2        13.0299        455.85         1.83273e-08    0.000411243    1.08623e-06    0.243112       1.80148e-08    2.43112e-10    7.6879e-07     
8.14553e-07    24816.5        13.0554        467.615        1.84465e-08    0.000411243    1.08814e-06    0.251779       1.82622e-08    2.51779e-10    7.69203e-07    
8.15553e-07    24835.8        13.0809        479.686        1.86134e-08    0.000411243    1.08852e-06    0.248937       1.85126e-08    2.48937e-10    7.69879e-07    
8.16553e-07    24855          13.1064        492.071        1.87088e-08    0.000411243    1.08928e-06    0.246058       1.87601e-08    2.46058e-10    7.70544e-07    
8.17553e-07    24874.3        13.1319        504.777        1.88754e-08    0.000421009    1.09005e-06    0.243211       1.90047e-08    2.43211e-10    7.71198e-07    
8.18553e-07    24893.5        13.1573        517.798        1.89469e-08    0.000421009    1.09157e-06    0.240394       1.92465e-08    2.40394e-10    7.7184e-07     
8.19553e-07    24912.7        13.1828        531.146        1.91853e-08    0.000421009    1.09866e-06    0.237608       1.94855e-08    2.37608e-10    7.72471e-07    
8.20553e-07    24931.9        13.2082        544.833        1.93274e-08    0.000425892    1.10209e-06    0.234853       1.97218e-08    2.34853e-10    7.73093e-07    
8.21553e-07    24951.1        13.2337        558.9          1.94704e-08    0.000425892    1.10362e-06    0.232127       1.99553e-08    2.32127e-10    7.73704e-07    
8.22553e-07    24970.3        13.2592        573.346        1.96135e-08    0.000425892    1.10476e-06    0.229431       2.0186e-08     2.29431e-10    7.74306e-07    
8.23553e-07    24989.4        13.2848        588.164        1.97327e-08    0.000425892    1.10515e-06    0.235359       2.04184e-08    2.35359e-10    7.74736e-07    
8.24553e-07    25008.5        13.3103        603.367        1.99225e-08    0.000430775    1.10553e-06    0.23585        2.0654e-08     2.3585e-10     7.75283e-07    
8.25553e-07    25027.6        13.3358        618.952        2.00179e-08    0.000430775    1.10591e-06    0.233099       2.08885e-08    2.33099e-10    7.7589e-07     
8.26553e-07    25046.7        13.3613        634.935        2.01132e-08    0.000430775    1.10745e-06    0.230378       2.11203e-08    2.30378e-10    7.76488e-07    
8.27553e-07    25065.8        13.3868        651.322        2.02324e-08    0.000430775    1.10822e-06    0.234034       2.13525e-08    2.34034e-10    7.76962e-07    
8.28553e-07    25084.9        13.4122        668.121        2.04222e-08    0.000435658    1.10822e-06    0.235643       2.15873e-08    2.35643e-10    7.77481e-07    
8.29553e-07    25103.9        13.4377        685.343        2.05176e-08    0.000435658    1.11422e-06    0.23289        2.18216e-08    2.3289e-10     7.78082e-07    
8.30553e-07    25123          13.4631        702.997        2.06129e-08    0.000435658    1.1196e-06     0.236376       2.20562e-08    2.36376e-10    7.78564e-07    
8.31553e-07    25142          13.4885        721.095        2.08027e-08    0.00044054     1.11998e-06    0.234257       2.22915e-08    2.34257e-10    7.79152e-07    
8.32553e-07    25161          13.5096        736.472        2.09219e-08    0.00044054     1.12074e-06    0.231516       2.25244e-08    2.31516e-10    7.79745e-07    
8.33553e-07    25179.9        13.5347        755.208        2.1065e-08     0.00044054     1.1238e-06     0.230768       2.27555e-08    2.30768e-10    7.80295e-07    
8.34553e-07    25198.9        13.5605        774.89         2.11842e-08    0.00044054     1.12532e-06    0.233085       2.29875e-08    2.33084e-10    7.8079e-07     
8.35553e-07    25217.9        13.5862        795.088        2.14455e-08    0.000445423    1.12647e-06    0.230348       2.32192e-08    2.30348e-10    7.81376e-07    
8.36553e-07    25236.8        13.6119        815.796        2.15414e-08    0.000450306    1.12837e-06    0.227641       2.34482e-08    2.27641e-10    7.81953e-07    
8.37553e-07    25255.7        13.6615        857.237        2.17083e-08    0.000450306    1.12875e-06    0.231737       2.36779e-08    2.31737e-10    7.8241e-07     
8.38553e-07    25274.6        13.6865        878.959        2.18037e-08    0.000450306    1.13028e-06    0.229008       2.39082e-08    2.29008e-10    7.8299e-07     
8.39553e-07    25293.5        13.7115        901.217        2.20412e-08    0.000455189    1.13181e-06    0.226309       2.41359e-08    2.26309e-10    7.83561e-07    
8.40553e-07    25312.3        13.7365        924.031        2.20889e-08    0.000455189    1.1408e-06     0.223641       2.43609e-08    2.23641e-10    7.84124e-07    
8.41553e-07    25331.2        13.7615        947.442        2.23273e-08    0.000455189    1.14156e-06    0.223045       2.45842e-08    2.23045e-10    7.84646e-07    
8.42553e-07    25350          13.7865        971.421        2.24217e-08    0.000460072    1.14195e-06    0.220407       2.48059e-08    2.20407e-10    7.852e-07      
8.43553e-07    25368.8        13.8115        995.983        2.26124e-08    0.000460072    1.14309e-06    0.217799       2.5025e-08     2.17799e-10    7.85746e-07    
8.44553e-07    25387.6        13.8365        1021.2         2.27793e-08    0.000460072    1.14347e-06    0.21522        2.52416e-08    2.1522e-10     7.86285e-07    
8.45553e-07    25406.4        13.8615        1047.05        2.29462e-08    0.000460072    1.14347e-06    0.21267        2.54555e-08    2.1267e-10     7.86817e-07    
8.46553e-07    25425.2        13.8865        1073.58        2.3136e-08     0.000464954    1.14576e-06    0.214974       2.56693e-08    2.14974e-10    7.87268e-07    
8.47553e-07    25443.9        13.9115        1100.79        2.33029e-08    0.000464954    1.14691e-06    0.220181       2.58869e-08    2.20181e-10    7.87681e-07    
8.48553e-07    25462.7        13.9366        1128.69        2.33744e-08    0.000464954    1.14891e-06    0.222709       2.61083e-08    2.22709e-10    7.88148e-07    
8.49553e-07    25481.4        13.9616        1157.26        2.34936e-08    0.000464954    1.14967e-06    0.222273       2.63308e-08    2.22273e-10    7.88666e-07    
8.50553e-07    25500.1        13.9865        1186.51        2.36834e-08    0.000469837    1.1512e-06     0.219631       2.65518e-08    2.19631e-10    7.89214e-07    
8.51553e-07    25518.7        14.0115        1216.48        2.37788e-08    0.000469837    1.15945e-06    0.217019       2.67701e-08    2.17019e-10    7.89756e-07    
8.52553e-07    25537.4        14.0364        1247.18        2.39457e-08    0.000469837    1.16021e-06    0.220053       2.69886e-08    2.20053e-10    7.90209e-07    
8.53553e-07    25556.1        14.0613        1278.63        2.40654e-08    0.00047472     1.16212e-06    0.217433       2.72074e-08    2.17433e-10    7.90751e-07    
8.54553e-07    25574.7        14.0862        1310.88        2.4136e-08     0.000479603    1.1625e-06     0.214842       2.74235e-08    2.14842e-10    7.91286e-07    
8.55553e-07    25593.3        14.1111        1343.96        2.42791e-08    0.000479603    1.16365e-06    0.212281       2.76371e-08    2.12281e-10    7.91815e-07    
8.56553e-07    25611.9        14.1361        1377.95        2.4446e-08     0.000479603    1.16517e-06    0.209811       2.78481e-08    2.09811e-10    7.92336e-07    
8.57553e-07    25630.5        14.1611        1412.86        2.46119e-08    0.000484486    1.1667e-06     0.207306       2.80567e-08    2.07306e-10    7.92851e-07    
8.58553e-07    25649.1        14.1862        1448.71        2.47311e-08    0.000484486    1.16784e-06    0.20483        2.82628e-08    2.0483e-10     7.93361e-07    
8.59553e-07    25667.6        14.2113        1485.52        2.49457e-08    0.000484486    1.16861e-06    0.204894       2.84676e-08    2.04894e-10    7.93829e-07    
8.60553e-07    25686.2        14.2364        1523.28        2.50887e-08    0.000484486    1.17051e-06    0.207639       2.86739e-08    2.07639e-10    7.94261e-07    
8.61553e-07    25704.7        14.2615        1561.97        2.52547e-08    0.000489369    1.17413e-06    0.205747       2.88806e-08    2.05747e-10    7.94763e-07    
8.62553e-07    25723.2        14.2865        1601.61        2.54931e-08    0.000489369    1.18104e-06    0.203279       2.90851e-08    2.03279e-10    7.95269e-07    
8.63553e-07    25741.7        14.3116        1642.2         2.566e-08      0.000489369    1.18256e-06    0.200838       2.92872e-08    2.00838e-10    7.9577e-07     
8.64553e-07    25760.1        14.3365        1683.75        2.58269e-08    0.000489369    1.18371e-06    0.198425       2.94868e-08    1.98425e-10    7.96264e-07    
8.65553e-07    25778.6        14.3615        1726.34        2.60405e-08    0.000494251    1.18371e-06    0.199248       2.96856e-08    1.99248e-10    7.96709e-07    
8.66553e-07    25797          14.3864        1769.93        2.6112e-08     0.000494251    1.18533e-06    0.200899       2.98857e-08    2.00899e-10    7.97146e-07    
8.67553e-07    25815.5        14.4114        1814.6         2.62551e-08    0.000494251    1.18724e-06    0.199699       3.0086e-08     1.99699e-10    7.97626e-07    
8.68553e-07    25833.9        14.4363        1860.4         2.64449e-08    0.000499134    1.188e-06      0.202422       3.02871e-08    2.02422e-10    7.98051e-07    
8.69553e-07    25852.3        14.4612        1907.34        2.66594e-08    0.000499134    1.18914e-06    0.199984       3.04883e-08    1.99984e-10    7.98551e-07    
8.70553e-07    25870.6        14.4861        1955.45        2.67792e-08    0.000504017    1.18991e-06    0.197573       3.0687e-08     1.97573e-10    7.99045e-07    
8.71553e-07    25889          14.511         2004.77        2.68269e-08    0.000504017    1.19143e-06    0.198502       3.08851e-08    1.98502e-10    7.9949e-07     
8.72553e-07    25907.3        14.5359        2055.32        2.70644e-08    0.0005089      1.19505e-06    0.196105       3.10824e-08    1.96105e-10    7.99981e-07    
8.73553e-07    25925.6        14.5608        2107.14        2.72074e-08    0.0005089      1.20081e-06    0.193735       3.12773e-08    1.93735e-10    8.00467e-07    
8.74553e-07    25944          14.5857        2160.18        2.73266e-08    0.0005089      1.20119e-06    0.191392       3.14699e-08    1.91392e-10    8.00946e-07    
8.75553e-07    25962.3        14.6105        2214.52        2.7422e-08     0.0005089      1.20272e-06    0.193468       3.16623e-08    1.93468e-10    8.01365e-07    
8.76553e-07    25980.5        14.6354        2270.17        2.75879e-08    0.000513783    1.20465e-06    0.19243        3.18552e-08    1.9243e-10     8.01829e-07    
8.77553e-07    25998.8        14.6602        2327.19        2.77787e-08    0.000513783    1.20541e-06    0.190096       3.20465e-08    1.90096e-10    8.02307e-07    
8.78553e-07    26017          14.685         2385.6         2.7874e-08     0.000513783    1.20617e-06    0.187788       3.22354e-08    1.87788e-10    8.02779e-07    
8.79553e-07    26035.3        14.7097        2445.44        2.79456e-08    0.000513783    1.20732e-06    0.185507       3.24221e-08    1.85507e-10    8.03246e-07    
8.80553e-07    26053.5        14.7345        2506.76        2.8183e-08     0.000518665    1.20846e-06    0.183252       3.26065e-08    1.83252e-10    8.03708e-07    
8.81553e-07    26071.7        14.7593        2569.58        2.83261e-08    0.000518665    1.20922e-06    0.181024       3.27886e-08    1.81024e-10    8.04165e-07    
8.82553e-07    26089.9        14.784         2633.95        2.8493e-08     0.000518665    1.2096e-06     0.178822       3.29685e-08    1.78822e-10    8.04617e-07    
8.83553e-07    26108          14.8087        2699.91        2.86589e-08    0.000523548    1.20999e-06    0.176649       3.31463e-08    1.76649e-10    8.05063e-07    
8.84553e-07    26126.2        14.8334        2767.47        2.88735e-08    0.000523548    1.2186e-06     0.181206       3.33252e-08    1.81206e-10    8.05424e-07    
8.85553e-07    26144.3        14.8582        2836.71        2.90881e-08    0.000523548    1.21984e-06    0.180499       3.35061e-08    1.80499e-10    8.05861e-07    
8.86553e-07    26162.4        14.8829        2907.74        2.92317e-08    0.000528431    1.22099e-06    0.183547       3.36881e-08    1.83547e-10    8.06251e-07    
8.87553e-07    26180.5        14.9077        2980.66        2.94453e-08    0.000533314    1.22213e-06    0.181309       3.38705e-08    1.81309e-10    8.06713e-07    
8.88553e-07    26198.6        14.9324        3055.44        2.96122e-08    0.000533314    1.22404e-06    0.179281       3.40508e-08    1.79281e-10    8.07168e-07    
8.89553e-07    26216.7        14.9572        3132.1         2.98506e-08    0.000533314    1.22633e-06    0.177092       3.4229e-08     1.77092e-10    8.0762e-07     
8.90553e-07    26234.7        14.982         3210.75        2.99937e-08    0.000533314    1.22633e-06    0.174927       3.4405e-08     1.74927e-10    8.08067e-07    
8.91553e-07    26252.8        15.0068        3291.3         3.00881e-08    0.000538197    1.22785e-06    0.176641       3.45808e-08    1.76641e-10    8.08464e-07    
8.92553e-07    26270.8        15.0316        3373.85        3.02788e-08    0.000538197    1.23052e-06    0.174479       3.47563e-08    1.74479e-10    8.08912e-07    
8.93553e-07    26288.8        15.0564        3458.52        3.04457e-08    0.000538197    1.23243e-06    0.172343       3.49297e-08    1.72343e-10    8.09354e-07    
8.94553e-07    26306.8        15.0812        3545.4         3.05411e-08    0.000538197    1.23358e-06    0.170232       3.5101e-08     1.70232e-10    8.09792e-07    
8.95553e-07    26324.8        15.106         3634.42        3.07547e-08    0.000543079    1.2441e-06     0.168646       3.52705e-08    1.68646e-10    8.10219e-07    
8.96553e-07    26342.7        15.1307        3725.55        3.08978e-08    0.000543079    1.246e-06      0.168323       3.5439e-08     1.68323e-10    8.10629e-07    
8.97553e-07    26360.7        15.1555        3819           3.09693e-08    0.000543079    1.24753e-06    0.166255       3.56062e-08    1.66255e-10    8.11059e-07    
8.98553e-07    26378.6        15.1803        3914.74        3.12067e-08    0.000547962    1.24791e-06    0.167429       3.57731e-08    1.67429e-10    8.11447e-07    
8.99553e-07    26396.5        15.205         4012.84        3.13736e-08    0.000547962    1.24791e-06    0.165369       3.59395e-08    1.65369e-10    8.11876e-07    
9.00553e-07    26414.4        15.2297        4113.33        3.14452e-08    0.000547962    1.24944e-06    0.163333       3.61038e-08    1.63333e-10    8.12301e-07    
9.01553e-07    26432.3        15.2545        4216.3         3.15644e-08    0.000547962    1.24946e-06    0.161321       3.62662e-08    1.61321e-10    8.12721e-07    
9.02553e-07    26450.2        15.2792        4321.84        3.18739e-08    0.000557728    1.25251e-06    0.160094       3.64269e-08    1.60094e-10    8.13128e-07    
9.03553e-07    26468          15.3039        4429.96        3.19931e-08    0.000557728    1.25375e-06    0.158118       3.6586e-08     1.58118e-10    8.13541e-07    
9.04553e-07    26485.8        15.3286        4540.82        3.216e-08      0.000557728    1.25566e-06    0.158803       3.67444e-08    1.58803e-10    8.13921e-07    
9.05553e-07    26503.7        15.3533        4654.41        3.22554e-08    0.000557728    1.25795e-06    0.159041       3.69034e-08    1.59041e-10    8.14308e-07    
9.06553e-07    26521.5        15.378         4770.8         3.23975e-08    0.000562611    1.26385e-06    0.157076       3.70614e-08    1.57076e-10    8.14722e-07    
9.07553e-07    26539.3        15.4027        4890.07        3.25882e-08    0.000562611    1.26847e-06    0.157868       3.72189e-08    1.57868e-10    8.151e-07      
9.08553e-07    26557          15.4274        5012.33        3.27313e-08    0.000562611    1.26885e-06    0.159016       3.73773e-08    1.59016e-10    8.15478e-07    
9.09553e-07    26574.8        15.4521        5137.76        3.2922e-08     0.000562611    1.26885e-06    0.157048       3.75354e-08    1.57048e-10    8.15894e-07    
9.10553e-07    26592.5        15.4769        5266.47        3.30403e-08    0.000567494    1.27076e-06    0.155104       3.76914e-08    1.55104e-10    8.16305e-07    
9.11553e-07    26610.2        15.5016        5398.43        3.33741e-08    0.000567494    1.27152e-06    0.154053       3.7846e-08     1.54053e-10    8.16703e-07    
9.12553e-07    26628          15.5264        5533.63        3.34456e-08    0.000567494    1.27267e-06    0.152147       3.79991e-08    1.52147e-10    8.17108e-07    
9.13553e-07    26645.6        15.5511        5672.11        3.35877e-08    0.000572376    1.27419e-06    0.153147       3.81518e-08    1.53147e-10    8.17478e-07    
9.14553e-07    26663.3        15.5758        5813.95        3.37784e-08    0.000572376    1.27457e-06    0.151244       3.8304e-08     1.51244e-10    8.17882e-07    
9.15553e-07    26681          15.6005        5959.27        3.40884e-08    0.000572376    1.27648e-06    0.149364       3.84543e-08    1.49364e-10    8.18283e-07    
9.16553e-07    26698.6        15.6251        6108.1         3.41837e-08    0.000572376    1.27801e-06    0.147563       3.86027e-08    1.47563e-10    8.18678e-07    
9.17553e-07    26716.3        15.6498        6260.56        3.44218e-08    0.000582142    1.27915e-06    0.145726       3.87494e-08    1.45726e-10    8.1907e-07     
9.18553e-07    26733.9        15.6744        6416.69        3.45887e-08    0.000582142    1.28738e-06    0.143911       3.88942e-08    1.43911e-10    8.19458e-07    
9.19553e-07    26751.5        15.699         6576.61        3.48509e-08    0.000582142    1.28776e-06    0.142118       3.90372e-08    1.42118e-10    8.19842e-07    
9.20553e-07    26769.1        15.7236        6740.47        3.48986e-08    0.000582142    1.28929e-06    0.140346       3.91784e-08    1.40346e-10    8.20223e-07    
9.21553e-07    26786.6        15.7482        6908.3         3.50645e-08    0.000587025    1.29082e-06    0.138595       3.93179e-08    1.38595e-10    8.20599e-07    
9.22553e-07    26804.2        15.7728        7080.15        3.51838e-08    0.000587025    1.29196e-06    0.140231       3.94573e-08    1.40231e-10    8.20937e-07    
9.23553e-07    26821.7        15.7974        7256.1         3.53506e-08    0.000587025    1.29272e-06    0.138478       3.95967e-08    1.38478e-10    8.21315e-07    
9.24553e-07    26839.3        15.8219        7436.53        3.55175e-08    0.000587025    1.29349e-06    0.138749       3.97353e-08    1.38749e-10    8.21668e-07    
9.25553e-07    26856.8        15.8465        7621.55        3.56835e-08    0.000591908    1.29387e-06    0.139173       3.98743e-08    1.39173e-10    8.22022e-07    
9.26553e-07    26874.3        15.8711        7811.33        3.57788e-08    0.000591908    1.29427e-06    0.138861       4.00133e-08    1.38861e-10    8.22385e-07    
9.27553e-07    26891.7        15.8957        8006.03        3.59696e-08    0.000591908    1.29427e-06    0.137123       4.01513e-08    1.37123e-10    8.22763e-07    
9.28553e-07    26909.2        15.9203        8205.63        3.60888e-08    0.000591908    1.29503e-06    0.135405       4.02875e-08    1.35405e-10    8.23137e-07    
9.29553e-07    26926.6        15.945         8410.25        3.63263e-08    0.00059679     1.29541e-06    0.134063       4.04223e-08    1.34063e-10    8.23504e-07    
9.30553e-07    26944.1        15.9696        8620.02        3.64216e-08    0.00059679     1.3067e-06     0.135021       4.05568e-08    1.35021e-10    8.23845e-07    
9.31553e-07    26961.5        15.9942        8834.99        3.67316e-08    0.00059679     1.30708e-06    0.133326       4.0691e-08     1.33326e-10    8.24216e-07    
9.32553e-07    26978.9        16.0189        9055.34        3.68498e-08    0.000601673    1.30861e-06    0.131652       4.08235e-08    1.31652e-10    8.24584e-07    
9.33553e-07    26996.3        16.0435        9280.99        3.71127e-08    0.000606556    1.31013e-06    0.129999       4.09543e-08    1.29999e-10    8.24947e-07    
9.34553e-07    27013.6        16.0681        9512.07        3.7208e-08     0.000606556    1.31262e-06    0.129515       4.1084e-08     1.29515e-10    8.25296e-07    
9.35553e-07    27031          16.0927        9748.83        3.73511e-08    0.000606556    1.31452e-06    0.127888       4.12127e-08    1.27888e-10    8.25656e-07    
9.36553e-07    27048.3        16.1172        9991.42        3.7517e-08     0.000611439    1.31529e-06    0.126281       4.13398e-08    1.26281e-10    8.26012e-07    
9.37553e-07    27065.7        16.1418        10240          3.77078e-08    0.000611439    1.31529e-06    0.126642       4.14663e-08    1.26642e-10    8.26345e-07    
9.38553e-07    27083          16.1664        10494.6        3.78985e-08    0.000611439    1.31796e-06    0.12561        4.15924e-08    1.2561e-10     8.26693e-07    
9.39553e-07    27100.3        16.1909        10755.6        3.81131e-08    0.000611439    1.32101e-06    0.124032       4.17172e-08    1.24032e-10    8.27046e-07    
9.40553e-07    27117.5        16.2155        11023          3.8279e-08     0.000616322    1.32139e-06    0.122475       4.18405e-08    1.22475e-10    8.27395e-07    
9.41553e-07    27134.8        16.2401        11297.1        3.85174e-08    0.000616322    1.32844e-06    0.120937       4.19622e-08    1.20937e-10    8.2774e-07     
9.42553e-07    27152.1        16.2646        11577.9        3.86843e-08    0.000616322    1.33382e-06    0.119419       4.20824e-08    1.19419e-10    8.28082e-07    
9.43553e-07    27169.3        16.2891        11865.5        3.87797e-08    0.000616322    1.33382e-06    0.11792        4.2201e-08     1.1792e-10     8.28421e-07    
9.44553e-07    27186.5        16.3137        12160          3.88979e-08    0.000621204    1.33496e-06    0.116458       4.23182e-08    1.16458e-10    8.28756e-07    
9.45553e-07    27203.7        16.3382        12461.7        3.91125e-08    0.000621204    1.33649e-06    0.118092       4.24355e-08    1.18092e-10    8.29058e-07    
9.46553e-07    27220.9        16.3627        12770.8        3.93271e-08    0.000621204    1.33992e-06    0.116612       4.25529e-08    1.16612e-10    8.29396e-07    
9.47553e-07    27238.1        16.3872        13087.3        3.95417e-08    0.000621204    1.34297e-06    0.118207       4.26703e-08    1.18207e-10    8.297e-07      
9.48553e-07    27255.2        16.4116        13411.6        3.96843e-08    0.00063097     1.34564e-06    0.118093       4.27884e-08    1.18093e-10    8.30027e-07    
9.49553e-07    27272.4        16.4361        13743.9        3.98274e-08    0.00063097     1.34603e-06    0.116612       4.29058e-08    1.16612e-10    8.30367e-07    
9.50553e-07    27289.5        16.4606        14084.2        3.99466e-08    0.00063097     1.34641e-06    0.115213       4.30217e-08    1.15213e-10    8.30704e-07    
9.51553e-07    27306.6        16.485         14432.9        4.02327e-08    0.00063097     1.34641e-06    0.113767       4.31362e-08    1.13767e-10    8.31038e-07    
9.52553e-07    27323.7        16.5095        14790          4.03986e-08    0.000635853    1.34717e-06    0.112338       4.32492e-08    1.12338e-10    8.31369e-07    
9.53553e-07    27340.8        16.5339        15155.9        4.06132e-08    0.000635853    1.34812e-06    0.112559       4.33617e-08    1.12559e-10    8.31681e-07    
9.54553e-07    27357.9        16.5583        15530.7        4.08039e-08    0.000635853    1.35922e-06    0.11136        4.34736e-08    1.1136e-10     8.32008e-07    
9.55553e-07    27374.9        16.5777        15834.6        4.09699e-08    0.000640736    1.36113e-06    0.10996        4.35843e-08    1.0996e-10     8.32334e-07    
9.56553e-07    27391.9        16.6018        16220.2        4.10891e-08    0.000640736    1.36113e-06    0.108725       4.36936e-08    1.08725e-10    8.32656e-07    
9.57553e-07    27409          16.6265        16625.6        4.13037e-08    0.000640736    1.36151e-06    0.107355       4.38017e-08    1.07355e-10    8.32977e-07    
9.58553e-07    27426          16.6511        17040.8        4.14706e-08    0.000640736    1.36265e-06    0.106003       4.39084e-08    1.06003e-10    8.33294e-07    
9.59553e-07    27443          16.6758        17466.1        4.1708e-08     0.000645619    1.36341e-06    0.105312       4.4014e-08     1.05312e-10    8.33602e-07    
9.60553e-07    27459.9        16.7004        17901.6        4.18749e-08    0.000645619    1.3638e-06     0.103983       4.41187e-08    1.03983e-10    8.33915e-07    
9.61553e-07    27476.9        16.7569        18942          4.19703e-08    0.000645619    1.36456e-06    0.103994       4.42227e-08    1.03994e-10    8.34213e-07    
9.62553e-07    27493.9        16.7807        19398.7        4.20895e-08    0.000645619    1.36532e-06    0.10268        4.4326e-08     1.0268e-10     8.34524e-07    
9.63553e-07    27510.8        16.8046        19866.9        4.23275e-08    0.000655384    1.3657e-06     0.101416       4.4428e-08     1.01416e-10    8.34832e-07    
9.64553e-07    27527.7        16.8284        20346.6        4.24944e-08    0.000655384    1.36799e-06    0.100133       4.45288e-08    1.00133e-10    8.35137e-07    
9.65553e-07    27544.6        16.8523        20838.3        4.26136e-08    0.000655384    1.37143e-06    0.0990961      4.46284e-08    9.90961e-11    8.35437e-07    
9.66553e-07    27561.5        16.8762        21342.8        4.26852e-08    0.000655384    1.3808e-06     0.0990858      4.47275e-08    9.90858e-11    8.35726e-07    
9.67553e-07    27578.4        16.9001        21859.6        4.29226e-08    0.000660267    1.3808e-06     0.100153       4.48271e-08    1.00153e-10    8.36005e-07    
9.68553e-07    27595.2        16.9241        22388.6        4.31134e-08    0.000660267    1.38118e-06    0.0988842      4.49267e-08    9.88842e-11    8.3631e-07     
9.69553e-07    27612.1        16.948         22929.9        4.32803e-08    0.000660267    1.38176e-06    0.0976318      4.50249e-08    9.76318e-11    8.36612e-07    
9.70553e-07    27628.9        16.9718        23483.9        4.34472e-08    0.000660267    1.38409e-06    0.0977441      4.51226e-08    9.77441e-11    8.36899e-07    
9.71553e-07    27645.7        16.9957        24050.9        4.37085e-08    0.00066515     1.38447e-06    0.0965041      4.52197e-08    9.65041e-11    8.37199e-07    
9.72553e-07    27662.5        17.0195        24630.7        4.3923e-08     0.00066515     1.38714e-06    0.0964304      4.53162e-08    9.64304e-11    8.37486e-07    
9.73553e-07    27679.3        17.0433        25223.5        4.40899e-08    0.00066515     1.38714e-06    0.0952056      4.5412e-08     9.52056e-11    8.37784e-07    
9.74553e-07    27696.1        17.0671        25830.2        4.43283e-08    0.00066515     1.38867e-06    0.0943023      4.55068e-08    9.43023e-11    8.38076e-07    
9.75553e-07    27712.8        17.0908        26451.3        4.45897e-08    0.000670033    1.39019e-06    0.0931027      4.56005e-08    9.31027e-11    8.38369e-07    
9.76553e-07    27729.6        17.1146        27088.2        4.47804e-08    0.000670033    1.39248e-06    0.0919178      4.5693e-08     9.19178e-11    8.3866e-07     
9.77553e-07    27746.3        17.1384        27740.9        4.49473e-08    0.000670033    1.39248e-06    0.0919359      4.57849e-08    9.19359e-11    8.38936e-07    
9.78553e-07    27763          17.1622        28409.2        4.51624e-08    0.000674915    1.40029e-06    0.0907645      4.58763e-08    9.07645e-11    8.39225e-07    
9.79553e-07    27779.7        17.186         29093.1        4.53045e-08    0.000679798    1.40224e-06    0.0897073      4.59665e-08    8.97073e-11    8.3951e-07     
9.80553e-07    27796.4        17.2098        29792.7        4.55191e-08    0.000679798    1.40491e-06    0.0885633      4.60556e-08    8.85633e-11    8.39793e-07    
9.81553e-07    27813          17.2335        30509          4.56622e-08    0.000679798    1.40529e-06    0.0874333      4.61436e-08    8.74333e-11    8.40073e-07    
9.82553e-07    27829.7        17.2573        31242.7        4.58281e-08    0.000684681    1.40834e-06    0.0863173      4.62305e-08    8.63172e-11    8.40351e-07    
9.83553e-07    27846.3        17.281         31993.5        4.5995e-08     0.000684681    1.40834e-06    0.0852149      4.63163e-08    8.52149e-11    8.40626e-07    
9.84553e-07    27862.9        17.3048        32762.1        4.61857e-08    0.000684681    1.40834e-06    0.0841815      4.6401e-08     8.41815e-11    8.40898e-07    
9.85553e-07    27879.5        17.3285        33548.5        4.63288e-08    0.000684681    1.40911e-06    0.0831053      4.64846e-08    8.31053e-11    8.41168e-07    
9.86553e-07    27896.1        17.3522        34353.4        4.64947e-08    0.000689564    1.41292e-06    0.0831983      4.65678e-08    8.31983e-11    8.41425e-07    
9.87553e-07    27912.7        17.376         35178.9        4.66854e-08    0.000689564    1.41368e-06    0.0840739      4.66514e-08    8.40739e-11    8.41676e-07    
9.88553e-07    27929.3        17.3997        36024.6        4.68285e-08    0.000689564    1.41559e-06    0.0829977      4.67349e-08    8.29977e-11    8.41948e-07    
9.89553e-07    27945.8        17.4235        36890.6        4.69954e-08    0.000689564    1.41788e-06    0.0830145      4.68179e-08    8.30145e-11    8.42207e-07    
9.90553e-07    27962.4        17.4472        37777.1        4.71375e-08    0.000694447    1.41941e-06    0.0819509      4.69004e-08    8.19509e-11    8.42478e-07    
9.91553e-07    27978.9        17.4709        38684.2        4.73044e-08    0.000694447    1.42955e-06    0.0815027      4.69821e-08    8.15027e-11    8.4274e-07     
9.92553e-07    27995.4        17.4947        39612.4        4.74713e-08    0.000694447    1.43336e-06    0.080559       4.70632e-08    8.0559e-11     8.43006e-07    
9.93553e-07    28011.9        17.5183        40562.1        4.7758e-08     0.000699329    1.43336e-06    0.079526       4.71432e-08    7.9526e-11     8.43271e-07    
9.94553e-07    28028.4        17.542         41533.7        4.79477e-08    0.000704212    1.43336e-06    0.079485       4.72227e-08    7.9485e-11     8.43525e-07    
9.95553e-07    28044.8        17.5657        42528.9        4.79954e-08    0.000704212    1.43336e-06    0.0784648      4.73017e-08    7.84648e-11    8.43787e-07    
9.96553e-07    28061.3        17.5894        43547.8        4.82338e-08    0.000704212    1.43565e-06    0.0774573      4.73797e-08    7.74573e-11    8.44048e-07    
9.97553e-07    28077.7        17.6131        44591.4        4.84007e-08    0.000704212    1.43603e-06    0.0766682      4.74567e-08    7.66682e-11    8.44304e-07    
9.98553e-07    28094.1        17.6367        45659.8        4.85905e-08    0.000709095    1.43603e-06    0.076081       4.75331e-08    7.6081e-11     8.44556e-07    
9.99553e-07    28110.5        17.6604        46753.1        4.88051e-08    0.000709095    1.43946e-06    0.0751027      4.76087e-08    7.51027e-11    8.44811e-07    
1.00055e-06    28126.9        17.684         47871.1        4.89243e-08    0.000709095    1.44023e-06    0.0741367      4.76833e-08    7.41367e-11    8.45063e-07    
1.00155e-06    28143.3        17.7076        49015.2        4.91866e-08    0.000709095    1.44252e-06    0.0731844      4.7757e-08     7.31844e-11    8.45313e-07    
1.00255e-06    28159.6        17.7312        50185.8        4.93763e-08    0.000713978    1.44481e-06    0.0731622      4.78301e-08    7.31622e-11    8.45552e-07    
1.00355e-06    28176          17.7549        51385.3        4.95194e-08    0.000713978    1.44481e-06    0.0722197      4.79028e-08    7.22197e-11    8.458e-07      
1.00455e-06    28192.3        17.7785        52613.1        4.96624e-08    0.000713978    1.45456e-06    0.0712891      4.79746e-08    7.12891e-11    8.46046e-07    
1.00555e-06    28208.6        17.8021        53869.6        4.98293e-08    0.000713978    1.45647e-06    0.0704155      4.80454e-08    7.04154e-11    8.46289e-07    
1.00655e-06    28224.9        17.8257        55155.2        5.01622e-08    0.000718861    1.45667e-06    0.0695146      4.81154e-08    6.95146e-11    8.4653e-07     
1.00755e-06    28241.2        17.8492        56470.7        5.02575e-08    0.000718861    1.46048e-06    0.0686178      4.81845e-08    6.86178e-11    8.46769e-07    
1.00855e-06    28257.5        17.8728        57818.4        5.04488e-08    0.000723744    1.46086e-06    0.0677321      4.82526e-08    6.77321e-11    8.47005e-07    
1.00955e-06    28273.8        17.8964        59197.8        5.05919e-08    0.000723744    1.46391e-06    0.0684414      4.83207e-08    6.84414e-11    8.47225e-07    
1.01055e-06    28290          17.9199        60608.5        5.08532e-08    0.000728626    1.46391e-06    0.0675579      4.83887e-08    6.75579e-11    8.47463e-07    
1.01155e-06    28306.2        17.9435        62050.9        5.09962e-08    0.000728626    1.46391e-06    0.0673175      4.84562e-08    6.73175e-11    8.47692e-07    
1.01255e-06    28322.5        17.967         63526.1        5.12824e-08    0.000728626    1.4643e-06     0.0669092      4.85233e-08    6.69092e-11    8.47923e-07    
1.01355e-06    28338.7        17.9904        65035.9        5.15208e-08    0.000728626    1.46773e-06    0.0670146      4.85902e-08    6.70146e-11    8.48149e-07    
1.01455e-06    28354.9        18.0139        66580.6        5.17344e-08    0.000733509    1.46887e-06    0.0661475      4.86568e-08    6.61475e-11    8.48384e-07    
1.01555e-06    28371          18.0374        68162.2        5.1949e-08     0.000733509    1.46926e-06    0.0656271      4.87227e-08    6.56271e-11    8.48614e-07    
1.01655e-06    28387.2        18.0609        69781.2        5.21159e-08    0.000733509    1.46964e-06    0.0647773      4.87879e-08    6.47773e-11    8.48846e-07    
1.01755e-06    28403.3        18.0844        71438.9        5.21874e-08    0.000733509    1.47978e-06    0.0639444      4.88523e-08    6.39444e-11    8.49076e-07    
1.01855e-06    28419.5        18.1078        73136          5.2401e-08     0.000738392    1.4813e-06     0.0631156      4.89158e-08    6.31156e-11    8.49303e-07    
1.01955e-06    28435.6        18.1313        74871.9        5.26156e-08    0.000738392    1.48321e-06    0.0629756      4.89789e-08    6.29756e-11    8.49522e-07    
1.02055e-06    28451.7        18.1547        76647.4        5.27825e-08    0.000738392    1.48321e-06    0.0621985      4.90414e-08    6.21985e-11    8.49748e-07    
1.02155e-06    28467.8        18.1782        78464.6        5.29255e-08    0.000738392    1.48512e-06    0.0613908      4.91032e-08    6.13908e-11    8.49971e-07    
1.02255e-06    28483.8        18.2016        80324.7        5.31168e-08    0.000743275    1.48512e-06    0.0605932      4.91642e-08    6.05932e-11    8.50192e-07    
1.02355e-06    28499.9        18.225         82225.3        5.33553e-08    0.000743275    1.48703e-06    0.0599048      4.92245e-08    5.99048e-11    8.5041e-07     
1.02455e-06    28515.9        18.2483        84168.9        5.35441e-08    0.00075304     1.48703e-06    0.0591258      4.9284e-08     5.91258e-11    8.50627e-07    
1.02555e-06    28532          18.2717        86156.9        5.3711e-08     0.00075304     1.48745e-06    0.0585677      4.93428e-08    5.85677e-11    8.50841e-07    
1.02655e-06    28548          18.295         88191          5.39017e-08    0.00075304     1.48745e-06    0.057805       4.9401e-08     5.7805e-11     8.51054e-07    
1.02755e-06    28564          18.3183        90270.2        5.41401e-08    0.00075304     1.49202e-06    0.0570518      4.94585e-08    5.70518e-11    8.51266e-07    
1.02855e-06    28580          18.3416        92395.5        5.42832e-08    0.00075304     1.49355e-06    0.0567723      4.95154e-08    5.67723e-11    8.51471e-07    
1.02955e-06    28596          18.3649        94570.8        5.44739e-08    0.00075304     1.49393e-06    0.0560964      4.95718e-08    5.60964e-11    8.5168e-07     
1.03055e-06    28611.9        18.3881        96795.7        5.45931e-08    0.00075304     1.50369e-06    0.055365       4.96275e-08    5.5365e-11     8.51887e-07    
1.03155e-06    28627.9        18.4113        99071.2        5.47839e-08    0.00075304     1.50407e-06    0.0552565      4.96828e-08    5.52565e-11    8.52087e-07    
1.03255e-06    28643.8        18.4346        101398         5.50442e-08    0.000762806    1.5056e-06     0.0550871      4.9738e-08     5.50871e-11    8.52288e-07    
1.03355e-06    28659.7        18.4578        103780         5.52349e-08    0.000762806    1.50598e-06    0.0549902      4.97931e-08    5.49902e-11    8.52488e-07    
1.03455e-06    28675.6        18.481         106217         5.53303e-08    0.000762806    1.5075e-06     0.0542937      4.98477e-08    5.42937e-11    8.52694e-07    
1.03555e-06    28691.5        18.5042        108710         5.54257e-08    0.000762806    1.51094e-06    0.0539931      4.99018e-08    5.39931e-11    8.52895e-07    
1.03655e-06    28707.4        18.5274        111261         5.56885e-08    0.000767689    1.51094e-06    0.0532869      4.99555e-08    5.32869e-11    8.53098e-07    
1.03755e-06    28723.3        18.5506        113871         5.58077e-08    0.000767689    1.51284e-06    0.0531561      5.00087e-08    5.31561e-11    8.53295e-07    
1.03855e-06    28739.1        18.5738        116541         5.59746e-08    0.000767689    1.51437e-06    0.0524602      5.00615e-08    5.24602e-11    8.53496e-07    
1.03955e-06    28754.9        18.5969        119272         5.60938e-08    0.000767689    1.5178e-06     0.052007       5.01137e-08    5.2007e-11     8.53694e-07    
1.04055e-06    28770.8        18.6201        122065         5.64257e-08    0.000777454    1.5178e-06     0.0514129      5.01655e-08    5.14129e-11    8.53892e-07    
1.04155e-06    28786.6        18.6432        124922         5.66641e-08    0.000777454    1.5178e-06     0.0507453      5.02165e-08    5.07453e-11    8.54088e-07    
1.04255e-06    28802.4        18.6663        127842         5.68072e-08    0.000777454    1.51895e-06    0.0500793      5.02669e-08    5.00793e-11    8.54283e-07    
1.04355e-06    28818.1        18.6894        130829         5.69741e-08    0.000777454    1.52581e-06    0.0495898      5.03168e-08    4.95898e-11    8.54475e-07    
1.04455e-06    28833.9        18.7125        133884         5.70933e-08    0.000777454    1.53386e-06    0.0493825      5.03663e-08    4.93825e-11    8.54663e-07    
1.04555e-06    28849.7        18.7355        137008         5.73794e-08    0.000777454    1.53539e-06    0.0487333      5.04153e-08    4.87333e-11    8.54854e-07    
1.04655e-06    28865.4        18.7586        140202         5.76416e-08    0.000777454    1.53882e-06    0.0480924      5.04637e-08    4.80924e-11    8.55044e-07    
1.04755e-06    28881.1        18.7817        143479         5.77847e-08    0.000777454    1.54073e-06    0.0474596      5.05115e-08    4.74596e-11    8.55231e-07    
1.04855e-06    28896.8        18.8048        146829         5.81166e-08    0.00078722     1.54073e-06    0.0468527      5.05587e-08    4.68527e-11    8.55417e-07    
1.04955e-06    28912.5        18.8278        150255         5.82596e-08    0.00078722     1.54264e-06    0.0462356      5.06052e-08    4.62356e-11    8.55601e-07    
1.05055e-06    28928.2        18.8509        153758         5.84265e-08    0.00078722     1.54454e-06    0.0456263      5.06511e-08    4.56263e-11    8.55783e-07    
1.05155e-06    28943.9        18.8739        157343         5.86417e-08    0.000792103    1.54607e-06    0.0450247      5.06965e-08    4.50247e-11    8.55964e-07    
1.05255e-06    28959.5        18.897         161012         5.88562e-08    0.000792103    1.54759e-06    0.0444766      5.07412e-08    4.44766e-11    8.56142e-07    
1.05355e-06    28975.2        18.9201        164768         5.90708e-08    0.000792103    1.54759e-06    0.0439954      5.07855e-08    4.39954e-11    8.56318e-07    
1.05455e-06    28990.8        18.9431        168610         5.92377e-08    0.000792103    1.54759e-06    0.0446015      5.08298e-08    4.46015e-11    8.56484e-07    
1.05555e-06    29006.4        18.9661        172540         5.93331e-08    0.000792103    1.54759e-06    0.0440123      5.08741e-08    4.40123e-11    8.56662e-07    
1.05655e-06    29022          18.9892        176560         5.97126e-08    0.000801869    1.55141e-06    0.0434306      5.09178e-08    4.34306e-11    8.56839e-07    
1.05755e-06    29037.6        19.0122        180672         5.99034e-08    0.000801869    1.56002e-06    0.0433336      5.09612e-08    4.33336e-11    8.5701e-07     
1.05855e-06    29053.2        19.0352        184875         6.00464e-08    0.000801869    1.56002e-06    0.0431364      5.10044e-08    4.31364e-11    8.57182e-07    
1.05955e-06    29068.7        19.0582        189174         6.0118e-08     0.000801869    1.56231e-06    0.0425655      5.10472e-08    4.25655e-11    8.57357e-07    
1.06055e-06    29084.3        19.0812        193573         6.02848e-08    0.000801869    1.56536e-06    0.042002       5.10895e-08    4.2002e-11     8.5753e-07     
1.06155e-06    29099.8        19.1041        198072         6.05233e-08    0.000801869    1.56727e-06    0.0414456      5.11313e-08    4.14456e-11    8.57702e-07    
1.06255e-06    29115.3        19.1271        202673         6.07378e-08    0.000801869    1.56918e-06    0.0408964      5.11724e-08    4.08964e-11    8.57871e-07    
1.06355e-06    29130.8        19.15          207377         6.0857e-08     0.000801869    1.5707e-06     0.0409709      5.12134e-08    4.09709e-11    8.58034e-07    
1.06455e-06    29146.3        19.173         212187         6.11174e-08    0.000811634    1.5707e-06     0.0404363      5.12541e-08    4.04363e-11    8.58203e-07    
1.06555e-06    29161.8        19.1959        217104         6.12372e-08    0.000816517    1.5707e-06     0.0398998      5.12942e-08    3.98998e-11    8.5837e-07     
1.06655e-06    29177.2        19.2188        222139         6.16187e-08    0.000816517    1.5707e-06     0.0394917      5.13339e-08    3.94917e-11    8.58535e-07    
1.06755e-06    29192.7        19.2417        227288         6.17617e-08    0.000816517    1.5707e-06     0.038967       5.13732e-08    3.8967e-11     8.58699e-07    
1.06855e-06    29208.1        19.2647        232560         6.18571e-08    0.000816517    1.57376e-06    0.0384881      5.14119e-08    3.84881e-11    8.58861e-07    
1.06955e-06    29223.5        19.2876        237949         6.20001e-08    0.000816517    1.57528e-06    0.0379784      5.14501e-08    3.79784e-11    8.59022e-07    
1.07055e-06    29238.9        19.3105        243460         6.21909e-08    0.000816517    1.57643e-06    0.0374729      5.14878e-08    3.74729e-11    8.59182e-07    
1.07155e-06    29254.3        19.3334        249096         6.24293e-08    0.000816517    1.58428e-06    0.0373169      5.15252e-08    3.73169e-11    8.59337e-07    
1.07255e-06    29269.7        19.3562        254861         6.27373e-08    0.000826283    1.58504e-06    0.0368197      5.15623e-08    3.68197e-11    8.59495e-07    
1.07355e-06    29285.1        19.3791        260756         6.28088e-08    0.000826283    1.58809e-06    0.0363289      5.15989e-08    3.63289e-11    8.59651e-07    
1.07455e-06    29300.4        19.4019        266783         6.29757e-08    0.000826283    1.58886e-06    0.0358444      5.1635e-08     3.58444e-11    8.59805e-07    
1.07555e-06    29315.8        19.4248        272949         6.31426e-08    0.000826283    1.58886e-06    0.0353662      5.16706e-08    3.53662e-11    8.59958e-07    
1.07655e-06    29331.1        19.4476        279254         6.34049e-08    0.000826283    1.58886e-06    0.0348941      5.17057e-08    3.48941e-11    8.6011e-07     
1.07755e-06    29346.4        19.4705        285700         6.35479e-08    0.000826283    1.59038e-06    0.0347891      5.17405e-08    3.47891e-11    8.60256e-07    
1.07855e-06    29361.7        19.4933        292288         6.3691e-08     0.000826283    1.59195e-06    0.0346772      5.17753e-08    3.46772e-11    8.60403e-07    
1.07955e-06    29377          19.516         299026         6.38823e-08    0.000831165    1.59347e-06    0.0342148      5.18097e-08    3.42148e-11    8.60553e-07    
1.08055e-06    29392.3        19.5388        305921         6.39538e-08    0.000831165    1.59519e-06    0.0341225      5.18439e-08    3.41225e-11    8.60698e-07    
1.08155e-06    29407.5        19.5616        312973         6.43572e-08    0.000840931    1.59672e-06    0.033799       5.18779e-08    3.3799e-11     8.60846e-07    
1.08255e-06    29422.8        19.5844        320184         6.4548e-08     0.000840931    1.59672e-06    0.0336824      5.19116e-08    3.36824e-11    8.6099e-07     
1.08355e-06    29438          19.6072        327557         6.46433e-08    0.000840931    1.6013e-06     0.0332313      5.19451e-08    3.32313e-11    8.61138e-07    
1.08455e-06    29453.2        19.6299        335090         6.48341e-08    0.000840931    1.60359e-06    0.0330324      5.19782e-08    3.30324e-11    8.61282e-07    
1.08555e-06    29468.4        19.6526        342791         6.49533e-08    0.000840931    1.61525e-06    0.0325898      5.2011e-08     3.25898e-11    8.61427e-07    
1.08655e-06    29483.6        19.6754        350669         6.51678e-08    0.000840931    1.6183e-06     0.0321633      5.20434e-08    3.21633e-11    8.61571e-07    
1.08755e-06    29498.8        19.6981        358725         6.54063e-08    0.000840931    1.62059e-06    0.0317319      5.20753e-08    3.17319e-11    8.61714e-07    
1.08855e-06    29513.9        19.7208        366963         6.56208e-08    0.000840931    1.62059e-06    0.0313061      5.21068e-08    3.13061e-11    8.61855e-07    
1.08955e-06    29529.1        19.7435        375386         6.59289e-08    0.000850697    1.62059e-06    0.0311291      5.21381e-08    3.11291e-11    8.61992e-07    
1.09055e-06    29544.2        19.7662        384000         6.62388e-08    0.000850697    1.62364e-06    0.0307109      5.2169e-08     3.07109e-11    8.62131e-07    
1.09155e-06    29559.3        19.7888        392812         6.65249e-08    0.000850697    1.62517e-06    0.0304221      5.21995e-08    3.04221e-11    8.62268e-07    
1.09255e-06    29574.5        19.8115        401818         6.66441e-08    0.000850697    1.6267e-06     0.0300134      5.22298e-08    3.00134e-11    8.62405e-07    
1.09355e-06    29589.5        19.8342        411029         6.68354e-08    0.000855579    1.62822e-06    0.0296097      5.22596e-08    2.96097e-11    8.62541e-07    
1.09455e-06    29604.6        19.8568        420450         6.68831e-08    0.000855579    1.62975e-06    0.0292711      5.2289e-08     2.92711e-11    8.62674e-07    
1.09555e-06    29619.7        19.8795        430086         6.71454e-08    0.000855579    1.62975e-06    0.028877       5.23181e-08    2.8877e-11     8.62807e-07    
1.09655e-06    29634.8        19.9021        439940         6.73123e-08    0.000855579    1.63127e-06    0.0284917      5.23468e-08    2.84917e-11    8.62939e-07    
1.09755e-06    29649.8        19.9248        450016         6.76918e-08    0.000865345    1.63433e-06    0.0281241      5.23751e-08    2.81241e-11    8.63069e-07    
1.09855e-06    29664.8        19.9474        460316         6.78826e-08    0.000865345    1.63661e-06    0.0278844      5.24031e-08    2.78844e-11    8.63197e-07    
1.09955e-06    29679.8        19.9701        470863         6.80733e-08    0.000865345    1.64023e-06    0.0275089      5.24308e-08    2.75089e-11    8.63325e-07    
1.10055e-06    29694.8        19.9927        481644         6.82164e-08    0.000865345    1.64866e-06    0.0271375      5.24581e-08    2.71375e-11    8.63452e-07    
1.10155e-06    29709.8        20.0154        492679         6.84309e-08    0.000865345    1.65019e-06    0.0270764      5.24852e-08    2.70764e-11    8.63575e-07    
1.10255e-06    29724.8        20.038         503959         6.85978e-08    0.000865345    1.65171e-06    0.0267106      5.25121e-08    2.67106e-11    8.63701e-07    
1.10355e-06    29739.8        20.0606        515491         6.86932e-08    0.000865345    1.65171e-06    0.0265994      5.25388e-08    2.65994e-11    8.63823e-07    
1.10455e-06    29754.7        20.0832        527280         6.88363e-08    0.000865345    1.65324e-06    0.0264855      5.25653e-08    2.64854e-11    8.63945e-07    
1.10555e-06    29769.7        20.1058        539331         6.89793e-08    0.000865345    1.65324e-06    0.0261273      5.25916e-08    2.61273e-11    8.64069e-07    
1.10655e-06    29784.6        20.1284        551649         6.93589e-08    0.000875111    1.65477e-06    0.025991       5.26177e-08    2.5991e-11     8.6419e-07     
1.10755e-06    29799.5        20.151         564237         6.95019e-08    0.000875111    1.65477e-06    0.0256393      5.26435e-08    2.56393e-11    8.64313e-07    
1.10855e-06    29814.4        20.1735        577103         6.98119e-08    0.000875111    1.65629e-06    0.0252922      5.26689e-08    2.52922e-11    8.64434e-07    
1.10955e-06    29829.3        20.1961        590253         6.98834e-08    0.000875111    1.65782e-06    0.0252449      5.26942e-08    2.52449e-11    8.64552e-07    
1.11055e-06    29844.1        20.2186        603692         7.00503e-08    0.000875111    1.65782e-06    0.0249027      5.27193e-08    2.49027e-11    8.64672e-07    
1.11155e-06    29859          20.2411        617426         7.02649e-08    0.000875111    1.65782e-06    0.024565       5.2744e-08     2.4565e-11     8.64791e-07    
1.11255e-06    29873.8        20.2636        631475         7.04794e-08    0.000875111    1.65973e-06    0.0243807      5.27685e-08    2.43807e-11    8.64907e-07    
1.11355e-06    29888.7        20.2861        645838         7.05986e-08    0.000875111    1.66201e-06    0.0240592      5.27927e-08    2.40592e-11    8.65024e-07    
1.11455e-06    29903.5        20.3086        660529         7.08113e-08    0.000884876    1.67025e-06    0.0237326      5.28166e-08    2.37326e-11    8.6514e-07     
1.11555e-06    29918.3        20.3247        671281         7.10259e-08    0.000884876    1.67025e-06    0.0234103      5.28402e-08    2.34103e-11    8.65255e-07    
1.11655e-06    29933.1        20.3473        686644         7.12643e-08    0.000884876    1.6733e-06     0.0232362      5.28635e-08    2.32362e-11    8.65367e-07    
1.11755e-06    29947.9        20.3693        701892         7.13835e-08    0.000884876    1.67788e-06    0.0229203      5.28866e-08    2.29203e-11    8.6548e-07     
1.11855e-06    29962.6        20.392         718028         7.17661e-08    0.000894642    1.6796e-06     0.0226085      5.29093e-08    2.26085e-11    8.65592e-07    
1.11955e-06    29977.4        20.4147        734533         7.18138e-08    0.000894642    1.6796e-06     0.0223009      5.29318e-08    2.23009e-11    8.65702e-07    
1.12055e-06    29992.1        20.4375        751403         7.21238e-08    0.000894642    1.68265e-06    0.0219973      5.2954e-08     2.19973e-11    8.65812e-07    
1.12155e-06    30006.8        20.4601        768646         7.2243e-08     0.000894642    1.68418e-06    0.0217597      5.29758e-08    2.17597e-11    8.65919e-07    
1.12255e-06    30021.6        20.4828        786257         7.2408e-08     0.000904408    1.68418e-06    0.0214913      5.29975e-08    2.14913e-11    8.66026e-07    
1.12355e-06    30036.3        20.5481        839337         7.26941e-08    0.000904408    1.6857e-06     0.0211983      5.30188e-08    2.11983e-11    8.66133e-07    
1.12455e-06    30050.9        20.57          857942         7.28133e-08    0.000904408    1.68723e-06    0.0209092      5.30399e-08    2.09092e-11    8.66238e-07    
1.12555e-06    30065.6        20.592         876950         7.30994e-08    0.000904408    1.68723e-06    0.0206239      5.30606e-08    2.06239e-11    8.66342e-07    
1.12655e-06    30080.3        20.6139        896375         7.31947e-08    0.000904408    1.68875e-06    0.020608       5.30812e-08    2.0608e-11     8.66443e-07    
1.12755e-06    30094.9        20.6358        916223         7.33855e-08    0.000904408    1.6899e-06     0.0203265      5.31017e-08    2.03265e-11    8.66546e-07    
1.12855e-06    30109.6        20.6577        936499         7.34808e-08    0.000904408    1.69142e-06    0.0202373      5.3122e-08     2.02373e-11    8.66647e-07    
1.12955e-06    30124.2        20.6795        957210         7.36477e-08    0.000904408    1.7008e-06     0.0199623      5.31421e-08    1.99623e-11    8.66749e-07    
1.13055e-06    30138.8        20.7014        978387         7.38861e-08    0.000904408    1.70233e-06    0.0200278      5.31621e-08    2.00278e-11    8.66847e-07    
1.13155e-06    30153.4        20.7233        1.00005e+06    7.40988e-08    0.000914173    1.70233e-06    0.0197539      5.3182e-08     1.97539e-11    8.66949e-07    
1.13255e-06    30168          20.7452        1.02218e+06    7.44564e-08    0.000914173    1.70389e-06    0.019502       5.32016e-08    1.9502e-11     8.67049e-07    
1.13355e-06    30182.5        20.767         1.04474e+06    7.46233e-08    0.000914173    1.70847e-06    0.019235       5.3221e-08     1.9235e-11     8.67148e-07    
1.13455e-06    30197.1        20.7888        1.06777e+06    7.50048e-08    0.000914173    1.71e-06       0.0191114      5.32401e-08    1.91114e-11    8.67246e-07    
1.13555e-06    30211.6        20.8106        1.09129e+06    7.51955e-08    0.000914173    1.71152e-06    0.0188496      5.32591e-08    1.88496e-11    8.67344e-07    
1.13655e-06    30226.2        20.8324        1.11531e+06    7.54101e-08    0.000914173    1.71305e-06    0.018719       5.32779e-08    1.8719e-11     8.6744e-07     
1.13755e-06    30240.7        20.8542        1.13986e+06    7.55293e-08    0.000914173    1.71457e-06    0.0184944      5.32965e-08    1.84944e-11    8.67536e-07    
1.13855e-06    30255.2        20.8759        1.16494e+06    7.56247e-08    0.000914173    1.71915e-06    0.01825        5.33149e-08    1.825e-11      8.67632e-07    
1.13955e-06    30269.7        20.8977        1.19056e+06    7.58612e-08    0.000923939    1.71915e-06    0.0179995      5.3333e-08     1.79995e-11    8.67726e-07    
1.14055e-06    30284.2        20.9194        1.21673e+06    7.61473e-08    0.000923939    1.71915e-06    0.0177523      5.33509e-08    1.77523e-11    8.6782e-07     
1.14155e-06    30298.6        20.9412        1.24345e+06    7.62665e-08    0.000923939    1.71991e-06    0.0175084      5.33685e-08    1.75084e-11    8.67913e-07    
1.14255e-06    30313.1        20.9629        1.27074e+06    7.64573e-08    0.000923939    1.72297e-06    0.0173493      5.33859e-08    1.73493e-11    8.68004e-07    
1.14355e-06    30327.5        20.9846        1.29861e+06    7.67434e-08    0.000923939    1.72602e-06    0.0171109      5.34032e-08    1.71109e-11    8.68095e-07    
1.14455e-06    30342          21.0063        1.3271e+06     7.69818e-08    0.000923939    1.72754e-06    0.0169485      5.34202e-08    1.69485e-11    8.68184e-07    
1.14555e-06    30356.4        21.0279        1.35619e+06    7.71964e-08    0.000923939    1.72754e-06    0.0167167      5.3437e-08     1.67167e-11    8.68274e-07    
1.14655e-06    30370.8        21.0496        1.38589e+06    7.74836e-08    0.000933704    1.73059e-06    0.0164867      5.34536e-08    1.64867e-11    8.68363e-07    
1.14755e-06    30385.2        21.0712        1.41621e+06    7.7579e-08     0.000933704    1.73365e-06    0.0162639      5.347e-08      1.62639e-11    8.6845e-07     
1.14855e-06    30399.5        21.0929        1.44717e+06    7.77201e-08    0.00094347     1.73365e-06    0.0160401      5.34862e-08    1.60401e-11    8.68537e-07    
1.14955e-06    30413.9        21.1145        1.47878e+06    7.79585e-08    0.00094347     1.73365e-06    0.0158192      5.35021e-08    1.58192e-11    8.68623e-07    
1.15055e-06    30428.3        21.1361        1.51104e+06    7.81254e-08    0.00094347     1.7367e-06     0.0156015      5.35178e-08    1.56015e-11    8.68707e-07    
1.15155e-06    30442.6        21.1576        1.54399e+06    7.834e-08      0.00094347     1.73822e-06    0.0153866      5.35333e-08    1.53866e-11    8.68791e-07    
1.15255e-06    30456.9        21.1792        1.57764e+06    7.85307e-08    0.00094347     1.75385e-06    0.0151867      5.35486e-08    1.51867e-11    8.68874e-07    
1.15355e-06    30471.2        21.2007        1.61201e+06    7.86261e-08    0.00094347     1.75393e-06    0.0153053      5.35638e-08    1.53053e-11    8.68954e-07    
1.15455e-06    30485.5        21.2223        1.6471e+06     7.87692e-08    0.00094347     1.75393e-06    0.0152268      5.35791e-08    1.52268e-11    8.69036e-07    
1.15555e-06    30499.8        21.2438        1.68293e+06    7.90314e-08    0.00094347     1.75756e-06    0.0150168      5.35942e-08    1.50168e-11    8.69118e-07    
1.15655e-06    30514.1        21.2653        1.71951e+06    7.91268e-08    0.00094347     1.76061e-06    0.0148121      5.36091e-08    1.48121e-11    8.692e-07      
1.15755e-06    30528.4        21.2868        1.75689e+06    7.94587e-08    0.000953236    1.76061e-06    0.0147151      5.36239e-08    1.47151e-11    8.6928e-07     
1.15855e-06    30542.6        21.3083        1.79506e+06    7.97209e-08    0.000953236    1.76518e-06    0.0146267      5.36386e-08    1.46267e-11    8.6936e-07     
1.15955e-06    30556.8        21.3298        1.83408e+06    7.99593e-08    0.000953236    1.76518e-06    0.0144249      5.36531e-08    1.44248e-11    8.69441e-07    
1.16055e-06    30571.1        21.3513        1.87396e+06    8.01501e-08    0.000953236    1.76671e-06    0.0142257      5.36674e-08    1.42257e-11    8.6952e-07     
1.16155e-06    30585.3        21.3728        1.91471e+06    8.05077e-08    0.000953236    1.76976e-06    0.0140293      5.36815e-08    1.40293e-11    8.69599e-07    
1.16255e-06    30599.5        21.3944        1.95638e+06    8.06031e-08    0.000953236    1.77129e-06    0.0138355      5.36955e-08    1.38355e-11    8.69677e-07    
1.16355e-06    30613.7        21.4159        1.99892e+06    8.06508e-08    0.000953236    1.77281e-06    0.0136444      5.37092e-08    1.36444e-11    8.69754e-07    
1.16455e-06    30627.8        21.4374        2.04234e+06    8.0913e-08     0.000953236    1.77281e-06    0.0135265      5.37228e-08    1.35265e-11    8.69829e-07    
1.16555e-06    30642          21.4588        2.08667e+06    8.11018e-08    0.000963001    1.77281e-06    0.0134237      5.37363e-08    1.34237e-11    8.69904e-07    
1.16655e-06    30656.1        21.4803        2.13195e+06    8.11972e-08    0.000963001    1.77434e-06    0.0132383      5.37496e-08    1.32383e-11    8.6998e-07     
1.16755e-06    30670.3        21.5018        2.17817e+06    8.14118e-08    0.000963001    1.77587e-06    0.0130702      5.37628e-08    1.30702e-11    8.70054e-07    
1.16855e-06    30684.4        21.5232        2.22534e+06    8.16502e-08    0.000963001    1.77587e-06    0.0128931      5.37757e-08    1.28931e-11    8.70128e-07    
1.16955e-06    30698.5        21.5446        2.27347e+06    8.18409e-08    0.000963001    1.77892e-06    0.0127224      5.37886e-08    1.27224e-11    8.70201e-07    
1.17055e-06    30712.6        21.566         2.32259e+06    8.21509e-08    0.000963001    1.77892e-06    0.0125463      5.38012e-08    1.25463e-11    8.70273e-07    
1.17155e-06    30726.7        21.5873        2.37273e+06    8.23178e-08    0.000963001    1.78044e-06    0.0123725      5.38136e-08    1.23725e-11    8.70344e-07    
1.17255e-06    30740.8        21.6086        2.4239e+06     8.24847e-08    0.000963001    1.78197e-06    0.012201       5.38259e-08    1.2201e-11     8.70415e-07    
1.17355e-06    30754.8        21.63          2.47612e+06    8.26992e-08    0.000963001    1.7835e-06     0.0120674      5.38381e-08    1.20674e-11    8.70485e-07    
1.17455e-06    30768.9        21.6513        2.52953e+06    8.29369e-08    0.000982533    1.78502e-06    0.0119411      5.38501e-08    1.19411e-11    8.70554e-07    
1.17555e-06    30782.9        21.6726        2.58403e+06    8.30561e-08    0.000982533    1.79112e-06    0.0117759      5.38619e-08    1.17759e-11    8.70622e-07    
1.17655e-06    30796.9        21.694         2.63977e+06    8.32468e-08    0.000982533    1.79112e-06    0.0116124      5.38736e-08    1.16124e-11    8.7069e-07     
1.17755e-06    30811          21.7153        2.69666e+06    8.34137e-08    0.000982533    1.79112e-06    0.0114512      5.38852e-08    1.14512e-11    8.70758e-07    
1.17855e-06    30825          21.7366        2.75474e+06    8.35568e-08    0.000982533    1.79265e-06    0.0112921      5.38965e-08    1.12921e-11    8.70824e-07    
1.17955e-06    30838.9        21.7579        2.81401e+06    8.38429e-08    0.000982533    1.79265e-06    0.0113251      5.39078e-08    1.13251e-11    8.70888e-07    
1.18055e-06    30852.9        21.7791        2.87448e+06    8.40098e-08    0.000982533    1.79265e-06    0.0112522      5.39191e-08    1.12522e-11    8.70954e-07    
1.18155e-06    30866.9        21.8004        2.93621e+06    8.42244e-08    0.000982533    1.79418e-06    0.0110957      5.39303e-08    1.10957e-11    8.71019e-07    
1.18255e-06    30880.8        21.8216        2.99925e+06    8.43436e-08    0.000982533    1.7957e-06     0.0109464      5.39413e-08    1.09464e-11    8.71085e-07    
1.18355e-06    30894.8        21.8429        3.0636e+06     8.46039e-08    0.000992298    1.80988e-06    0.0108987      5.39522e-08    1.08987e-11    8.71148e-07    
1.18455e-06    30908.7        21.8641        3.1293e+06     8.48185e-08    0.000992298    1.81903e-06    0.0107469      5.39631e-08    1.07469e-11    8.71212e-07    
1.18555e-06    30922.6        21.8853        3.19634e+06    8.50331e-08    0.000992298    1.81903e-06    0.0106612      5.39738e-08    1.06612e-11    8.71276e-07    
1.18655e-06    30936.5        21.9065        3.26476e+06    8.52e-08       0.000992298    1.82209e-06    0.0105151      5.39844e-08    1.05151e-11    8.71339e-07    
1.18755e-06    30950.4        21.9276        3.33458e+06    8.55338e-08    0.000992298    1.82365e-06    0.0103685      5.39948e-08    1.03685e-11    8.71401e-07    
1.18855e-06    30964.3        21.9488        3.40585e+06    8.5653e-08     0.000992298    1.82518e-06    0.0102972      5.40051e-08    1.02972e-11    8.71463e-07    
1.18955e-06    30978.1        21.9699        3.47863e+06    8.59867e-08    0.000992298    1.82518e-06    0.0101669      5.40154e-08    1.01669e-11    8.71524e-07    
1.19055e-06    30992          21.9911        3.55309e+06    8.61536e-08    0.000992298    1.82518e-06    0.0100251      5.40255e-08    1.00251e-11    8.71585e-07    
1.19155e-06    31005.8        22.0123        3.62914e+06    8.62729e-08    0.000992298    1.8267e-06     0.00988515     5.40354e-08    9.88515e-12    8.71645e-07    
1.19255e-06    31019.6        22.0334        3.70685e+06    8.65094e-08    0.00100206     1.8267e-06     0.00974711     5.40452e-08    9.74711e-12    8.71705e-07    
1.19355e-06    31033.4        22.0546        3.78621e+06    8.67239e-08    0.00100206     1.82995e-06    0.00964636     5.40549e-08    9.64636e-12    8.71764e-07    
1.19455e-06    31047.2        22.0758        3.8672e+06     8.71054e-08    0.00100206     1.83453e-06    0.00951152     5.40645e-08    9.51152e-12    8.71822e-07    
1.19555e-06    31061          22.0969        3.94985e+06    8.72485e-08    0.00100206     1.83453e-06    0.00937851     5.4074e-08     9.37851e-12    8.7188e-07     
1.19655e-06    31074.8        22.1181        4.03418e+06    8.73677e-08    0.00100206     1.83605e-06    0.0092473      5.40833e-08    9.2473e-12     8.71937e-07    
1.19755e-06    31088.6        22.1392        4.1203e+06     8.75346e-08    0.00100206     1.83758e-06    0.00917141     5.40925e-08    9.17141e-12    8.71993e-07    
1.19855e-06    31102.3        22.1603        4.20828e+06    8.77968e-08    0.00100206     1.84216e-06    0.00904442     5.41016e-08    9.04442e-12    8.7205e-07     
1.19955e-06    31116.1        22.1814        4.29809e+06    8.80114e-08    0.00100206     1.84521e-06    0.00891775     5.41106e-08    8.91775e-12    8.72105e-07    
1.20055e-06    31129.8        22.2026        4.38989e+06    8.81783e-08    0.00100206     1.84826e-06    0.0087928      5.41194e-08    8.7928e-12     8.7216e-07     
1.20155e-06    31143.5        22.2237        4.48354e+06    8.84159e-08    0.0010216      1.84826e-06    0.00866956     5.41282e-08    8.66956e-12    8.72214e-07    
1.20255e-06    31157.2        22.2448        4.57905e+06    8.86305e-08    0.0010216      1.84979e-06    0.0085649      5.41368e-08    8.5649e-12     8.72268e-07    
1.20355e-06    31170.9        22.2658        4.67644e+06    8.88689e-08    0.0010216      1.85284e-06    0.00844474     5.41453e-08    8.44474e-12    8.72321e-07    
1.20455e-06    31184.6        22.2868        4.77581e+06    8.89882e-08    0.0010216      1.85284e-06    0.00832623     5.41537e-08    8.32623e-12    8.72374e-07    
1.20555e-06    31198.2        22.3078        4.87722e+06    8.92504e-08    0.0010216      1.85589e-06    0.00820934     5.41619e-08    8.20934e-12    8.72426e-07    
1.20655e-06    31211.9        22.3288        4.98063e+06    8.93935e-08    0.0010216      1.85589e-06    0.00816403     5.41701e-08    8.16403e-12    8.72477e-07    
1.20755e-06    31225.5        22.3498        5.08616e+06    8.96557e-08    0.0010216      1.85742e-06    0.00811123     5.41783e-08    8.11123e-12    8.72527e-07    
1.20855e-06    31239.2        22.3707        5.19385e+06    8.98465e-08    0.0010216      1.85742e-06    0.0081159      5.41864e-08    8.1159e-12     8.72578e-07    
1.20955e-06    31252.8        22.3917        5.30375e+06    9.0061e-08     0.0010216      1.85894e-06    0.00800182     5.41944e-08    8.00182e-12    8.72629e-07    
1.21055e-06    31266.4        22.4126        5.41594e+06    9.02975e-08    0.00103136     1.86047e-06    0.00788931     5.42024e-08    7.88931e-12    8.72679e-07    
1.21155e-06    31280          22.4335        5.53042e+06    9.04883e-08    0.00103136     1.86199e-06    0.00779728     5.42102e-08    7.79728e-12    8.72729e-07    
1.21255e-06    31293.6        22.4544        5.64723e+06    9.07505e-08    0.00103136     1.86199e-06    0.00768757     5.4218e-08     7.68757e-12    8.72779e-07    
1.21355e-06    31307.1        22.4753        5.76646e+06    9.08698e-08    0.00103136     1.86505e-06    0.0076389      5.42256e-08    7.6389e-12     8.72828e-07    
1.21455e-06    31320.7        22.4962        5.88813e+06    9.1132e-08     0.00103136     1.86505e-06    0.00757248     5.42332e-08    7.57248e-12    8.72876e-07    
1.21555e-06    31334.2        22.5171        6.01227e+06    9.12512e-08    0.00103136     1.8681e-06     0.0074658      5.42407e-08    7.4658e-12     8.72925e-07    
1.21655e-06    31347.8        22.5379        6.13894e+06    9.13943e-08    0.00103136     1.8838e-06     0.00736058     5.42482e-08    7.36058e-12    8.72973e-07    
1.21755e-06    31361.3        22.5588        6.26819e+06    9.15135e-08    0.00103136     1.88533e-06    0.00725711     5.42555e-08    7.25711e-12    8.7302e-07     
1.21855e-06    31374.8        22.5796        6.40007e+06    9.17519e-08    0.00103136     1.88685e-06    0.00715475     5.42627e-08    7.15475e-12    8.73067e-07    
1.21955e-06    31388.3        22.6004        6.5345e+06     9.20361e-08    0.00104113     1.88838e-06    0.0070538      5.42698e-08    7.0538e-12     8.73113e-07    
1.22055e-06    31401.8        22.6211        6.67161e+06    9.24414e-08    0.00104113     1.89296e-06    0.00695425     5.42768e-08    6.95425e-12    8.73159e-07    
1.22155e-06    31415.2        22.6419        6.81145e+06    9.27752e-08    0.00104113     1.89296e-06    0.00685606     5.42837e-08    6.85606e-12    8.73204e-07    
1.22255e-06    31428.7        22.6626        6.95416e+06    9.28706e-08    0.00104113     1.89296e-06    0.00675922     5.42905e-08    6.75922e-12    8.73249e-07    
1.22355e-06    31442.1        22.6833        7.09974e+06    9.29659e-08    0.00104113     1.89296e-06    0.00672297     5.42972e-08    6.72297e-12    8.73293e-07    
1.22455e-06    31455.6        22.704         7.24824e+06    9.30613e-08    0.00104113     1.89296e-06    0.00662794     5.43039e-08    6.62794e-12    8.73337e-07    
1.22555e-06    31469          22.7247        7.3997e+06     9.32997e-08    0.00104113     1.89296e-06    0.00653486     5.43105e-08    6.53486e-12    8.73381e-07    
1.22655e-06    31482.4        22.7454        7.55415e+06    9.3562e-08     0.00104113     1.89296e-06    0.00644242     5.4317e-08     6.44242e-12    8.73424e-07    
1.22755e-06    31495.8        22.766         7.7117e+06     9.36573e-08    0.00104113     1.89448e-06    0.00635698     5.43234e-08    6.35698e-12    8.73466e-07    
1.22855e-06    31509.2        22.7866        7.87241e+06    9.37746e-08    0.00105089     1.89448e-06    0.00626953     5.43297e-08    6.26953e-12    8.73509e-07    
1.22955e-06    31522.6        22.8072        8.03639e+06    9.40619e-08    0.00106066     1.89753e-06    0.00618077     5.43359e-08    6.18077e-12    8.7355e-07     
1.23055e-06    31535.9        22.8279        8.20394e+06    9.43957e-08    0.00106066     1.90211e-06    0.00609371     5.43421e-08    6.09371e-12    8.73591e-07    
1.23155e-06    31549.3        22.8485        8.3749e+06     9.46103e-08    0.00106066     1.90211e-06    0.00600735     5.43481e-08    6.00735e-12    8.73632e-07    
1.23255e-06    31562.6        22.8691        8.54929e+06    9.4944e-08     0.00106066     1.90211e-06    0.00592981     5.43541e-08    5.92981e-12    8.73672e-07    
1.23355e-06    31576          22.8897        8.72731e+06    9.50156e-08    0.00106066     1.90211e-06    0.0058457      5.436e-08      5.8457e-12     8.73712e-07    
1.23455e-06    31589.3        22.9103        8.90888e+06    9.51348e-08    0.00106066     1.91432e-06    0.00580696     5.43658e-08    5.80696e-12    8.73751e-07    
1.23555e-06    31602.6        22.9309        9.0941e+06     9.52778e-08    0.00106066     1.91432e-06    0.00583292     5.43716e-08    5.83292e-12    8.73789e-07    
1.23655e-06    31615.9        22.9515        9.283e+06      9.54447e-08    0.00106066     1.91737e-06    0.00575012     5.43774e-08    5.75012e-12    8.73829e-07    
1.23755e-06    31629.2        22.972         9.47556e+06    9.55859e-08    0.00107042     1.91737e-06    0.00566846     5.43831e-08    5.66846e-12    8.73868e-07    
1.23855e-06    31642.4        22.9925        9.67208e+06    9.57289e-08    0.00107042     1.91737e-06    0.00561762     5.43888e-08    5.61762e-12    8.73906e-07    
1.23955e-06    31655.7        23.013         9.87268e+06    9.6015e-08     0.00107042     1.91737e-06    0.00558083     5.43944e-08    5.58082e-12    8.73944e-07    
1.24055e-06    31668.9        23.0336        1.00774e+07    9.61819e-08    0.00107042     1.9189e-06     0.00550149     5.43999e-08    5.50149e-12    8.73982e-07    
1.24155e-06    31682.2        23.0541        1.02862e+07    9.66349e-08    0.00107042     1.92042e-06    0.00542326     5.44054e-08    5.42326e-12    8.7402e-07     
1.24255e-06    31695.4        23.0746        1.04991e+07    9.66587e-08    0.00107042     1.92195e-06    0.00534611     5.44107e-08    5.34611e-12    8.74057e-07    
1.24355e-06    31708.6        23.095         1.07165e+07    9.67303e-08    0.00107042     1.925e-06      0.00527079     5.4416e-08     5.27079e-12    8.74094e-07    
1.24455e-06    31721.8        23.1155        1.09382e+07    9.70402e-08    0.00107042     1.92656e-06    0.00519575     5.44213e-08    5.19575e-12    8.74131e-07    
1.24555e-06    31735          23.136         1.11642e+07    9.72071e-08    0.00107042     1.92656e-06    0.0051422      5.44265e-08    5.1422e-12     8.74166e-07    
1.24655e-06    31748.2        23.1564        1.13948e+07    9.75628e-08    0.00108019     1.92809e-06    0.00506892     5.44316e-08    5.06892e-12    8.74202e-07    
1.24755e-06    31761.3        23.1768        1.16299e+07    9.77297e-08    0.00108019     1.92809e-06    0.00499676     5.44366e-08    4.99676e-12    8.74237e-07    
1.24855e-06    31774.5        23.1972        1.18696e+07    9.78251e-08    0.00108019     1.93114e-06    0.00495991     5.44416e-08    4.95991e-12    8.74272e-07    
1.24955e-06    31787.6        23.2176        1.21141e+07    9.8135e-08     0.00108019     1.93114e-06    0.00489764     5.44465e-08    4.89764e-12    8.74306e-07    
1.25055e-06    31800.7        23.238         1.23634e+07    9.83019e-08    0.00108019     1.94837e-06    0.00482786     5.44514e-08    4.82786e-12    8.74341e-07    
1.25155e-06    31813.9        23.2584        1.26178e+07    9.87072e-08    0.00108019     1.94837e-06    0.00475896     5.44562e-08    4.75896e-12    8.74375e-07    
1.25255e-06    31827          23.2787        1.28773e+07    9.89695e-08    0.00108019     1.94837e-06    0.00469102     5.44609e-08    4.69102e-12    8.74408e-07    
1.25355e-06    31840.1        23.2991        1.31419e+07    9.9041e-08     0.00108019     1.956e-06      0.00462403     5.44655e-08    4.62403e-12    8.74441e-07    
1.25455e-06    31853.1        23.3194        1.34118e+07    9.91841e-08    0.00108019     1.95905e-06    0.00456552     5.44701e-08    4.56552e-12    8.74474e-07    
1.25555e-06    31866.2        23.3397        1.36872e+07    9.94683e-08    0.00108995     1.96058e-06    0.00450026     5.44747e-08    4.50026e-12    8.74506e-07    
1.25655e-06    31879.3        23.36          1.39681e+07    9.9684e-08     0.00109972     1.9621e-06     0.00443591     5.44791e-08    4.43591e-12    8.74538e-07    
1.25755e-06    31892.3        23.3803        1.42546e+07    9.99463e-08    0.00109972     1.96555e-06    0.00437246     5.44835e-08    4.37246e-12    8.7457e-07     
1.25855e-06    31905.3        23.4006        1.45467e+07    1.00065e-07    0.00109972     1.96707e-06    0.00430989     5.44879e-08    4.30989e-12    8.74601e-07    
1.25955e-06    31918.4        23.4209        1.48446e+07    1.00352e-07    0.00109972     1.9686e-06     0.00427162     5.44922e-08    4.27162e-12    8.74632e-07    
1.26055e-06    31931.4        23.4412        1.51484e+07    1.00638e-07    0.00109972     1.97623e-06    0.00421143     5.44964e-08    4.21143e-12    8.74662e-07    
1.26155e-06    31944.4        23.4614        1.54581e+07    1.00709e-07    0.00109972     1.97775e-06    0.00415112     5.45006e-08    4.15112e-12    8.74693e-07    
1.26255e-06    31957.4        23.4816        1.57739e+07    1.00948e-07    0.00109972     1.97775e-06    0.00409182     5.45047e-08    4.09182e-12    8.74723e-07    
1.26355e-06    31970.3        23.5018        1.60961e+07    1.01067e-07    0.00109972     1.97775e-06    0.00408561     5.45088e-08    4.08561e-12    8.74752e-07    
1.26455e-06    31983.3        23.5221        1.64247e+07    1.01162e-07    0.00109972     1.97928e-06    0.00406035     5.45129e-08    4.06035e-12    8.74781e-07    
1.26555e-06    31996.3        23.5423        1.67599e+07    1.01399e-07    0.00110949     1.97928e-06    0.00400211     5.45169e-08    4.00211e-12    8.74811e-07    
1.26655e-06    32009.2        23.5624        1.71018e+07    1.01518e-07    0.00110949     1.9808e-06     0.00397735     5.45209e-08    3.97735e-12    8.7484e-07     
1.26755e-06    32022.1        23.5826        1.74503e+07    1.01709e-07    0.00110949     1.9808e-06     0.00392027     5.45248e-08    3.92027e-12    8.74869e-07    
1.26855e-06    32035          23.6028        1.78056e+07    1.01876e-07    0.00110949     1.98233e-06    0.00387909     5.45287e-08    3.87909e-12    8.74897e-07    
1.26955e-06    32048          23.6229        1.81683e+07    1.02376e-07    0.00110949     1.98386e-06    0.00382337     5.45326e-08    3.82337e-12    8.74926e-07    
1.27055e-06    32060.8        23.6431        1.85381e+07    1.02782e-07    0.00110949     1.98691e-06    0.00376867     5.45364e-08    3.76867e-12    8.74954e-07    
1.27155e-06    32073.7        23.6632        1.89151e+07    1.02948e-07    0.00110949     1.98843e-06    0.0037145      5.45401e-08    3.7145e-12     8.74981e-07    
1.27255e-06    32086.6        23.6833        1.92993e+07    1.0302e-07     0.00110949     1.98843e-06    0.00366108     5.45438e-08    3.66108e-12    8.75009e-07    
1.27355e-06    32099.5        23.7034        1.9691e+07     1.03378e-07    0.00110949     1.99606e-06    0.00361913     5.45475e-08    3.61913e-12    8.75036e-07    
1.27455e-06    32112.3        23.7235        2.00903e+07    1.0359e-07     0.00111925     1.99606e-06    0.00356705     5.45511e-08    3.56705e-12    8.75063e-07    
1.27555e-06    32125.2        23.7436        2.04976e+07    1.03781e-07    0.00111925     1.99606e-06    0.00351571     5.45546e-08    3.51571e-12    8.75089e-07    
1.27655e-06    32138          23.7636        2.09128e+07    1.03853e-07    0.00111925     2.00064e-06    0.003498       5.45581e-08    3.498e-12      8.75115e-07    
1.27755e-06    32150.8        23.7837        2.13361e+07    1.03948e-07    0.00111925     2.00064e-06    0.00344878     5.45616e-08    3.44878e-12    8.75141e-07    
1.27855e-06    32163.6        23.8037        2.17678e+07    1.04186e-07    0.00111925     2.00064e-06    0.00339908     5.4565e-08     3.39908e-12    8.75167e-07    
1.27955e-06    32176.4        23.8237        2.2208e+07     1.04496e-07    0.00111925     2.00064e-06    0.00335009     5.45684e-08    3.35009e-12    8.75193e-07    
1.28055e-06    32189.2        23.8437        2.26566e+07    1.04878e-07    0.00111925     2.00217e-06    0.00330178     5.45717e-08    3.30178e-12    8.75218e-07    
1.28155e-06    32201.9        23.8637        2.31145e+07    1.05068e-07    0.00111925     2.00217e-06    0.00325418     5.4575e-08     3.25418e-12    8.75243e-07    
1.28255e-06    32214.7        23.8837        2.35812e+07    1.0514e-07     0.00111925     2.00217e-06    0.00320722     5.45782e-08    3.20722e-12    8.75267e-07    
1.28355e-06    32227.4        23.9037        2.40569e+07    1.05449e-07    0.00113878     2.00217e-06    0.00316092     5.45814e-08    3.16092e-12    8.75292e-07    
1.28455e-06    32240.2        23.9237        2.45421e+07    1.05664e-07    0.00113878     2.00217e-06    0.00311528     5.45845e-08    3.11528e-12    8.75316e-07    
1.28555e-06    32252.9        23.9436        2.50368e+07    1.05831e-07    0.00113878     2.00566e-06    0.00309314     5.45876e-08    3.09314e-12    8.75339e-07    
1.28655e-06    32265.6        23.9636        2.55411e+07    1.0595e-07     0.00113878     2.02245e-06    0.00304844     5.45907e-08    3.04844e-12    8.75363e-07    
1.28755e-06    32278.3        23.9835        2.60554e+07    1.06188e-07    0.00113878     2.02855e-06    0.00300437     5.45937e-08    3.00437e-12    8.75386e-07    
1.28855e-06    32291          24.0034        2.65799e+07    1.06236e-07    0.00113878     2.0316e-06     0.00296093     5.45967e-08    2.96093e-12    8.75409e-07    
1.28955e-06    32303.7        24.0233        2.71148e+07    1.06355e-07    0.00113878     2.03313e-06    0.0029181      5.45997e-08    2.9181e-12     8.75432e-07    
1.29055e-06    32316.3        24.0433        2.76601e+07    1.06522e-07    0.00113878     2.03618e-06    0.00287587     5.46025e-08    2.87587e-12    8.75454e-07    
1.29155e-06    32329          24.0632        2.82159e+07    1.0688e-07     0.00113878     2.03618e-06    0.00283424     5.46054e-08    2.83424e-12    8.75477e-07    
1.29255e-06    32341.6        24.083         2.87823e+07    1.06951e-07    0.00113878     2.04381e-06    0.00279752     5.46082e-08    2.79752e-12    8.75499e-07    
1.29355e-06    32354.3        24.1029        2.93596e+07    1.07116e-07    0.00114855     2.04381e-06    0.00279379     5.4611e-08     2.79379e-12    8.7552e-07     
1.29455e-06    32366.9        24.1227        2.99481e+07    1.07593e-07    0.00114855     2.04686e-06    0.00276624     5.46138e-08    2.76624e-12    8.75542e-07    
1.29555e-06    32379.5        24.1426        3.05481e+07    1.07641e-07    0.00114855     2.04991e-06    0.00274619     5.46166e-08    2.74619e-12    8.75563e-07    
1.29655e-06    32392.1        24.1624        3.11596e+07    1.0807e-07     0.00114855     2.05144e-06    0.00270767     5.46193e-08    2.70767e-12    8.75584e-07    
1.29755e-06    32404.7        24.1822        3.17828e+07    1.08308e-07    0.00114855     2.05144e-06    0.00266839     5.4622e-08     2.66839e-12    8.75606e-07    
1.29855e-06    32417.3        24.202         3.24178e+07    1.0838e-07     0.00114855     2.05144e-06    0.00264143     5.46246e-08    2.64143e-12    8.75626e-07    
1.29955e-06    32429.8        24.2218        3.30662e+07    1.08427e-07    0.00114855     2.05297e-06    0.00260309     5.46272e-08    2.60309e-12    8.75647e-07    
1.30055e-06    32442.4        24.2416        3.37275e+07    1.08737e-07    0.00114855     2.05297e-06    0.00257216     5.46298e-08    2.57216e-12    8.75668e-07    
1.30155e-06    32454.9        24.2614        3.44016e+07    1.09024e-07    0.00114855     2.053e-06      0.0025348      5.46324e-08    2.5348e-12     8.75688e-07    
1.30255e-06    32467.5        24.2812        3.50898e+07    1.09236e-07    0.00115831     2.053e-06      0.00249796     5.46349e-08    2.49796e-12    8.75708e-07    
1.30355e-06    32480          24.301         3.57912e+07    1.09451e-07    0.00115831     2.05758e-06    0.00247982     5.46374e-08    2.47982e-12    8.75728e-07    
1.30455e-06    32492.5        24.3207        3.6506e+07     1.09665e-07    0.00115831     2.06063e-06    0.00244377     5.46399e-08    2.44377e-12    8.75747e-07    
1.30555e-06    32505          24.3405        3.72346e+07    1.0988e-07     0.00115831     2.06063e-06    0.00240823     5.46423e-08    2.40823e-12    8.75767e-07    
1.30655e-06    32517.5        24.3602        3.7977e+07     1.10094e-07    0.00115831     2.06216e-06    0.0023732      5.46447e-08    2.3732e-12     8.75786e-07    
1.30755e-06    32529.9        24.38          3.87337e+07    1.10357e-07    0.00115831     2.06216e-06    0.00233866     5.4647e-08     2.33866e-12    8.75805e-07    
1.30855e-06    32542.4        24.3997        3.95048e+07    1.10357e-07    0.00115831     2.06216e-06    0.00230782     5.46493e-08    2.30782e-12    8.75824e-07    
1.30955e-06    32554.9        24.4194        4.02908e+07    1.10571e-07    0.00115831     2.06216e-06    0.00227421     5.46516e-08    2.27421e-12    8.75842e-07    
1.31055e-06    32567.3        24.4391        4.10919e+07    1.10667e-07    0.00115831     2.06369e-06    0.0022416      5.46539e-08    2.2416e-12     8.75861e-07    
1.31155e-06    32579.7        24.4587        4.19081e+07    1.1093e-07     0.00116808     2.06369e-06    0.00220893     5.46561e-08    2.20893e-12    8.75879e-07    
1.31255e-06    32592.1        24.4784        4.27399e+07    1.1119e-07     0.00117785     2.06521e-06    0.0021916      5.46583e-08    2.1916e-12     8.75896e-07    
1.31355e-06    32604.6        24.498         4.35877e+07    1.11286e-07    0.00117785     2.06521e-06    0.00215965     5.46605e-08    2.15965e-12    8.75914e-07    
1.31455e-06    32617          24.5177        4.44517e+07    1.11715e-07    0.00117785     2.06826e-06    0.00212903     5.46626e-08    2.12903e-12    8.75932e-07    
1.31555e-06    32629.3        24.5373        4.53321e+07    1.11834e-07    0.00117785     2.06826e-06    0.00209798     5.46648e-08    2.09798e-12    8.75949e-07    
1.31655e-06    32641.7        24.5569        4.62292e+07    1.12001e-07    0.00117785     2.06979e-06    0.00206736     5.46668e-08    2.06736e-12    8.75966e-07    
1.31755e-06    32654.1        24.5765        4.7144e+07     1.12239e-07    0.00117785     2.07284e-06    0.00204302     5.46689e-08    2.04302e-12    8.75983e-07    
1.31855e-06    32666.4        24.5961        4.80764e+07    1.12287e-07    0.00117785     2.08047e-06    0.00201326     5.46709e-08    2.01326e-12    8.76e-07       
1.31955e-06    32678.8        24.6156        4.90263e+07    1.12311e-07    0.00117785     2.082e-06      0.00198385     5.46729e-08    1.98385e-12    8.76016e-07    
1.32055e-06    32691.1        24.6352        4.99945e+07    1.12502e-07    0.00117785     2.082e-06      0.00195486     5.46749e-08    1.95486e-12    8.76033e-07    
1.32155e-06    32703.4        24.6547        5.09814e+07    1.12645e-07    0.00117785     2.08352e-06    0.00192628     5.46768e-08    1.92628e-12    8.76049e-07    
1.32255e-06    32715.7        24.6743        5.19873e+07    1.13144e-07    0.00118761     2.08702e-06    0.00189811     5.46787e-08    1.89811e-12    8.76065e-07    
1.32355e-06    32728          24.6938        5.30124e+07    1.13454e-07    0.00118761     2.10228e-06    0.00187035     5.46806e-08    1.87035e-12    8.7608e-07     
1.32455e-06    32740.3        24.7133        5.40568e+07    1.13811e-07    0.00118761     2.1038e-06     0.00186544     5.46825e-08    1.86544e-12    8.76096e-07    
1.32555e-06    32752.6        24.7328        5.51212e+07    1.14002e-07    0.00118761     2.1038e-06     0.0018607      5.46844e-08    1.8607e-12     8.76111e-07    
1.32655e-06    32764.8        24.7523        5.62061e+07    1.14169e-07    0.00118761     2.1038e-06     0.00183962     5.46862e-08    1.83962e-12    8.76126e-07    
1.32755e-06    32777.1        24.7718        5.73116e+07    1.14431e-07    0.00118761     2.1038e-06     0.00181268     5.4688e-08     1.81268e-12    8.76142e-07    
1.32855e-06    32789.3        24.7912        5.84379e+07    1.1455e-07     0.00118761     2.10725e-06    0.00178612     5.46898e-08    1.78612e-12    8.76157e-07    
1.32955e-06    32801.6        24.8107        5.95855e+07    1.14765e-07    0.00118761     2.10877e-06    0.00175996     5.46916e-08    1.75996e-12    8.76172e-07    
1.33055e-06    32813.8        24.8301        6.0755e+07     1.15075e-07    0.00118761     2.10877e-06    0.00173466     5.46934e-08    1.73466e-12    8.76187e-07    
1.33155e-06    32826          24.8413        6.14387e+07    1.15218e-07    0.00118761     2.11487e-06    0.00170922     5.46951e-08    1.70922e-12    8.76201e-07    
1.33255e-06    32838.2        24.8609        6.26538e+07    1.15407e-07    0.00119738     2.11487e-06    0.00169625     5.46968e-08    1.69625e-12    8.76216e-07    
1.33355e-06    32850.4        24.8805        6.3892e+07     1.15764e-07    0.00119738     2.1164e-06     0.00167433     5.46985e-08    1.67433e-12    8.7623e-07     
1.33455e-06    32862.6        24.8992        6.51017e+07    1.1586e-07     0.00119738     2.11793e-06    0.00164975     5.47001e-08    1.64975e-12    8.76244e-07    
1.33555e-06    32874.7        24.9188        6.6392e+07     1.16146e-07    0.00119738     2.11945e-06    0.00162553     5.47018e-08    1.62553e-12    8.76258e-07    
1.33655e-06    32886.9        24.9473        6.8308e+07     1.16336e-07    0.00119738     2.11945e-06    0.00160165     5.47034e-08    1.60165e-12    8.76272e-07    
1.33755e-06    32899          24.9664        6.96255e+07    1.16599e-07    0.00119738     2.12708e-06    0.00157812     5.4705e-08     1.57812e-12    8.76286e-07    
1.33855e-06    32911.2        24.9855        7.09676e+07    1.16862e-07    0.00120714     2.12708e-06    0.00155626     5.47065e-08    1.55626e-12    8.76299e-07    
1.33955e-06    32923.3        25.0046        7.23357e+07    1.16981e-07    0.00120714     2.13013e-06    0.00153356     5.47081e-08    1.53356e-12    8.76313e-07    
1.34055e-06    32935.4        25.0237        7.37299e+07    1.17077e-07    0.00120714     2.13013e-06    0.001511       5.47096e-08    1.511e-12      8.76326e-07    
1.34155e-06    32947.5        25.0428        7.51501e+07    1.17291e-07    0.00120714     2.13319e-06    0.00150063     5.47111e-08    1.50063e-12    8.76339e-07    
1.34255e-06    32959.6        25.1145        8.07388e+07    1.1748e-07     0.00121691     2.13471e-06    0.00147854     5.47126e-08    1.47854e-12    8.76352e-07    
1.34355e-06    32971.7        25.1334        8.228e+07      1.17719e-07    0.00121691     2.13471e-06    0.00146204     5.47141e-08    1.46204e-12    8.76364e-07    
1.34455e-06    32983.7        25.1523        8.38494e+07    1.17885e-07    0.00121691     2.13776e-06    0.00144055     5.47155e-08    1.44055e-12    8.76377e-07    
1.34555e-06    32995.8        25.1712        8.54469e+07    1.18195e-07    0.00121691     2.13929e-06    0.00141933     5.47169e-08    1.41933e-12    8.76389e-07    
1.34655e-06    33007.8        25.19          8.7071e+07     1.18338e-07    0.00121691     2.14387e-06    0.00139842     5.47184e-08    1.39842e-12    8.76402e-07    
1.34755e-06    33019.9        25.2088        8.87234e+07    1.18529e-07    0.00121691     2.14387e-06    0.00137782     5.47197e-08    1.37782e-12    8.76414e-07    
1.34855e-06    33031.9        25.2276        9.04054e+07    1.18887e-07    0.00121691     2.14387e-06    0.00135751     5.47211e-08    1.35751e-12    8.76426e-07    
1.34955e-06    33043.9        25.2463        9.21178e+07    1.19054e-07    0.00121691     2.15302e-06    0.00133749     5.47225e-08    1.33749e-12    8.76438e-07    
1.35055e-06    33055.9        25.2651        9.38614e+07    1.19364e-07    0.00121691     2.16065e-06    0.00131776     5.47238e-08    1.31776e-12    8.7645e-07     
1.35155e-06    33067.9        25.2838        9.56374e+07    1.19505e-07    0.00122667     2.16218e-06    0.00129884     5.47251e-08    1.29884e-12    8.76461e-07    
1.35255e-06    33079.9        25.3026        9.74457e+07    1.196e-07      0.00122667     2.16218e-06    0.00128778     5.47264e-08    1.28778e-12    8.76473e-07    
1.35355e-06    33091.8        25.3213        9.9289e+07     1.20029e-07    0.00122667     2.1637e-06     0.00126877     5.47277e-08    1.26877e-12    8.76484e-07    
1.35455e-06    33103.8        25.34          1.01167e+08    1.20172e-07    0.00122667     2.1637e-06     0.00125003     5.47289e-08    1.25003e-12    8.76495e-07    
1.35555e-06    33115.7        25.3588        1.03079e+08    1.20506e-07    0.00122667     2.16675e-06    0.00123156     5.47302e-08    1.23156e-12    8.76506e-07    
1.35655e-06    33127.7        25.3775        1.05025e+08    1.20602e-07    0.00122667     2.16828e-06    0.00122817     5.47314e-08    1.22817e-12    8.76517e-07    
1.35755e-06    33139.6        25.3962        1.07008e+08    1.20816e-07    0.00122667     2.16981e-06    0.00121493     5.47326e-08    1.21493e-12    8.76528e-07    
1.35855e-06    33151.5        25.4149        1.09028e+08    1.20888e-07    0.00122667     2.16981e-06    0.00119696     5.47338e-08    1.19696e-12    8.76539e-07    
1.35955e-06    33163.4        25.4335        1.11084e+08    1.20983e-07    0.00122667     2.16981e-06    0.00117926     5.4735e-08     1.17926e-12    8.76549e-07    
1.36055e-06    33175.3        25.4522        1.13177e+08    1.21341e-07    0.00122667     2.17137e-06    0.0011645      5.47362e-08    1.1645e-12     8.7656e-07     
1.36155e-06    33187.2        25.4709        1.15308e+08    1.21627e-07    0.00122667     2.1886e-06     0.00114726     5.47373e-08    1.14726e-12    8.7657e-07     
1.36255e-06    33199.1        25.4895        1.17476e+08    1.21959e-07    0.00123644     2.1886e-06     0.00113059     5.47385e-08    1.13059e-12    8.76581e-07    
1.36355e-06    33210.9        25.5081        1.19683e+08    1.21959e-07    0.00123644     2.1886e-06     0.00112326     5.47396e-08    1.12326e-12    8.76591e-07    
1.36455e-06    33222.8        25.5267        1.2193e+08     1.22173e-07    0.00123644     2.19165e-06    0.00110662     5.47407e-08    1.10662e-12    8.76601e-07    
1.36555e-06    33234.6        25.5453        1.24219e+08    1.22292e-07    0.00123644     2.19165e-06    0.0010904      5.47418e-08    1.0904e-12     8.76611e-07    
1.36655e-06    33246.5        25.5639        1.2655e+08     1.2258e-07     0.0012462      2.19318e-06    0.00107423     5.47429e-08    1.07423e-12    8.76621e-07    
1.36755e-06    33258.3        25.5825        1.2892e+08     1.22842e-07    0.0012462      2.1947e-06     0.00105955     5.4744e-08     1.05955e-12    8.7663e-07     
1.36855e-06    33270.1        25.601         1.31333e+08    1.23033e-07    0.0012462      2.20081e-06    0.00104383     5.4745e-08     1.04383e-12    8.7664e-07     
1.36955e-06    33281.9        25.6195        1.33788e+08    1.23176e-07    0.0012462      2.20081e-06    0.00102833     5.47461e-08    1.02833e-12    8.7665e-07     
1.37055e-06    33293.7        25.638         1.36288e+08    1.23176e-07    0.0012462      2.20081e-06    0.00101798     5.47471e-08    1.01798e-12    8.76659e-07    
1.37155e-06    33305.5        25.6565        1.38831e+08    1.2339e-07     0.0012462      2.20233e-06    0.00100987     5.47481e-08    1.00987e-12    8.76668e-07    
1.37255e-06    33317.2        25.675         1.4142e+08     1.23889e-07    0.00125597     2.20386e-06    0.000994875    5.47491e-08    9.94875e-13    8.76677e-07    
1.37355e-06    33329          25.6935        1.44055e+08    1.24199e-07    0.00125597     2.20386e-06    0.000980094    5.47501e-08    9.80094e-13    8.76687e-07    
1.37455e-06    33340.7        25.7119        1.46738e+08    1.24223e-07    0.00125597     2.20386e-06    0.000965529    5.47511e-08    9.65529e-13    8.76696e-07    
1.37555e-06    33352.5        25.7304        1.49471e+08    1.24437e-07    0.00125597     2.20539e-06    0.000951175    5.4752e-08     9.51175e-13    8.76704e-07    
1.37655e-06    33364.2        25.7488        1.52254e+08    1.24533e-07    0.00125597     2.20691e-06    0.000937538    5.4753e-08     9.37538e-13    8.76713e-07    
1.37755e-06    33375.9        25.7673        1.55091e+08    1.24867e-07    0.00125597     2.20691e-06    0.000923591    5.47539e-08    9.23591e-13    8.76722e-07    
1.37855e-06    33387.6        25.7858        1.57983e+08    1.25176e-07    0.00125597     2.20996e-06    0.0009099      5.47548e-08    9.099e-13      8.7673e-07     
1.37955e-06    33399.3        25.8042        1.60928e+08    1.25391e-07    0.00125597     2.21149e-06    0.000896356    5.47557e-08    8.96356e-13    8.76739e-07    
1.38055e-06    33411          25.8227        1.63925e+08    1.25534e-07    0.00125597     2.21149e-06    0.000883017    5.47566e-08    8.83017e-13    8.76747e-07    
1.38155e-06    33422.7        25.8411        1.66975e+08    1.25653e-07    0.00125597     2.21301e-06    0.000875684    5.47575e-08    8.75684e-13    8.76755e-07    
1.38255e-06    33434.3        25.8595        1.70078e+08    1.25842e-07    0.00126574     2.21454e-06    0.000862638    5.47583e-08    8.62638e-13    8.76764e-07    
1.38355e-06    33446          25.8779        1.73236e+08    1.25985e-07    0.00126574     2.21759e-06    0.000849782    5.47592e-08    8.49782e-13    8.76772e-07    
1.38455e-06    33457.6        25.8963        1.76451e+08    1.26343e-07    0.00126574     2.21759e-06    0.000837114    5.476e-08      8.37114e-13    8.7678e-07     
1.38555e-06    33469.2        25.9147        1.79721e+08    1.2651e-07     0.00126574     2.21759e-06    0.000824632    5.47609e-08    8.24632e-13    8.76787e-07    
1.38655e-06    33480.9        25.933         1.83049e+08    1.26748e-07    0.00126574     2.21912e-06    0.00081302     5.47617e-08    8.1302e-13     8.76795e-07    
1.38755e-06    33492.5        25.9514        1.86436e+08    1.2701e-07     0.00126574     2.22675e-06    0.000800888    5.47625e-08    8.00888e-13    8.76803e-07    
1.38855e-06    33504.1        25.9697        1.89882e+08    1.27177e-07    0.00126574     2.22675e-06    0.000788934    5.47633e-08    7.88934e-13    8.7681e-07     
1.38955e-06    33515.7        25.988         1.93388e+08    1.27416e-07    0.00126574     2.22675e-06    0.000785426    5.47641e-08    7.85426e-13    8.76818e-07    
1.39055e-06    33527.2        26.0062        1.96957e+08    1.27463e-07    0.00126574     2.22675e-06    0.000775769    5.47649e-08    7.75769e-13    8.76825e-07    
1.39155e-06    33538.8        26.0245        2.00591e+08    1.27559e-07    0.00126574     2.2298e-06     0.000766377    5.47656e-08    7.66377e-13    8.76833e-07    
1.39255e-06    33550.4        26.0428        2.04286e+08    1.27676e-07    0.0012755      2.2298e-06     0.000754922    5.47664e-08    7.54922e-13    8.7684e-07     
1.39355e-06    33561.9        26.061         2.08043e+08    1.27844e-07    0.00128527     2.23743e-06    0.000743635    5.47671e-08    7.43635e-13    8.76847e-07    
1.39455e-06    33573.4        26.0792        2.11865e+08    1.27916e-07    0.00128527     2.23895e-06    0.000733615    5.47679e-08    7.33615e-13    8.76854e-07    
1.39555e-06    33585          26.0974        2.15761e+08    1.28202e-07    0.00128527     2.24048e-06    0.000727313    5.47686e-08    7.27313e-13    8.76861e-07    
1.39655e-06    33596.5        26.1156        2.19726e+08    1.28631e-07    0.00128527     2.24353e-06    0.000716495    5.47693e-08    7.16495e-13    8.76868e-07    
1.39755e-06    33608          26.1339        2.23768e+08    1.28893e-07    0.00128527     2.24506e-06    0.000705769    5.47701e-08    7.05769e-13    8.76875e-07    
1.39855e-06    33619.5        26.1521        2.27882e+08    1.29251e-07    0.00128527     2.24506e-06    0.0006952      5.47708e-08    6.952e-13      8.76882e-07    
1.39955e-06    33631          26.1703        2.32068e+08    1.29418e-07    0.00128527     2.24811e-06    0.000688692    5.47714e-08    6.88692e-13    8.76889e-07    
1.40055e-06    33642.4        26.1885        2.36328e+08    1.29632e-07    0.00128527     2.24811e-06    0.000678435    5.47721e-08    6.78435e-13    8.76895e-07    
1.40155e-06    33653.9        26.2067        2.40661e+08    1.29942e-07    0.00128527     2.24971e-06    0.000668267    5.47728e-08    6.68267e-13    8.76902e-07    
1.40255e-06    33665.4        26.2248        2.45068e+08    1.30061e-07    0.00128527     2.26534e-06    0.000663154    5.47735e-08    6.63154e-13    8.76908e-07    
1.40355e-06    33676.8        26.2429        2.49551e+08    1.30179e-07    0.00129503     2.26686e-06    0.00065321     5.47741e-08    6.5321e-13     8.76915e-07    
1.40455e-06    33688.2        26.261         2.54113e+08    1.30298e-07    0.00129503     2.26992e-06    0.000643411    5.47748e-08    6.43411e-13    8.76921e-07    
1.40555e-06    33699.6        26.2791        2.58754e+08    1.30369e-07    0.00129503     2.26992e-06    0.000633757    5.47754e-08    6.33757e-13    8.76927e-07    
1.40655e-06    33711.1        26.2972        2.63478e+08    1.30608e-07    0.00129503     2.26992e-06    0.000624246    5.4776e-08     6.24246e-13    8.76933e-07    
1.40755e-06    33722.5        26.3153        2.68285e+08    1.30894e-07    0.00129503     2.27336e-06    0.000614876    5.47767e-08    6.14876e-13    8.7694e-07     
1.40855e-06    33733.9        26.3334        2.73179e+08    1.31156e-07    0.00129503     2.27488e-06    0.000605644    5.47773e-08    6.05644e-13    8.76946e-07    
1.40955e-06    33745.2        26.3515        2.7816e+08     1.31681e-07    0.00129503     2.27488e-06    0.000596551    5.47779e-08    5.96551e-13    8.76952e-07    
1.41055e-06    33756.6        26.3695        2.8323e+08     1.31848e-07    0.00129503     2.28404e-06    0.00058778     5.47785e-08    5.8778e-13     8.76957e-07    
1.41155e-06    33768          26.3876        2.88387e+08    1.32181e-07    0.00129503     2.28557e-06    0.000578948    5.4779e-08     5.78948e-13    8.76963e-07    
1.41255e-06    33779.3        26.4056        2.93635e+08    1.32205e-07    0.00129503     2.28709e-06    0.000574806    5.47796e-08    5.74806e-13    8.76969e-07    
1.41355e-06    33790.7        26.4236        2.98974e+08    1.32323e-07    0.0013048      2.28709e-06    0.000566166    5.47802e-08    5.66166e-13    8.76975e-07    
1.41455e-06    33802          26.4416        3.04404e+08    1.32537e-07    0.0013048      2.28709e-06    0.000557656    5.47808e-08    5.57656e-13    8.7698e-07     
1.41555e-06    33813.3        26.4596        3.09927e+08    1.32704e-07    0.0013048      2.28709e-06    0.000549286    5.47813e-08    5.49286e-13    8.76986e-07    
1.41655e-06    33824.6        26.4776        3.1555e+08     1.32847e-07    0.0013048      2.29472e-06    0.000541024    5.47819e-08    5.41024e-13    8.76991e-07    
1.41755e-06    33835.9        26.4956        3.21275e+08    1.33085e-07    0.0013048      2.29472e-06    0.000532884    5.47824e-08    5.32884e-13    8.76997e-07    
1.41855e-06    33847.2        26.5135        3.27101e+08    1.33229e-07    0.0013048      2.2993e-06     0.000526978    5.47829e-08    5.26978e-13    8.77002e-07    
1.41955e-06    33858.5        26.5315        3.33031e+08    1.33443e-07    0.0013048      2.30082e-06    0.000519047    5.47834e-08    5.19047e-13    8.77007e-07    
1.42055e-06    33869.7        26.5495        3.39067e+08    1.33682e-07    0.0013048      2.30082e-06    0.000511331    5.4784e-08     5.11331e-13    8.77012e-07    
1.42155e-06    33881          26.5674        3.45208e+08    1.33897e-07    0.00131456     2.30239e-06    0.000503632    5.47845e-08    5.03632e-13    8.77018e-07    
1.42255e-06    33892.3        26.5853        3.51455e+08    1.34088e-07    0.00131456     2.30239e-06    0.000496047    5.4785e-08     4.96047e-13    8.77023e-07    
1.42355e-06    33903.5        26.6033        3.57806e+08    1.34541e-07    0.00131456     2.30849e-06    0.000491148    5.47855e-08    4.91148e-13    8.77028e-07    
1.42455e-06    33914.7        26.6211        3.64265e+08    1.34777e-07    0.00132433     2.30849e-06    0.000485465    5.47859e-08    4.85465e-13    8.77033e-07    
1.42555e-06    33925.9        26.639         3.70837e+08    1.35087e-07    0.00132433     2.31002e-06    0.000478148    5.47864e-08    4.78148e-13    8.77037e-07    
1.42655e-06    33937.1        26.6569        3.77532e+08    1.3523e-07     0.00132433     2.31154e-06    0.00047094     5.47869e-08    4.7094e-13     8.77042e-07    
1.42755e-06    33948.3        26.6748        3.84343e+08    1.35302e-07    0.00132433     2.31154e-06    0.000464733    5.47874e-08    4.64733e-13    8.77047e-07    
1.42855e-06    33959.5        26.6927        3.91279e+08    1.35421e-07    0.00132433     2.31917e-06    0.000457723    5.47878e-08    4.57723e-13    8.77052e-07    
1.42955e-06    33970.7        26.7106        3.98333e+08    1.35564e-07    0.00132433     2.31917e-06    0.00045353     5.47883e-08    4.5353e-13     8.77056e-07    
1.43055e-06    33981.9        26.7284        4.05507e+08    1.35993e-07    0.00132433     2.31917e-06    0.000449878    5.47887e-08    4.49878e-13    8.77061e-07    
1.43155e-06    33993          26.7462        4.12802e+08    1.3647e-07     0.00132433     2.3268e-06     0.000443096    5.47892e-08    4.43096e-13    8.77066e-07    
1.43255e-06    34004.2        26.764         4.2022e+08     1.36566e-07    0.00132433     2.32833e-06    0.000436407    5.47896e-08    4.36407e-13    8.7707e-07     
1.43355e-06    34015.3        26.7818        4.27758e+08    1.36923e-07    0.00132433     2.32833e-06    0.000429822    5.47901e-08    4.29822e-13    8.77075e-07    
1.43455e-06    34026.4        26.7996        4.35417e+08    1.37184e-07    0.0013341      2.32833e-06    0.000423331    5.47905e-08    4.23331e-13    8.77079e-07    
1.43555e-06    34037.6        26.8173        4.43204e+08    1.37398e-07    0.0013341      2.32833e-06    0.000419629    5.47909e-08    4.19629e-13    8.77083e-07    
1.43655e-06    34048.7        26.835         4.51126e+08    1.37589e-07    0.0013341      2.32833e-06    0.00041329     5.47913e-08    4.13289e-13    8.77088e-07    
1.43755e-06    34059.8        26.8527        4.59181e+08    1.3766e-07     0.0013341      2.32833e-06    0.000407044    5.47917e-08    4.07044e-13    8.77092e-07    
1.43855e-06    34070.8        26.8704        4.67363e+08    1.37708e-07    0.0013341      2.32986e-06    0.000401065    5.47921e-08    4.01065e-13    8.77096e-07    
1.43955e-06    34081.9        26.888         4.75683e+08    1.37851e-07    0.0013341      2.33291e-06    0.000395805    5.47925e-08    3.95805e-13    8.771e-07      
1.44055e-06    34093          26.9057        4.84146e+08    1.37994e-07    0.0013341      2.33443e-06    0.00038982     5.47929e-08    3.8982e-13     8.77104e-07    
1.44155e-06    34104          26.9233        4.92752e+08    1.3828e-07     0.0013341      2.33443e-06    0.000383925    5.47933e-08    3.83925e-13    8.77109e-07    
1.44255e-06    34115.1        26.9409        5.01504e+08    1.38495e-07    0.0013341      2.33443e-06    0.000378117    5.47937e-08    3.78117e-13    8.77113e-07    
1.44355e-06    34126.1        26.9585        5.10408e+08    1.38757e-07    0.0013341      2.33748e-06    0.000372396    5.47941e-08    3.72396e-13    8.77116e-07    
1.44455e-06    34137.2        26.9761        5.19467e+08    1.38924e-07    0.0013341      2.35624e-06    0.000369198    5.47944e-08    3.69198e-13    8.7712e-07     
1.44555e-06    34148.2        26.9937        5.28681e+08    1.39018e-07    0.00134386     2.35624e-06    0.00036361     5.47948e-08    3.6361e-13     8.77124e-07    
1.44655e-06    34159.2        27.0112        5.3805e+08     1.39375e-07    0.00134386     2.36539e-06    0.000358258    5.47952e-08    3.58258e-13    8.77128e-07    
1.44755e-06    34170.2        27.0288        5.47583e+08    1.39399e-07    0.00134386     2.36539e-06    0.000352896    5.47955e-08    3.52896e-13    8.77132e-07    
1.44855e-06    34181.2        27.0463        5.57285e+08    1.39685e-07    0.00134386     2.36539e-06    0.00034932     5.47959e-08    3.4932e-13     8.77135e-07    
1.44955e-06    34192.1        27.0639        5.67155e+08    1.39877e-07    0.00135363     2.36845e-06    0.000344031    5.47962e-08    3.44031e-13    8.77139e-07    
1.45055e-06    34203.1        27.0814        5.77195e+08    1.39996e-07    0.00135363     2.3715e-06     0.000338822    5.47966e-08    3.38822e-13    8.77143e-07    
1.45155e-06    34214.1        27.099         5.87407e+08    1.40449e-07    0.00135363     2.3715e-06     0.000333693    5.47969e-08    3.33693e-13    8.77146e-07    
1.45255e-06    34225          27.1165        5.97787e+08    1.40664e-07    0.00135363     2.3715e-06     0.000328646    5.47972e-08    3.28646e-13    8.7715e-07     
1.45355e-06    34235.9        27.134         6.08344e+08    1.40831e-07    0.00135363     2.37302e-06    0.00032367     5.47976e-08    3.2367e-13     8.77153e-07    
1.45455e-06    34246.9        27.1515        6.19081e+08    1.40974e-07    0.00135363     2.37455e-06    0.000318786    5.47979e-08    3.18786e-13    8.77157e-07    
1.45555e-06    34257.8        27.169         6.29998e+08    1.41188e-07    0.00135363     2.37608e-06    0.00031396     5.47982e-08    3.1396e-13     8.7716e-07     
1.45655e-06    34268.7        27.1864        6.41094e+08    1.41425e-07    0.00136339     2.37608e-06    0.000309207    5.47985e-08    3.09207e-13    8.77164e-07    
1.45755e-06    34279.6        27.2039        6.5237e+08     1.41592e-07    0.00136339     2.3776e-06     0.000304526    5.47988e-08    3.04526e-13    8.77167e-07    
1.45855e-06    34290.5        27.2213        6.63833e+08    1.41925e-07    0.00136339     2.37913e-06    0.000299916    5.47991e-08    2.99916e-13    8.7717e-07     
1.45955e-06    34301.4        27.2387        6.75486e+08    1.42188e-07    0.00136339     2.38065e-06    0.000296612    5.47994e-08    2.96612e-13    8.77173e-07    
1.46055e-06    34312.2        27.2561        6.87334e+08    1.42259e-07    0.00136339     2.38676e-06    0.000292863    5.47997e-08    2.92863e-13    8.77177e-07    
1.46155e-06    34323.1        27.2735        6.99378e+08    1.42474e-07    0.00136339     2.38828e-06    0.00028879     5.48e-08       2.8879e-13     8.7718e-07     
1.46255e-06    34333.9        27.2908        7.11629e+08    1.42831e-07    0.00136339     2.38981e-06    0.000284418    5.48003e-08    2.84418e-13    8.77183e-07    
1.46355e-06    34344.8        27.3082        7.24085e+08    1.42975e-07    0.00136339     2.38981e-06    0.000281928    5.48006e-08    2.81928e-13    8.77186e-07    
1.46455e-06    34355.6        27.3255        7.36747e+08    1.43165e-07    0.00136339     2.39133e-06    0.000279153    5.48009e-08    2.79153e-13    8.77189e-07    
1.46555e-06    34366.4        27.3428        7.49624e+08    1.43475e-07    0.00136339     2.39286e-06    0.000274927    5.48011e-08    2.74927e-13    8.77192e-07    
1.46655e-06    34377.2        27.3602        7.62725e+08    1.43523e-07    0.00136339     2.39286e-06    0.000270765    5.48014e-08    2.70765e-13    8.77195e-07    
1.46755e-06    34388          27.3775        7.76036e+08    1.43736e-07    0.00137316     2.39439e-06    0.000266667    5.48017e-08    2.66667e-13    8.77198e-07    
1.46855e-06    34398.8        27.3948        7.89568e+08    1.43926e-07    0.00137316     2.39591e-06    0.000262782    5.48019e-08    2.62782e-13    8.77201e-07    
1.46955e-06    34409.6        27.412         8.03325e+08    1.44069e-07    0.00137316     2.39744e-06    0.000258806    5.48022e-08    2.58806e-13    8.77204e-07    
1.47055e-06    34420.4        27.4293        8.17309e+08    1.44189e-07    0.00137316     2.40507e-06    0.000256428    5.48025e-08    2.56428e-13    8.77206e-07    
1.47155e-06    34431.1        27.4465        8.31523e+08    1.44403e-07    0.00137316     2.40659e-06    0.000252547    5.48027e-08    2.52547e-13    8.77209e-07    
1.47255e-06    34441.9        27.4638        8.45973e+08    1.44642e-07    0.00137316     2.40812e-06    0.000248725    5.4803e-08     2.48725e-13    8.77212e-07    
1.47355e-06    34452.6        27.481         8.60672e+08    1.44808e-07    0.00137316     2.40965e-06    0.000244961    5.48032e-08    2.44961e-13    8.77215e-07    
1.47455e-06    34463.3        27.4982        8.75616e+08    1.44999e-07    0.00137316     2.41117e-06    0.000241467    5.48034e-08    2.41467e-13    8.77217e-07    
1.47555e-06    34474.1        27.5154        8.90805e+08    1.45238e-07    0.00137316     2.41117e-06    0.000238574    5.48037e-08    2.38574e-13    8.7722e-07     
1.47655e-06    34484.8        27.5326        9.06244e+08    1.45619e-07    0.00137316     2.41117e-06    0.000235023    5.48039e-08    2.35023e-13    8.77223e-07    
1.47755e-06    34495.5        27.5497        9.21936e+08    1.45882e-07    0.00138292     2.41117e-06    0.000231468    5.48042e-08    2.31468e-13    8.77225e-07    
1.47855e-06    34506.2        27.5669        9.37885e+08    1.46e-07       0.00139269     2.4127e-06     0.000229413    5.48044e-08    2.29413e-13    8.77228e-07    
1.47955e-06    34516.9        27.584         9.54096e+08    1.46238e-07    0.00139269     2.4127e-06     0.00022726     5.48046e-08    2.2726e-13     8.7723e-07     
1.48055e-06    34527.5        27.6012        9.70573e+08    1.46357e-07    0.00139269     2.4188e-06     0.000223824    5.48048e-08    2.23824e-13    8.77233e-07    
1.48155e-06    34538.2        27.6183        9.87317e+08    1.46572e-07    0.00139269     2.4188e-06     0.00022044     5.48051e-08    2.2044e-13     8.77235e-07    
1.48255e-06    34548.8        27.6353        1.00434e+09    1.46858e-07    0.00139269     2.42185e-06    0.000217107    5.48053e-08    2.17107e-13    8.77238e-07    
1.48355e-06    34559.5        27.6524        1.02164e+09    1.46906e-07    0.00139269     2.42338e-06    0.000213826    5.48055e-08    2.13826e-13    8.7724e-07     
1.48455e-06    34570.1        27.6695        1.03923e+09    1.47073e-07    0.00139269     2.42494e-06    0.000210594    5.48057e-08    2.10594e-13    8.77243e-07    
1.48555e-06    34580.7        27.6866        1.05712e+09    1.47192e-07    0.00139269     2.42494e-06    0.000207411    5.48059e-08    2.07411e-13    8.77245e-07    
1.48655e-06    34591.4        27.7036        1.07529e+09    1.47478e-07    0.00139269     2.42494e-06    0.000204295    5.48061e-08    2.04295e-13    8.77247e-07    
1.48755e-06    34602          27.7206        1.09376e+09    1.4774e-07     0.00139269     2.42647e-06    0.000201208    5.48063e-08    2.01208e-13    8.7725e-07     
1.48855e-06    34612.6        27.7377        1.11254e+09    1.47955e-07    0.00139269     2.42655e-06    0.000198166    5.48065e-08    1.98166e-13    8.77252e-07    
1.48955e-06    34623.1        27.7547        1.13162e+09    1.48334e-07    0.00140245     2.44256e-06    0.00019517     5.48067e-08    1.9517e-13     8.77254e-07    
1.49055e-06    34633.7        27.7717        1.15101e+09    1.48501e-07    0.00140245     2.44409e-06    0.00019222     5.48069e-08    1.9222e-13     8.77256e-07    
1.49155e-06    34644.3        27.7886        1.17071e+09    1.48573e-07    0.00140245     2.45019e-06    0.000189314    5.48071e-08    1.89314e-13    8.77259e-07    
1.49255e-06    34654.8        27.8056        1.19074e+09    1.48692e-07    0.00140245     2.45172e-06    0.00018645     5.48073e-08    1.8645e-13     8.77261e-07    
1.49355e-06    34665.4        27.8225        1.2111e+09     1.48954e-07    0.00140245     2.45324e-06    0.00018363     5.48075e-08    1.8363e-13     8.77263e-07    
1.49455e-06    34675.9        27.8395        1.23179e+09    1.49097e-07    0.00140245     2.45477e-06    0.000180853    5.48077e-08    1.80853e-13    8.77265e-07    
1.49555e-06    34686.5        27.8564        1.25282e+09    1.49336e-07    0.00140245     2.45477e-06    0.000178116    5.48078e-08    1.78116e-13    8.77267e-07    
1.49655e-06    34697          27.8733        1.27419e+09    1.4936e-07     0.00140245     2.45477e-06    0.0001771      5.4808e-08     1.771e-13      8.77269e-07    
1.49755e-06    34707.5        27.8902        1.29591e+09    1.4986e-07     0.00140245     2.46087e-06    0.000174418    5.48082e-08    1.74418e-13    8.77271e-07    
1.49855e-06    34718          27.9071        1.31798e+09    1.49932e-07    0.00140245     2.46087e-06    0.000172053    5.48084e-08    1.72053e-13    8.77273e-07    
1.49955e-06    34728.5        27.924         1.34042e+09    1.50146e-07    0.00140245     2.46087e-06    0.000169583    5.48085e-08    1.69583e-13    8.77275e-07    
1.50055e-06    34739          27.9409        1.36322e+09    1.50311e-07    0.00141222     2.46698e-06    0.000167012    5.48087e-08    1.67012e-13    8.77277e-07    
1.50155e-06    34749.4        27.9577        1.38638e+09    1.50717e-07    0.00141222     2.47003e-06    0.000165238    5.48089e-08    1.65238e-13    8.77279e-07    
1.50255e-06    34759.9        27.9746        1.40992e+09    1.50764e-07    0.00141222     2.47003e-06    0.000162732    5.4809e-08     1.62732e-13    8.77281e-07    
1.50355e-06    34770.3        27.9914        1.43384e+09    1.50931e-07    0.00141222     2.47613e-06    0.000160509    5.48092e-08    1.60509e-13    8.77283e-07    
1.50455e-06    34780.8        28.0082        1.45815e+09    1.51146e-07    0.00141222     2.47918e-06    0.000158073    5.48094e-08    1.58073e-13    8.77285e-07    
1.50555e-06    34791.2        28.025         1.48287e+09    1.5136e-07     0.00141222     2.47918e-06    0.000155674    5.48095e-08    1.55674e-13    8.77286e-07    
1.50655e-06    34801.6        28.0418        1.50798e+09    1.51648e-07    0.00142199     2.48224e-06    0.000154082    5.48097e-08    1.54082e-13    8.77288e-07    
1.50755e-06    34812.1        28.0586        1.53351e+09    1.51862e-07    0.00142199     2.48376e-06    0.000152583    5.48098e-08    1.52583e-13    8.7729e-07     
1.50855e-06    34822.5        28.0754        1.55945e+09    1.51958e-07    0.00142199     2.48987e-06    0.000150265    5.481e-08      1.50265e-13    8.77292e-07    
1.50955e-06    34832.9        28.0921        1.5858e+09     1.5222e-07     0.00142199     2.49749e-06    0.000147982    5.48101e-08    1.47982e-13    8.77293e-07    
1.51055e-06    34843.2        28.1089        1.61258e+09    1.5253e-07     0.00142199     2.49902e-06    0.000145733    5.48103e-08    1.45733e-13    8.77295e-07    
1.51155e-06    34853.6        28.1256        1.63978e+09    1.52885e-07    0.00143175     2.49902e-06    0.000143518    5.48104e-08    1.43518e-13    8.77297e-07    
1.51255e-06    34864          28.1423        1.66744e+09    1.53005e-07    0.00143175     2.50207e-06    0.000141337    5.48106e-08    1.41337e-13    8.77299e-07    
1.51355e-06    34874.3        28.159         1.69553e+09    1.53267e-07    0.00143175     2.5036e-06     0.000140053    5.48107e-08    1.40053e-13    8.773e-07      
1.51455e-06    34884.7        28.1757        1.72409e+09    1.53338e-07    0.00143175     2.5036e-06     0.000137924    5.48108e-08    1.37924e-13    8.77302e-07    
1.51555e-06    34895          28.1924        1.7531e+09     1.53434e-07    0.00143175     2.5036e-06     0.000135826    5.4811e-08     1.35826e-13    8.77303e-07    
1.51655e-06    34905.4        28.2091        1.78257e+09    1.53625e-07    0.00143175     2.5036e-06     0.000133761    5.48111e-08    1.33761e-13    8.77305e-07    
1.51755e-06    34915.7        28.2257        1.81251e+09    1.53815e-07    0.00143175     2.5036e-06     0.000131727    5.48112e-08    1.31727e-13    8.77307e-07    
1.51855e-06    34926          28.2424        1.84292e+09    1.54054e-07    0.00143175     2.50512e-06    0.000129723    5.48114e-08    1.29723e-13    8.77308e-07    
1.51955e-06    34936.3        28.259         1.87381e+09    1.54435e-07    0.00143175     2.50665e-06    0.000128518    5.48115e-08    1.28518e-13    8.7731e-07     
1.52055e-06    34946.6        28.2756        1.9052e+09     1.54531e-07    0.00143175     2.50818e-06    0.000126563    5.48116e-08    1.26563e-13    8.77311e-07    
1.52155e-06    34956.9        28.2922        1.9371e+09     1.54697e-07    0.00143175     2.50818e-06    0.000124638    5.48118e-08    1.24638e-13    8.77313e-07    
1.52255e-06    34967.1        28.3088        1.96952e+09    1.54697e-07    0.00143175     2.5097e-06     0.000122741    5.48119e-08    1.22741e-13    8.77314e-07    
1.52355e-06    34977.4        28.3254        2.00245e+09    1.54862e-07    0.00144152     2.5097e-06     0.000120874    5.4812e-08     1.20874e-13    8.77316e-07    
1.52455e-06    34987.7        28.342         2.03591e+09    1.55053e-07    0.00144152     2.5097e-06     0.000119035    5.48121e-08    1.19035e-13    8.77317e-07    
1.52555e-06    34997.9        28.3585        2.0699e+09     1.55411e-07    0.00144152     2.5097e-06     0.000117233    5.48122e-08    1.17233e-13    8.77319e-07    
1.52655e-06    35008.1        28.3751        2.10444e+09    1.55649e-07    0.00144152     2.51886e-06    0.000115449    5.48124e-08    1.15449e-13    8.7732e-07     
1.52755e-06    35018.4        28.3916        2.13952e+09    1.5584e-07     0.00144152     2.51886e-06    0.000113692    5.48125e-08    1.13692e-13    8.77321e-07    
1.52855e-06    35028.6        28.4081        2.17518e+09    1.56245e-07    0.00144152     2.52191e-06    0.000111962    5.48126e-08    1.11962e-13    8.77323e-07    
1.52955e-06    35038.8        28.4246        2.2114e+09     1.56555e-07    0.00144152     2.52343e-06    0.000110258    5.48127e-08    1.10258e-13    8.77324e-07    
1.53055e-06    35049          28.4411        2.24819e+09    1.56937e-07    0.00144152     2.52343e-06    0.00010858     5.48128e-08    1.0858e-13     8.77325e-07    
1.53155e-06    35059.2        28.4576        2.28555e+09    1.56961e-07    0.00144152     2.52343e-06    0.000107598    5.48129e-08    1.07598e-13    8.77327e-07    
1.53255e-06    35069.4        28.4741        2.32351e+09    1.5739e-07     0.00144152     2.52343e-06    0.00010596     5.4813e-08     1.0596e-13     8.77328e-07    
1.53355e-06    35079.5        28.4906        2.36206e+09    1.57533e-07    0.00144152     2.52649e-06    0.000104347    5.48131e-08    1.04347e-13    8.77329e-07    
1.53455e-06    35089.7        28.507         2.40122e+09    1.5789e-07     0.00146105     2.52801e-06    0.000103015    5.48132e-08    1.03015e-13    8.7733e-07     
1.53555e-06    35099.8        28.5234        2.44099e+09    1.58295e-07    0.00146105     2.52962e-06    0.000101722    5.48133e-08    1.01722e-13    8.77332e-07    
1.53655e-06    35110          28.5398        2.4814e+09     1.58366e-07    0.00146105     2.55745e-06    0.000100172    5.48134e-08    1.00172e-13    8.77333e-07    
1.53755e-06    35120.1        28.5563        2.52245e+09    1.58676e-07    0.00146105     2.55745e-06    9.87471e-05    5.48135e-08    9.8747e-14     8.77334e-07    
1.53855e-06    35130.2        28.5726        2.56415e+09    1.58843e-07    0.00146105     2.55897e-06    9.72426e-05    5.48136e-08    9.72426e-14    8.77335e-07    
1.53955e-06    35140.4        28.589         2.6065e+09     1.58939e-07    0.00146105     2.5605e-06     9.63023e-05    5.48137e-08    9.63023e-14    8.77337e-07    
1.54055e-06    35150.5        28.6054        2.64952e+09    1.58962e-07    0.00146105     2.56203e-06    9.51825e-05    5.48138e-08    9.51825e-14    8.77338e-07    
1.54155e-06    35160.6        28.6218        2.6932e+09     1.59082e-07    0.00146105     2.56203e-06    9.37317e-05    5.48139e-08    9.37317e-14    8.77339e-07    
1.54255e-06    35170.6        28.6381        2.73757e+09    1.5932e-07     0.00146105     2.56203e-06    9.23027e-05    5.4814e-08     9.23027e-14    8.7734e-07     
1.54355e-06    35180.7        28.6544        2.78262e+09    1.59368e-07    0.00146105     2.56203e-06    9.08954e-05    5.48141e-08    9.08954e-14    8.77341e-07    
1.54455e-06    35190.8        28.6707        2.82839e+09    1.59749e-07    0.00146105     2.56203e-06    8.95094e-05    5.48142e-08    8.95094e-14    8.77342e-07    
1.54555e-06    35200.8        28.687         2.8749e+09     1.60274e-07    0.00146105     2.56203e-06    8.85801e-05    5.48143e-08    8.85801e-14    8.77343e-07    
1.54655e-06    35210.9        28.7033        2.92213e+09    1.60486e-07    0.00147081     2.56355e-06    8.72292e-05    5.48144e-08    8.72292e-14    8.77344e-07    
1.54755e-06    35220.9        28.7196        2.97009e+09    1.60701e-07    0.00147081     2.56355e-06    8.59141e-05    5.48145e-08    8.59141e-14    8.77346e-07    
1.54855e-06    35231          28.7359        3.01879e+09    1.60701e-07    0.00147081     2.56664e-06    8.51283e-05    5.48145e-08    8.51283e-14    8.77347e-07    
1.54955e-06    35241          28.7521        3.06827e+09    1.60796e-07    0.00147081     2.56664e-06    8.38298e-05    5.48146e-08    8.38298e-14    8.77348e-07    
1.55055e-06    35251          28.7684        3.11852e+09    1.61035e-07    0.00147081     2.57427e-06    8.25508e-05    5.48147e-08    8.25508e-14    8.77349e-07    
1.55155e-06    35261          28.7846        3.16961e+09    1.61202e-07    0.00147081     2.5819e-06     8.12912e-05    5.48148e-08    8.12912e-14    8.7735e-07     
1.55255e-06    35271          28.8009        3.22149e+09    1.61273e-07    0.00147081     2.5819e-06     8.00507e-05    5.48149e-08    8.00507e-14    8.77351e-07    
1.55355e-06    35281          28.8171        3.27418e+09    1.61679e-07    0.00147081     2.5819e-06     7.88362e-05    5.4815e-08     7.88362e-14    8.77352e-07    
1.55455e-06    35291          28.8333        3.32771e+09    1.61822e-07    0.00147081     2.5819e-06     7.76384e-05    5.4815e-08     7.76384e-14    8.77353e-07    
1.55555e-06    35300.9        28.8495        3.38211e+09    1.62179e-07    0.00147081     2.58343e-06    7.68845e-05    5.48151e-08    7.68845e-14    8.77354e-07    
1.55655e-06    35310.9        28.8657        3.43737e+09    1.62298e-07    0.00147081     2.58495e-06    7.57108e-05    5.48152e-08    7.57108e-14    8.77355e-07    
1.55755e-06    35320.9        28.8819        3.4935e+09     1.62513e-07    0.00147081     2.58495e-06    7.45549e-05    5.48153e-08    7.45549e-14    8.77356e-07    
1.55855e-06    35330.8        28.8981        3.55049e+09    1.62726e-07    0.00148058     2.58495e-06    7.34165e-05    5.48153e-08    7.34165e-14    8.77357e-07    
1.55955e-06    35340.7        28.9143        3.60836e+09    1.63012e-07    0.00148058     2.588e-06      7.22953e-05    5.48154e-08    7.22953e-14    8.77357e-07    
1.56055e-06    35350.7        28.9304        3.66713e+09    1.6325e-07     0.00148058     2.588e-06      7.1191e-05     5.48155e-08    7.1191e-14     8.77358e-07    
1.56155e-06    35360.6        28.9466        3.72679e+09    1.63369e-07    0.00148058     2.588e-06      7.01033e-05    5.48155e-08    7.01033e-14    8.77359e-07    
1.56255e-06    35370.5        28.9627        3.78738e+09    1.63512e-07    0.00148058     2.588e-06      6.9032e-05     5.48156e-08    6.9032e-14     8.7736e-07     
1.56355e-06    35380.4        28.9788        3.84889e+09    1.6368e-07     0.00149035     2.588e-06      6.79769e-05    5.48157e-08    6.79769e-14    8.77361e-07    
1.56455e-06    35390.3        28.9949        3.91135e+09    1.63943e-07    0.00149035     2.588e-06      6.69377e-05    5.48158e-08    6.69377e-14    8.77362e-07    
1.56555e-06    35400.1        29.011         3.97477e+09    1.64181e-07    0.00149035     2.58953e-06    6.59907e-05    5.48158e-08    6.59907e-14    8.77363e-07    
1.56655e-06    35410          29.0271        4.03918e+09    1.64515e-07    0.00149035     2.59411e-06    6.49817e-05    5.48159e-08    6.49817e-14    8.77364e-07    
1.56755e-06    35419.9        29.0431        4.10461e+09    1.64563e-07    0.00149035     2.59411e-06    6.42236e-05    5.4816e-08     6.42236e-14    8.77364e-07    
1.56855e-06    35429.7        29.0592        4.17103e+09    1.6473e-07     0.00149035     2.59411e-06    6.32414e-05    5.4816e-08     6.32414e-14    8.77365e-07    
1.56955e-06    35439.6        29.0752        4.23847e+09    1.64777e-07    0.00149035     2.59869e-06    6.26467e-05    5.48161e-08    6.26467e-14    8.77366e-07    
1.57055e-06    35449.4        29.0914        4.30748e+09    1.65061e-07    0.00150011     2.60021e-06    6.16885e-05    5.48161e-08    6.16885e-14    8.77367e-07    
1.57155e-06    35459.2        29.1076        4.37815e+09    1.65348e-07    0.00150011     2.60021e-06    6.07448e-05    5.48162e-08    6.07448e-14    8.77368e-07    
1.57255e-06    35469          29.1239        4.44991e+09    1.65586e-07    0.00150011     2.6006e-06     5.98155e-05    5.48163e-08    5.98155e-14    8.77368e-07    
1.57355e-06    35478.8        29.1401        4.52278e+09    1.65705e-07    0.00150011     2.60365e-06    5.89003e-05    5.48163e-08    5.89002e-14    8.77369e-07    
1.57455e-06    35488.6        29.1564        4.59678e+09    1.65801e-07    0.00150011     2.61281e-06    5.79995e-05    5.48164e-08    5.79995e-14    8.7737e-07     
1.57555e-06    35498.4        29.1726        4.67192e+09    1.66015e-07    0.00150011     2.61586e-06    5.74334e-05    5.48164e-08    5.74334e-14    8.77371e-07    
1.57655e-06    35508.2        29.1888        4.74824e+09    1.66158e-07    0.00150011     2.61739e-06    5.66307e-05    5.48165e-08    5.66307e-14    8.77371e-07    
1.57755e-06    35518          29.205         4.82575e+09    1.66206e-07    0.00150011     2.61891e-06    5.57639e-05    5.48165e-08    5.57639e-14    8.77372e-07    
1.57855e-06    35527.7        29.2212        4.90446e+09    1.66277e-07    0.00150011     2.62502e-06    5.49443e-05    5.48166e-08    5.49443e-14    8.77373e-07    
1.57955e-06    35537.5        29.2373        4.98441e+09    1.6654e-07     0.00150011     2.63112e-06    5.41037e-05    5.48167e-08    5.41037e-14    8.77374e-07    
1.58055e-06    35547.2        29.2535        5.06559e+09    1.66897e-07    0.00150011     2.63722e-06    5.34168e-05    5.48167e-08    5.34168e-14    8.77374e-07    
1.58155e-06    35557          29.2696        5.14803e+09    1.6704e-07     0.00150011     2.63875e-06    5.26127e-05    5.48168e-08    5.26127e-14    8.77375e-07    
1.58255e-06    35566.7        29.2858        5.23176e+09    1.67158e-07    0.00150988     2.64028e-06    5.18187e-05    5.48168e-08    5.18187e-14    8.77376e-07    
1.58355e-06    35576.4        29.3019        5.31677e+09    1.67491e-07    0.00150988     2.64028e-06    5.10255e-05    5.48169e-08    5.10255e-14    8.77376e-07    
1.58455e-06    35586.1        29.318         5.40308e+09    1.67921e-07    0.00150988     2.64028e-06    5.02445e-05    5.48169e-08    5.02445e-14    8.77377e-07    
1.58555e-06    35595.8        29.3341        5.49071e+09    1.6835e-07     0.00150988     2.64035e-06    4.99864e-05    5.4817e-08     4.99864e-14    8.77378e-07    
1.58655e-06    35605.5        29.3502        5.5797e+09     1.68493e-07    0.00150988     2.65598e-06    4.92214e-05    5.4817e-08     4.92214e-14    8.77378e-07    
1.58755e-06    35615.2        29.3662        5.67005e+09    1.68683e-07    0.00150988     2.6575e-06     4.84682e-05    5.48171e-08    4.84682e-14    8.77379e-07    
1.58855e-06    35624.9        29.3823        5.76179e+09    1.69208e-07    0.00150988     2.65903e-06    4.77266e-05    5.48171e-08    4.77266e-14    8.7738e-07     
1.58955e-06    35634.5        29.3983        5.85493e+09    1.69327e-07    0.00150988     2.65903e-06    4.7001e-05     5.48172e-08    4.7001e-14     8.7738e-07     
1.59055e-06    35644.2        29.4143        5.94949e+09    1.69446e-07    0.00150988     2.66056e-06    4.6282e-05     5.48172e-08    4.6282e-14     8.77381e-07    
1.59155e-06    35653.8        29.4303        6.04548e+09    1.69566e-07    0.00150988     2.66056e-06    4.55741e-05    5.48173e-08    4.55741e-14    8.77381e-07    
1.59255e-06    35663.5        29.4463        6.14294e+09    1.69662e-07    0.00151964     2.66819e-06    4.48771e-05    5.48173e-08    4.48771e-14    8.77382e-07    
1.59355e-06    35673.1        29.4623        6.24188e+09    1.69996e-07    0.00151964     2.66971e-06    4.44198e-05    5.48173e-08    4.44198e-14    8.77383e-07    
1.59455e-06    35682.7        29.4783        6.34232e+09    1.70304e-07    0.00152941     2.67124e-06    4.37405e-05    5.48174e-08    4.37405e-14    8.77383e-07    
1.59555e-06    35692.3        29.4942        6.44429e+09    1.70399e-07    0.00152941     2.67276e-06    4.30717e-05    5.48174e-08    4.30717e-14    8.77384e-07    
1.59655e-06    35701.9        29.5102        6.54782e+09    1.70495e-07    0.00152941     2.67276e-06    4.24132e-05    5.48175e-08    4.24132e-14    8.77384e-07    
1.59755e-06    35711.5        29.5261        6.65291e+09    1.70709e-07    0.00152941     2.67276e-06    4.17662e-05    5.48175e-08    4.17662e-14    8.77385e-07    
1.59855e-06    35721.1        29.542         6.7596e+09     1.70876e-07    0.00152941     2.67887e-06    4.11277e-05    5.48176e-08    4.11277e-14    8.77385e-07    
1.59955e-06    35730.7        29.5579        6.86791e+09    1.71138e-07    0.00152941     2.67887e-06    4.0499e-05     5.48176e-08    4.0499e-14     8.77386e-07    
1.60055e-06    35740.2        29.5738        6.97786e+09    1.71234e-07    0.00152941     2.68192e-06    3.98799e-05    5.48176e-08    3.98799e-14    8.77386e-07    
1.60155e-06    35749.8        29.5896        7.08947e+09    1.71401e-07    0.00152941     2.68344e-06    3.92713e-05    5.48177e-08    3.92713e-14    8.77387e-07    
1.60255e-06    35759.3        29.6055        7.20278e+09    1.71806e-07    0.00152941     2.68344e-06    3.88479e-05    5.48177e-08    3.88479e-14    8.77388e-07    
1.60355e-06    35768.9        29.6213        7.31775e+09    1.71878e-07    0.00152941     2.68344e-06    3.8254e-05     5.48178e-08    3.8254e-14     8.77388e-07    
1.60455e-06    35778.4        29.6371        7.43446e+09    1.72021e-07    0.00152941     2.68344e-06    3.76692e-05    5.48178e-08    3.76692e-14    8.77389e-07    
1.60555e-06    35787.9        29.653         7.55292e+09    1.7245e-07     0.00152941     2.6865e-06     3.70932e-05    5.48178e-08    3.70932e-14    8.77389e-07    
1.60655e-06    35797.5        29.6688        7.67317e+09    1.72615e-07    0.00153917     2.69413e-06    3.65965e-05    5.48179e-08    3.65965e-14    8.7739e-07     
1.60755e-06    35807          29.6845        7.79522e+09    1.72877e-07    0.00153917     2.69413e-06    3.60369e-05    5.48179e-08    3.60368e-14    8.7739e-07     
1.60855e-06    35816.5        29.6984        7.90407e+09    1.7302e-07     0.00153917     2.69413e-06    3.54857e-05    5.48179e-08    3.54857e-14    8.77391e-07    
1.60955e-06    35825.9        29.7143        8.03078e+09    1.73139e-07    0.00153917     2.70023e-06    3.51411e-05    5.4818e-08     3.51411e-14    8.77391e-07    
1.61055e-06    35835.4        29.7299        8.15688e+09    1.73449e-07    0.00153917     2.70023e-06    3.46039e-05    5.4818e-08     3.46039e-14    8.77391e-07    
1.61155e-06    35844.9        29.7458        8.28768e+09    1.73711e-07    0.00153917     2.70023e-06    3.40745e-05    5.4818e-08     3.40745e-14    8.77392e-07    
1.61255e-06    35854.4        29.7617        8.42045e+09    1.73902e-07    0.00153917     2.70175e-06    3.35531e-05    5.48181e-08    3.35531e-14    8.77392e-07    
1.61355e-06    35863.8        29.7776        8.55528e+09    1.74021e-07    0.00153917     2.70175e-06    3.32478e-05    5.48181e-08    3.32478e-14    8.77393e-07    
1.61455e-06    35873.3        29.7934        8.69216e+09    1.74212e-07    0.00153917     2.70175e-06    3.27388e-05    5.48181e-08    3.27388e-14    8.77393e-07    
1.61555e-06    35882.7        29.8093        8.83112e+09    1.74307e-07    0.00153917     2.70942e-06    3.22375e-05    5.48182e-08    3.22375e-14    8.77394e-07    
1.61655e-06    35892.1        29.8251        8.97217e+09    1.7457e-07     0.00153917     2.71095e-06    3.17438e-05    5.48182e-08    3.17437e-14    8.77394e-07    
1.61755e-06    35901.5        29.841         9.11533e+09    1.74689e-07    0.00153917     2.71247e-06    3.12575e-05    5.48182e-08    3.12575e-14    8.77395e-07    
1.61855e-06    35911          29.8568        9.26076e+09    1.74997e-07    0.00154894     2.714e-06      3.07785e-05    5.48183e-08    3.07785e-14    8.77395e-07    
1.61955e-06    35920.4        29.8726        9.4084e+09     1.7514e-07     0.00154894     2.714e-06      3.03325e-05    5.48183e-08    3.03325e-14    8.77395e-07    
1.62055e-06    35929.8        29.8884        9.55827e+09    1.75331e-07    0.00154894     2.714e-06      2.98676e-05    5.48183e-08    2.98676e-14    8.77396e-07    
1.62155e-06    35939.1        29.9042        9.71037e+09    1.75499e-07    0.0015587      2.71553e-06    2.94205e-05    5.48184e-08    2.94205e-14    8.77396e-07    
1.62255e-06    35948.5        29.92          9.86474e+09    1.75594e-07    0.0015587      2.71553e-06    2.90212e-05    5.48184e-08    2.90212e-14    8.77397e-07    
1.62355e-06    35957.9        29.9357        1.00215e+10    1.75809e-07    0.0015587      2.71553e-06    2.85762e-05    5.48184e-08    2.85762e-14    8.77397e-07    
1.62455e-06    35967.2        30.0065        1.07564e+10    1.76095e-07    0.0015587      2.71705e-06    2.83074e-05    5.48185e-08    2.83074e-14    8.77397e-07    
1.62555e-06    35976.6        30.0218        1.09221e+10    1.76166e-07    0.0015587      2.72468e-06    2.78731e-05    5.48185e-08    2.78731e-14    8.77398e-07    
1.62655e-06    35985.9        30.0371        1.10902e+10    1.76405e-07    0.0015587      2.72773e-06    2.74454e-05    5.48185e-08    2.74454e-14    8.77398e-07    
1.62755e-06    35995.3        30.0523        1.12607e+10    1.76548e-07    0.0015587      2.73079e-06    2.7113e-05     5.48185e-08    2.7113e-14     8.77399e-07    
1.62855e-06    36004.6        30.0676        1.14337e+10    1.76596e-07    0.0015587      2.73231e-06    2.66968e-05    5.48186e-08    2.66968e-14    8.77399e-07    
1.62955e-06    36013.9        30.0828        1.16093e+10    1.76739e-07    0.0015587      2.73231e-06    2.62886e-05    5.48186e-08    2.62886e-14    8.77399e-07    
1.63055e-06    36023.2        30.0981        1.17874e+10    1.76977e-07    0.0015587      2.73231e-06    2.58849e-05    5.48186e-08    2.58849e-14    8.774e-07      
1.63155e-06    36032.5        30.1133        1.19681e+10    1.7719e-07     0.00156847     2.73384e-06    2.54873e-05    5.48186e-08    2.54873e-14    8.774e-07      
1.63255e-06    36041.8        30.1285        1.21514e+10    1.7738e-07     0.00156847     2.73536e-06    2.5097e-05     5.48187e-08    2.5097e-14     8.774e-07      
1.63355e-06    36051.1        30.1436        1.23373e+10    1.775e-07      0.00156847     2.74147e-06    2.48248e-05    5.48187e-08    2.48248e-14    8.77401e-07    
1.63455e-06    36060.4        30.1588        1.25259e+10    1.77833e-07    0.00156847     2.74147e-06    2.44432e-05    5.48187e-08    2.44432e-14    8.77401e-07    
1.63555e-06    36069.6        30.174         1.27174e+10    1.77953e-07    0.00156847     2.74147e-06    2.40674e-05    5.48187e-08    2.40674e-14    8.77401e-07    
1.63655e-06    36078.9        30.1891        1.29116e+10    1.78358e-07    0.00156847     2.74147e-06    2.36972e-05    5.48188e-08    2.36972e-14    8.77402e-07    
1.63755e-06    36088.1        30.2043        1.31086e+10    1.78382e-07    0.00156847     2.74452e-06    2.33327e-05    5.48188e-08    2.33327e-14    8.77402e-07    
1.63855e-06    36097.4        30.2194        1.33084e+10    1.78668e-07    0.00156847     2.7446e-06     2.29735e-05    5.48188e-08    2.29735e-14    8.77402e-07    
1.63955e-06    36106.6        30.2345        1.35111e+10    1.78716e-07    0.00156847     2.7648e-06     2.27335e-05    5.48188e-08    2.27335e-14    8.77403e-07    
1.64055e-06    36115.8        30.2496        1.37166e+10    1.78859e-07    0.00156847     2.76632e-06    2.23809e-05    5.48189e-08    2.23809e-14    8.77403e-07    
1.64155e-06    36125          30.2647        1.39251e+10    1.79431e-07    0.00156847     2.76632e-06    2.20976e-05    5.48189e-08    2.20976e-14    8.77403e-07    
1.64255e-06    36134.2        30.2798        1.41366e+10    1.79502e-07    0.00156847     2.76632e-06    2.17532e-05    5.48189e-08    2.17532e-14    8.77404e-07    
1.64355e-06    36143.4        30.2949        1.43511e+10    1.79693e-07    0.00156847     2.76785e-06    2.14153e-05    5.48189e-08    2.14153e-14    8.77404e-07    
1.64455e-06    36152.6        30.3099        1.45686e+10    1.79977e-07    0.00157824     2.76938e-06    2.10829e-05    5.48189e-08    2.10829e-14    8.77404e-07    
1.64555e-06    36161.8        30.3249        1.47892e+10    1.80526e-07    0.00157824     2.77243e-06    2.07556e-05    5.4819e-08     2.07556e-14    8.77405e-07    
1.64655e-06    36171          30.3399        1.50128e+10    1.80573e-07    0.00157824     2.77548e-06    2.04332e-05    5.4819e-08     2.04332e-14    8.77405e-07    
1.64755e-06    36180.1        30.3549        1.52397e+10    1.80836e-07    0.00157824     2.77548e-06    2.01332e-05    5.4819e-08     2.01332e-14    8.77405e-07    
1.64855e-06    36189.3        30.3699        1.54699e+10    1.81193e-07    0.00157824     2.77548e-06    1.98202e-05    5.4819e-08     1.98202e-14    8.77406e-07    
1.64955e-06    36198.4        30.3849        1.57033e+10    1.81455e-07    0.00157824     2.77548e-06    1.95119e-05    5.4819e-08     1.95119e-14    8.77406e-07    
1.65055e-06    36207.6        30.3999        1.59401e+10    1.81671e-07    0.001588       2.77548e-06    1.92083e-05    5.48191e-08    1.92083e-14    8.77406e-07    
1.65155e-06    36216.7        30.4148        1.61803e+10    1.81886e-07    0.001588       2.77548e-06    1.90093e-05    5.48191e-08    1.90093e-14    8.77406e-07    
1.65255e-06    36225.8        30.4298        1.6424e+10     1.82196e-07    0.001588       2.77548e-06    1.88224e-05    5.48191e-08    1.88224e-14    8.77407e-07    
1.65355e-06    36234.9        30.4447        1.66715e+10    1.82243e-07    0.001588       2.77548e-06    1.8529e-05     5.48191e-08    1.8529e-14     8.77407e-07    
1.65455e-06    36244          30.4597        1.69225e+10    1.82506e-07    0.001588       2.77548e-06    1.82401e-05    5.48191e-08    1.82401e-14    8.77407e-07    
1.65555e-06    36253.1        30.4746        1.7177e+10     1.82696e-07    0.001588       2.77548e-06    1.79554e-05    5.48192e-08    1.79554e-14    8.77407e-07    
1.65655e-06    36262.2        30.4895        1.74355e+10    1.82838e-07    0.00159777     2.78464e-06    1.7675e-05     5.48192e-08    1.7675e-14     8.77408e-07    
1.65755e-06    36271.3        30.5045        1.76976e+10    1.82838e-07    0.00159777     2.78769e-06    1.73989e-05    5.48192e-08    1.73989e-14    8.77408e-07    
1.65855e-06    36280.4        30.5194        1.79635e+10    1.83004e-07    0.00159777     2.78769e-06    1.71269e-05    5.48192e-08    1.71269e-14    8.77408e-07    
1.65955e-06    36289.4        30.5343        1.82334e+10    1.831e-07      0.00159777     2.78808e-06    1.6859e-05     5.48192e-08    1.6859e-14     8.77408e-07    
1.66055e-06    36298.5        30.5492        1.8507e+10     1.83434e-07    0.00159777     2.78808e-06    1.65979e-05    5.48192e-08    1.65979e-14    8.77409e-07    
1.66155e-06    36307.5        30.5641        1.87846e+10    1.83767e-07    0.00159777     2.79571e-06    1.6338e-05     5.48193e-08    1.6338e-14     8.77409e-07    
1.66255e-06    36316.6        30.5789        1.9066e+10     1.84053e-07    0.00159777     2.80181e-06    1.6082e-05     5.48193e-08    1.6082e-14     8.77409e-07    
1.66355e-06    36325.6        30.5938        1.93514e+10    1.84387e-07    0.00159777     2.80334e-06    1.58386e-05    5.48193e-08    1.58386e-14    8.77409e-07    
1.66455e-06    36334.6        30.6086        1.96409e+10    1.8453e-07     0.00159777     2.80334e-06    1.55902e-05    5.48193e-08    1.55902e-14    8.7741e-07     
1.66555e-06    36343.6        30.6235        1.99345e+10    1.84793e-07    0.00159777     2.80486e-06    1.53455e-05    5.48193e-08    1.53455e-14    8.7741e-07     
1.66655e-06    36352.6        30.6383        2.0232e+10     1.85126e-07    0.00159777     2.80486e-06    1.51932e-05    5.48193e-08    1.51932e-14    8.7741e-07     
1.66755e-06    36361.6        30.6531        2.05337e+10    1.85246e-07    0.00159777     2.8247e-06     1.49727e-05    5.48194e-08    1.49727e-14    8.7741e-07     
1.66855e-06    36370.6        30.6679        2.08396e+10    1.85579e-07    0.00159777     2.8247e-06     1.47373e-05    5.48194e-08    1.47373e-14    8.7741e-07     
1.66955e-06    36379.6        30.6827        2.11498e+10    1.8584e-07     0.00160753     2.8247e-06     1.45055e-05    5.48194e-08    1.45055e-14    8.77411e-07    
1.67055e-06    36388.6        30.6974        2.14644e+10    1.85983e-07    0.00160753     2.82622e-06    1.42784e-05    5.48194e-08    1.42784e-14    8.77411e-07    
1.67155e-06    36397.5        30.7122        2.17834e+10    1.86221e-07    0.00160753     2.82775e-06    1.40878e-05    5.48194e-08    1.40878e-14    8.77411e-07    
1.67255e-06    36406.5        30.7269        2.21068e+10    1.8634e-07     0.00160753     2.82775e-06    1.38658e-05    5.48194e-08    1.38658e-14    8.77411e-07    
1.67355e-06    36415.4        30.7416        2.24348e+10    1.86483e-07    0.00160753     2.82775e-06    1.36472e-05    5.48194e-08    1.36472e-14    8.77412e-07    
1.67455e-06    36424.4        30.7564        2.27674e+10    1.86626e-07    0.00160753     2.82775e-06    1.34319e-05    5.48195e-08    1.34319e-14    8.77412e-07    
1.67555e-06    36433.3        30.7711        2.31045e+10    1.86698e-07    0.00160753     2.8308e-06     1.32199e-05    5.48195e-08    1.32199e-14    8.77412e-07    
1.67655e-06    36442.2        30.7857        2.34464e+10    1.86913e-07    0.00160753     2.8308e-06     1.30111e-05    5.48195e-08    1.30111e-14    8.77412e-07    
1.67755e-06    36451.2        30.8004        2.37931e+10    1.86913e-07    0.00160753     2.8308e-06     1.28559e-05    5.48195e-08    1.28559e-14    8.77412e-07    
1.67855e-06    36460.1        30.8151        2.41446e+10    1.87008e-07    0.00160753     2.83691e-06    1.2653e-05     5.48195e-08    1.2653e-14     8.77413e-07    
1.67955e-06    36469          30.8297        2.4501e+10     1.87248e-07    0.0016173      2.83691e-06    1.25692e-05    5.48195e-08    1.25692e-14    8.77413e-07    
1.68055e-06    36477.8        30.8541        2.51055e+10    1.87414e-07    0.0016173      2.84454e-06    1.23703e-05    5.48195e-08    1.23703e-14    8.77413e-07    
1.68155e-06    36486.7        30.8685        2.54691e+10    1.87653e-07    0.0016173      2.84454e-06    1.21744e-05    5.48195e-08    1.21744e-14    8.77413e-07    
1.68255e-06    36495.6        30.8828        2.58375e+10    1.88153e-07    0.0016173      2.84454e-06    1.19995e-05    5.48196e-08    1.19995e-14    8.77413e-07    
1.68355e-06    36504.5        30.8972        2.6211e+10     1.8839e-07     0.00162706     2.84454e-06    1.18094e-05    5.48196e-08    1.18094e-14    8.77413e-07    
1.68455e-06    36513.3        30.9115        2.65894e+10    1.88557e-07    0.00162706     2.84454e-06    1.16223e-05    5.48196e-08    1.16223e-14    8.77414e-07    
1.68555e-06    36522.2        30.9259        2.69736e+10    1.88557e-07    0.00162706     2.8461e-06     1.14381e-05    5.48196e-08    1.14381e-14    8.77414e-07    
1.68655e-06    36531          30.9402        2.73635e+10    1.88867e-07    0.00162706     2.8461e-06     1.12569e-05    5.48196e-08    1.12569e-14    8.77414e-07    
1.68755e-06    36539.8        30.9546        2.77587e+10    1.88915e-07    0.00162706     2.84915e-06    1.10787e-05    5.48196e-08    1.10787e-14    8.77414e-07    
1.68855e-06    36548.7        30.9689        2.81593e+10    1.89129e-07    0.00162706     2.85373e-06    1.09032e-05    5.48196e-08    1.09032e-14    8.77414e-07    
1.68955e-06    36557.5        30.9832        2.85652e+10    1.89415e-07    0.00162706     2.85678e-06    1.07306e-05    5.48196e-08    1.07306e-14    8.77414e-07    
1.69055e-06    36566.3        30.9975        2.89763e+10    1.89797e-07    0.00162706     2.85678e-06    1.05608e-05    5.48196e-08    1.05608e-14    8.77415e-07    
1.69155e-06    36575.1        31.0118        2.93929e+10    1.89868e-07    0.00162706     2.85831e-06    1.04535e-05    5.48197e-08    1.04535e-14    8.77415e-07    
1.69255e-06    36583.9        31.026         2.98151e+10    1.90011e-07    0.00162706     2.85831e-06    1.02883e-05    5.48197e-08    1.02883e-14    8.77415e-07    
1.69355e-06    36592.7        31.0403        3.02429e+10    1.90297e-07    0.00162706     2.85983e-06    1.01292e-05    5.48197e-08    1.01292e-14    8.77415e-07    
1.69455e-06    36601.4        31.0545        3.06764e+10    1.90703e-07    0.00162706     2.86144e-06    1.00174e-05    5.48197e-08    1.00174e-14    8.77415e-07    
1.69555e-06    36610.2        31.0687        3.11158e+10    1.90703e-07    0.00162706     2.86296e-06    9.85913e-06    5.48197e-08    9.85913e-15    8.77415e-07    
1.69655e-06    36619          31.0829        3.1561e+10     1.91154e-07    0.00163683     2.88622e-06    9.70362e-06    5.48197e-08    9.70362e-15    8.77416e-07    
1.69755e-06    36627.7        31.0971        3.20121e+10    1.91273e-07    0.00163683     2.89232e-06    9.55041e-06    5.48197e-08    9.55041e-15    8.77416e-07    
1.69855e-06    36636.5        31.1113        3.24694e+10    1.91392e-07    0.00163683     2.89537e-06    9.39963e-06    5.48197e-08    9.39963e-15    8.77416e-07    
1.69955e-06    36645.2        31.1255        3.29329e+10    1.91631e-07    0.00163683     2.89537e-06    9.25123e-06    5.48197e-08    9.25123e-15    8.77416e-07    
1.70055e-06    36653.9        31.1397        3.34025e+10    1.9175e-07     0.00163683     2.89537e-06    9.10517e-06    5.48197e-08    9.10517e-15    8.77416e-07    
1.70155e-06    36662.6        31.1538        3.38783e+10    1.91821e-07    0.00163683     2.89537e-06    8.96141e-06    5.48198e-08    8.96141e-15    8.77416e-07    
1.70255e-06    36671.3        31.1679        3.43605e+10    1.92012e-07    0.00163683     2.89537e-06    8.81992e-06    5.48198e-08    8.81992e-15    8.77416e-07    
1.70355e-06    36680          31.182         3.4849e+10     1.92203e-07    0.00163683     2.90148e-06    8.68063e-06    5.48198e-08    8.68063e-15    8.77416e-07    
1.70455e-06    36688.7        31.1961        3.5344e+10     1.92513e-07    0.00163683     2.903e-06      8.54351e-06    5.48198e-08    8.54351e-15    8.77417e-07    
1.70555e-06    36697.4        31.2102        3.58456e+10    1.92656e-07    0.00163683     2.90453e-06    8.40854e-06    5.48198e-08    8.40854e-15    8.77417e-07    
1.70655e-06    36706.1        31.2243        3.63538e+10    1.92775e-07    0.00163683     2.90453e-06    8.27567e-06    5.48198e-08    8.27567e-15    8.77417e-07    
1.70755e-06    36714.8        31.2384        3.68687e+10    1.92894e-07    0.00163683     2.90453e-06    8.14488e-06    5.48198e-08    8.14488e-15    8.77417e-07    
1.70855e-06    36723.4        31.2524        3.73902e+10    1.93204e-07    0.00163683     2.90453e-06    8.01613e-06    5.48198e-08    8.01613e-15    8.77417e-07    
1.70955e-06    36732.1        31.2665        3.79184e+10    1.93585e-07    0.00165636     2.90605e-06    7.8955e-06     5.48198e-08    7.8955e-15     8.77417e-07    
1.71055e-06    36740.7        31.2805        3.84536e+10    1.94109e-07    0.00165636     2.90758e-06    7.81479e-06    5.48198e-08    7.81479e-15    8.77417e-07    
1.71155e-06    36749.4        31.2945        3.89959e+10    1.943e-07      0.00165636     2.90911e-06    7.69118e-06    5.48198e-08    7.69118e-15    8.77417e-07    
1.71255e-06    36758          31.3085        3.95456e+10    1.94419e-07    0.00165636     2.90911e-06    7.5695e-06     5.48198e-08    7.5695e-15     8.77418e-07    
1.71355e-06    36766.6        31.3225        4.01027e+10    1.94443e-07    0.00165636     2.91063e-06    7.44972e-06    5.48198e-08    7.44972e-15    8.77418e-07    
1.71455e-06    36775.2        31.3365        4.06678e+10    1.94658e-07    0.00165636     2.91216e-06    7.33277e-06    5.48199e-08    7.33277e-15    8.77418e-07    
1.71555e-06    36783.9        31.3505        4.12416e+10    1.94896e-07    0.00165636     2.91674e-06    7.21669e-06    5.48199e-08    7.21669e-15    8.77418e-07    
1.71655e-06    36792.4        31.3645        4.18233e+10    1.95015e-07    0.00165636     2.91826e-06    7.10243e-06    5.48199e-08    7.10243e-15    8.77418e-07    
1.71755e-06    36801          31.3785        4.24128e+10    1.95206e-07    0.00165636     2.91826e-06    6.99028e-06    5.48199e-08    6.99028e-15    8.77418e-07    
1.71855e-06    36809.6        31.3925        4.30099e+10    1.95468e-07    0.00165636     2.91826e-06    6.89074e-06    5.48199e-08    6.89074e-15    8.77418e-07    
1.71955e-06    36818.2        31.4064        4.36149e+10    1.95564e-07    0.00165636     2.92436e-06    6.81267e-06    5.48199e-08    6.81267e-15    8.77418e-07    
1.72055e-06    36826.8        31.4206        4.42356e+10    1.95802e-07    0.00165636     2.92436e-06    6.72055e-06    5.48199e-08    6.72054e-15    8.77418e-07    
1.72155e-06    36835.3        31.4347        4.48662e+10    1.9585e-07     0.00165636     2.92436e-06    6.65094e-06    5.48199e-08    6.65094e-15    8.77419e-07    
1.72255e-06    36843.9        31.4488        4.55051e+10    1.9616e-07     0.00165636     2.92436e-06    6.54559e-06    5.48199e-08    6.54559e-15    8.77419e-07    
1.72355e-06    36852.4        31.463         4.61527e+10    1.96396e-07    0.00166613     2.92436e-06    6.46102e-06    5.48199e-08    6.46102e-15    8.77419e-07    
1.72455e-06    36861          31.4771        4.68095e+10    1.9673e-07     0.00166613     2.92436e-06    6.35854e-06    5.48199e-08    6.35854e-15    8.77419e-07    
1.72555e-06    36869.5        31.4912        4.74752e+10    1.96945e-07    0.00166613     2.92589e-06    6.25766e-06    5.48199e-08    6.25766e-15    8.77419e-07    
1.72655e-06    36878          31.5053        4.81496e+10    1.97088e-07    0.00166613     2.92742e-06    6.15836e-06    5.48199e-08    6.15836e-15    8.77419e-07    
1.72755e-06    36886.5        31.5194        4.88329e+10    1.97588e-07    0.00166613     2.92894e-06    6.06062e-06    5.48199e-08    6.06062e-15    8.77419e-07    
1.72855e-06    36895          31.5335        4.95252e+10    1.9766e-07     0.00166613     2.93047e-06    5.96879e-06    5.48199e-08    5.96879e-15    8.77419e-07    
1.72955e-06    36903.5        31.5476        5.02267e+10    1.97898e-07    0.00166613     2.93047e-06    5.87401e-06    5.482e-08      5.87401e-15    8.77419e-07    
1.73055e-06    36912          31.5616        5.0938e+10     1.98041e-07    0.00166613     2.93047e-06    5.78072e-06    5.482e-08      5.78072e-15    8.77419e-07    
1.73155e-06    36920.5        31.5757        5.16588e+10    1.98137e-07    0.00166613     2.93047e-06    5.68889e-06    5.482e-08      5.68889e-15    8.7742e-07     
1.73255e-06    36929          31.5897        5.23894e+10    1.98542e-07    0.00166613     2.93199e-06    5.5985e-06     5.482e-08      5.59849e-15    8.7742e-07     
1.73355e-06    36937.4        31.6038        5.31297e+10    1.98733e-07    0.00166613     2.93199e-06    5.50952e-06    5.482e-08      5.50952e-15    8.7742e-07     
1.73455e-06    36945.9        31.6178        5.38799e+10    1.98971e-07    0.00166613     2.93199e-06    5.42194e-06    5.482e-08      5.42194e-15    8.7742e-07     
1.73555e-06    36954.3        31.6318        5.46401e+10    1.99019e-07    0.00166613     2.93962e-06    5.33575e-06    5.482e-08      5.33575e-15    8.7742e-07     
1.73655e-06    36962.8        31.6458        5.54103e+10    1.99067e-07    0.00166613     2.93962e-06    5.25089e-06    5.482e-08      5.25089e-15    8.7742e-07     
1.73755e-06    36971.2        31.6598        5.61911e+10    1.99112e-07    0.00167589     2.94268e-06    5.16736e-06    5.482e-08      5.16736e-15    8.7742e-07     
1.73855e-06    36979.6        31.6738        5.69822e+10    1.99255e-07    0.00167589     2.94878e-06    5.11315e-06    5.482e-08      5.11315e-15    8.7742e-07     
1.73955e-06    36988          31.6877        5.77839e+10    1.99542e-07    0.00167589     2.94878e-06    5.03176e-06    5.482e-08      5.03176e-15    8.7742e-07     
1.74055e-06    36996.4        31.7017        5.85964e+10    1.9971e-07     0.00168566     2.95488e-06    4.95166e-06    5.482e-08      4.95166e-15    8.7742e-07     
1.74155e-06    37004.8        31.7156        5.94195e+10    2.00019e-07    0.00168566     2.95641e-06    4.89344e-06    5.482e-08      4.89344e-15    8.7742e-07     
1.74255e-06    37013.2        31.7296        6.0254e+10     2.00043e-07    0.00168566     2.96404e-06    4.8155e-06     5.482e-08      4.8155e-15     8.7742e-07     
1.74355e-06    37021.6        31.7435        6.11e+10       2.00353e-07    0.00168566     2.96404e-06    4.73879e-06    5.482e-08      4.73879e-15    8.77421e-07    
1.74455e-06    37030          31.7575        6.19575e+10    2.00401e-07    0.00168566     2.96404e-06    4.66327e-06    5.482e-08      4.66327e-15    8.77421e-07    
1.74555e-06    37038.4        31.7714        6.28261e+10    2.00544e-07    0.00168566     2.96404e-06    4.58895e-06    5.482e-08      4.58895e-15    8.77421e-07    
1.74655e-06    37046.7        31.7853        6.37061e+10    2.00949e-07    0.00168566     2.96404e-06    4.51579e-06    5.482e-08      4.51579e-15    8.77421e-07    
1.74755e-06    37055.1        31.7992        6.45977e+10    2.00973e-07    0.00168566     2.96556e-06    4.44379e-06    5.482e-08      4.44379e-15    8.77421e-07    
1.74855e-06    37063.4        31.8131        6.5501e+10     2.01212e-07    0.00168566     2.97167e-06    4.37291e-06    5.48201e-08    4.37291e-15    8.77421e-07    
1.74955e-06    37071.8        31.827         6.64166e+10    2.01522e-07    0.00168566     2.97206e-06    4.30315e-06    5.48201e-08    4.30315e-15    8.77421e-07    
1.75055e-06    37080.1        31.8408        6.73446e+10    2.01758e-07    0.00169542     2.97206e-06    4.23449e-06    5.48201e-08    4.23448e-15    8.77421e-07    
1.75155e-06    37088.4        31.8547        6.82846e+10    2.01758e-07    0.00169542     2.97969e-06    4.1669e-06     5.48201e-08    4.1669e-15     8.77421e-07    
1.75255e-06    37096.8        31.8686        6.92369e+10    2.02187e-07    0.00169542     2.97969e-06    4.10038e-06    5.48201e-08    4.10038e-15    8.77421e-07    
1.75355e-06    37105.1        31.8824        7.02034e+10    2.02283e-07    0.00169542     2.97969e-06    4.0349e-06     5.48201e-08    4.0349e-15     8.77421e-07    
1.75455e-06    37113.4        31.8963        7.11825e+10    2.02521e-07    0.00169542     2.97969e-06    3.97045e-06    5.48201e-08    3.97045e-15    8.77421e-07    
1.75555e-06    37121.7        31.9101        7.21744e+10    2.02545e-07    0.00169542     2.97976e-06    3.90702e-06    5.48201e-08    3.90702e-15    8.77421e-07    
1.75655e-06    37129.9        31.9239        7.31795e+10    2.02736e-07    0.00169542     2.99539e-06    3.86373e-06    5.48201e-08    3.86373e-15    8.77421e-07    
1.75755e-06    37138.2        31.9377        7.41973e+10    2.02855e-07    0.00169542     3.00912e-06    3.80197e-06    5.48201e-08    3.80197e-15    8.77422e-07    
1.75855e-06    37146.5        31.9515        7.52284e+10    2.02902e-07    0.00169542     3.00916e-06    3.74304e-06    5.48201e-08    3.74304e-15    8.77422e-07    
1.75955e-06    37154.8        31.9653        7.62728e+10    2.03093e-07    0.00169542     3.01069e-06    3.68422e-06    5.48201e-08    3.68422e-15    8.77422e-07    
1.76055e-06    37163          31.9791        7.73308e+10    2.03689e-07    0.00169542     3.01374e-06    3.63743e-06    5.48201e-08    3.63743e-15    8.77422e-07    
1.76155e-06    37171.3        31.9929        7.8403e+10     2.03832e-07    0.00169542     3.01527e-06    3.57924e-06    5.48201e-08    3.57924e-15    8.77422e-07    
1.76255e-06    37179.5        32.0066        7.9489e+10     2.03951e-07    0.00169542     3.01527e-06    3.53944e-06    5.48201e-08    3.53944e-15    8.77422e-07    
1.76355e-06    37187.7        32.0204        8.05887e+10    2.03999e-07    0.00169542     3.01527e-06    3.48325e-06    5.48201e-08    3.48325e-15    8.77422e-07    
1.76455e-06    37196          32.0341        8.17022e+10    2.04428e-07    0.00169542     3.01527e-06    3.4275e-06     5.48201e-08    3.4275e-15     8.77422e-07    
1.76555e-06    37204.2        32.0478        8.28293e+10    2.04641e-07    0.00170519     3.01527e-06    3.39127e-06    5.48201e-08    3.39127e-15    8.77422e-07    
1.76655e-06    37212.4        32.0615        8.39704e+10    2.04736e-07    0.00170519     3.01527e-06    3.34053e-06    5.48201e-08    3.34053e-15    8.77422e-07    
1.76755e-06    37220.6        32.0752        8.51263e+10    2.04927e-07    0.00170519     3.01832e-06    3.28711e-06    5.48201e-08    3.28711e-15    8.77422e-07    
1.76855e-06    37228.8        32.0888        8.62973e+10    2.05213e-07    0.00170519     3.02442e-06    3.23443e-06    5.48201e-08    3.23443e-15    8.77422e-07    
1.76955e-06    37237          32.1025        8.74836e+10    2.05404e-07    0.00170519     3.02442e-06    3.18259e-06    5.48201e-08    3.18259e-15    8.77422e-07    
1.77055e-06    37245.1        32.1161        8.86862e+10    2.05572e-07    0.00171495     3.02442e-06    3.13157e-06    5.48201e-08    3.13157e-15    8.77422e-07    
1.77155e-06    37253.3        32.1298        8.99045e+10    2.05691e-07    0.00171495     3.02595e-06    3.08136e-06    5.48201e-08    3.08136e-15    8.77422e-07    
1.77255e-06    37261.5        32.1434        9.11383e+10    2.05906e-07    0.00171495     3.02595e-06    3.03844e-06    5.48201e-08    3.03844e-15    8.77422e-07    
1.77355e-06    37269.6        32.157         9.23878e+10    2.06192e-07    0.00171495     3.02595e-06    2.98972e-06    5.48201e-08    2.98972e-15    8.77422e-07    
1.77455e-06    37277.8        32.1706        9.36537e+10    2.06311e-07    0.00171495     3.02595e-06    2.94176e-06    5.48201e-08    2.94175e-15    8.77422e-07    
1.77555e-06    37285.9        32.1842        9.49358e+10    2.0674e-07     0.00171495     3.02595e-06    2.89455e-06    5.48201e-08    2.89455e-15    8.77423e-07    
1.77655e-06    37294.1        32.1978        9.62345e+10    2.0705e-07     0.00171495     3.02595e-06    2.85154e-06    5.48202e-08    2.85154e-15    8.77423e-07    
1.77755e-06    37302.2        32.2114        9.75499e+10    2.07289e-07    0.00171495     3.02595e-06    2.80576e-06    5.48202e-08    2.80576e-15    8.77423e-07    
1.77855e-06    37310.3        32.225         9.88822e+10    2.07312e-07    0.00171495     3.02595e-06    2.76071e-06    5.48202e-08    2.76071e-15    8.77423e-07    
1.77955e-06    37318.4        32.2385        1.00231e+11    2.07454e-07    0.00172472     3.02595e-06    2.71637e-06    5.48202e-08    2.71637e-15    8.77423e-07    
1.78055e-06    37326.5        32.252         1.01598e+11    2.0774e-07     0.00172472     3.02595e-06    2.67273e-06    5.48202e-08    2.67273e-15    8.77423e-07    
1.78155e-06    37334.6        32.2656        1.02982e+11    2.08073e-07    0.00172472     3.02747e-06    2.62978e-06    5.48202e-08    2.62978e-15    8.77423e-07    
1.78255e-06    37342.7        32.2791        1.04384e+11    2.08264e-07    0.00172472     3.02747e-06    2.58752e-06    5.48202e-08    2.58752e-15    8.77423e-07    
1.78355e-06    37350.8        32.2926        1.05804e+11    2.08383e-07    0.00172472     3.0351e-06     2.54592e-06    5.48202e-08    2.54592e-15    8.77423e-07    
1.78455e-06    37358.9        32.3061        1.0724e+11     2.08813e-07    0.00172472     3.03663e-06    2.50499e-06    5.48202e-08    2.50499e-15    8.77423e-07    
1.78555e-06    37366.9        32.3196        1.08694e+11    2.08908e-07    0.00172472     3.04883e-06    2.47764e-06    5.48202e-08    2.47764e-15    8.77423e-07    
1.78655e-06    37375          32.333         1.10166e+11    2.09027e-07    0.00172472     3.05494e-06    2.43779e-06    5.48202e-08    2.43779e-15    8.77423e-07    
1.78755e-06    37383          32.3465        1.11658e+11    2.09266e-07    0.00172472     3.05494e-06    2.39857e-06    5.48202e-08    2.39857e-15    8.77423e-07    
1.78855e-06    37391.1        32.3599        1.13169e+11    2.09266e-07    0.00172472     3.05494e-06    2.35997e-06    5.48202e-08    2.35997e-15    8.77423e-07    
1.78955e-06    37399.1        32.3733        1.14698e+11    2.09385e-07    0.00172472     3.06409e-06    2.32198e-06    5.48202e-08    2.32198e-15    8.77423e-07    
1.79055e-06    37407.1        32.3867        1.16247e+11    2.09599e-07    0.00172472     3.07172e-06    2.29266e-06    5.48202e-08    2.29266e-15    8.77423e-07    
1.79155e-06    37415.2        32.4001        1.17816e+11    2.0979e-07     0.00172472     3.07172e-06    2.25574e-06    5.48202e-08    2.25574e-15    8.77423e-07    
1.79255e-06    37423.2        32.4135        1.19405e+11    2.0979e-07     0.00172472     3.07172e-06    2.21941e-06    5.48202e-08    2.21941e-15    8.77423e-07    
1.79355e-06    37431.2        32.4269        1.21014e+11    2.10074e-07    0.00173449     3.07172e-06    2.18365e-06    5.48202e-08    2.18365e-15    8.77423e-07    
1.79455e-06    37439.2        32.4403        1.22644e+11    2.1048e-07     0.00173449     3.07172e-06    2.14847e-06    5.48202e-08    2.14847e-15    8.77423e-07    
1.79555e-06    37447.2        32.4537        1.24294e+11    2.10623e-07    0.00173449     3.07172e-06    2.11384e-06    5.48202e-08    2.11384e-15    8.77423e-07    
1.79655e-06    37455.1        32.467         1.25965e+11    2.10766e-07    0.00173449     3.07172e-06    2.07979e-06    5.48202e-08    2.07979e-15    8.77423e-07    
1.79755e-06    37463.1        32.4804        1.27656e+11    2.10885e-07    0.00173449     3.07172e-06    2.04625e-06    5.48202e-08    2.04625e-15    8.77423e-07    
1.79855e-06    37471.1        32.4937        1.29367e+11    2.10909e-07    0.00173449     3.07172e-06    2.01325e-06    5.48202e-08    2.01325e-15    8.77423e-07    
1.79955e-06    37479          32.507         1.31101e+11    2.11004e-07    0.00173449     3.07172e-06    1.98077e-06    5.48202e-08    1.98077e-15    8.77423e-07    
1.80055e-06    37487          32.5203        1.32855e+11    2.11433e-07    0.00173449     3.07172e-06    1.94938e-06    5.48202e-08    1.94938e-15    8.77424e-07    
1.80155e-06    37494.9        32.5336        1.34632e+11    2.11529e-07    0.00173449     3.07325e-06    1.91792e-06    5.48202e-08    1.91792e-15    8.77424e-07    
1.80255e-06    37502.9        32.5468        1.36431e+11    2.11839e-07    0.00173449     3.08088e-06    1.88696e-06    5.48202e-08    1.88696e-15    8.77424e-07    
1.80355e-06    37510.8        32.5601        1.38253e+11    2.11839e-07    0.00173449     3.08698e-06    1.86408e-06    5.48202e-08    1.86408e-15    8.77424e-07    
1.80455e-06    37518.7        32.5734        1.40098e+11    2.11934e-07    0.00173449     3.08698e-06    1.83397e-06    5.48202e-08    1.83397e-15    8.77424e-07    
1.80555e-06    37526.7        32.5866        1.41965e+11    2.12578e-07    0.00173449     3.08698e-06    1.81246e-06    5.48202e-08    1.81246e-15    8.77424e-07    
1.80655e-06    37534.6        32.5998        1.43854e+11    2.12602e-07    0.00173449     3.08851e-06    1.78317e-06    5.48202e-08    1.78317e-15    8.77424e-07    
1.80755e-06    37542.5        32.613         1.45766e+11    2.12602e-07    0.00173449     3.08851e-06    1.75435e-06    5.48202e-08    1.75435e-15    8.77424e-07    
1.80855e-06    37550.4        32.6262        1.47703e+11    2.1291e-07     0.00174425     3.09461e-06    1.73494e-06    5.48202e-08    1.73494e-15    8.77424e-07    
1.80955e-06    37558.3        32.6394        1.49663e+11    2.13005e-07    0.00174425     3.10071e-06    1.70741e-06    5.48202e-08    1.70741e-15    8.77424e-07    
1.81055e-06    37566.1        32.6526        1.51648e+11    2.13219e-07    0.00174425     3.10834e-06    1.67979e-06    5.48202e-08    1.67979e-15    8.77424e-07    
1.81155e-06    37574          32.6658        1.53658e+11    2.13219e-07    0.00174425     3.10834e-06    1.66174e-06    5.48202e-08    1.66174e-15    8.77424e-07    
1.81255e-06    37581.9        32.6789        1.55694e+11    2.13816e-07    0.00174425     3.10987e-06    1.63485e-06    5.48202e-08    1.63485e-15    8.77424e-07    
1.81355e-06    37589.7        32.6921        1.57755e+11    2.13911e-07    0.00174425     3.10987e-06    1.60839e-06    5.48202e-08    1.60839e-15    8.77424e-07    
1.81455e-06    37597.6        32.7052        1.59841e+11    2.14102e-07    0.00174425     3.10987e-06    1.58234e-06    5.48202e-08    1.58234e-15    8.77424e-07    
1.81555e-06    37605.4        32.7183        1.61953e+11    2.14292e-07    0.00174425     3.10987e-06    1.55672e-06    5.48202e-08    1.55672e-15    8.77424e-07    
1.81655e-06    37613.3        32.7314        1.64091e+11    2.14435e-07    0.00174425     3.10987e-06    1.5315e-06     5.48202e-08    1.5315e-15     8.77424e-07    
1.81755e-06    37621.1        32.7445        1.66256e+11    2.14483e-07    0.00174425     3.1114e-06     1.50668e-06    5.48202e-08    1.50668e-15    8.77424e-07    
1.81855e-06    37628.9        32.7576        1.68447e+11    2.14748e-07    0.00176378     3.1175e-06     1.48331e-06    5.48202e-08    1.48331e-15    8.77424e-07    
1.81955e-06    37636.7        32.7707        1.70665e+11    2.14795e-07    0.00176378     3.11758e-06    1.46212e-06    5.48202e-08    1.46212e-15    8.77424e-07    
1.82055e-06    37644.5        32.7838        1.72912e+11    2.15058e-07    0.00176378     3.11758e-06    1.43842e-06    5.48202e-08    1.43842e-15    8.77424e-07    
1.82155e-06    37652.3        32.7969        1.75186e+11    2.15391e-07    0.00176378     3.13931e-06    1.41509e-06    5.48202e-08    1.41509e-15    8.77424e-07    
1.82255e-06    37660.1        32.8099        1.77488e+11    2.15677e-07    0.00176378     3.14083e-06    1.39214e-06    5.48202e-08    1.39214e-15    8.77424e-07    
1.82355e-06    37667.9        32.823         1.79818e+11    2.15842e-07    0.00177355     3.14083e-06    1.36955e-06    5.48202e-08    1.36955e-15    8.77424e-07    
1.82455e-06    37675.7        32.836         1.82179e+11    2.1589e-07     0.00177355     3.14694e-06    1.34931e-06    5.48202e-08    1.34931e-15    8.77424e-07    
1.82555e-06    37683.4        32.849         1.84568e+11    2.16248e-07    0.00177355     3.14694e-06    1.32741e-06    5.48202e-08    1.32741e-15    8.77424e-07    
1.82655e-06    37691.2        32.8621        1.86986e+11    2.16462e-07    0.00177355     3.15304e-06    1.30586e-06    5.48203e-08    1.30586e-15    8.77424e-07    
1.82755e-06    37699          32.8751        1.89434e+11    2.16701e-07    0.00177355     3.15914e-06    1.28465e-06    5.48203e-08    1.28465e-15    8.77424e-07    
1.82855e-06    37706.7        32.8881        1.91912e+11    2.1682e-07     0.00177355     3.15914e-06    1.26379e-06    5.48203e-08    1.26379e-15    8.77424e-07    
1.82955e-06    37714.5        32.901         1.94421e+11    2.16963e-07    0.00177355     3.15914e-06    1.24325e-06    5.48203e-08    1.24325e-15    8.77424e-07    
1.83055e-06    37722.2        32.914         1.96959e+11    2.17106e-07    0.00177355     3.15914e-06    1.22311e-06    5.48203e-08    1.22311e-15    8.77424e-07    
1.83155e-06    37729.9        32.927         1.99528e+11    2.1744e-07     0.00177355     3.15914e-06    1.20323e-06    5.48203e-08    1.20323e-15    8.77424e-07    
1.83255e-06    37737.6        32.9399        2.0213e+11     2.1744e-07     0.00177355     3.15914e-06    1.18367e-06    5.48203e-08    1.18367e-15    8.77424e-07    
1.83355e-06    37745.4        32.9529        2.04764e+11    2.1775e-07     0.00177355     3.15914e-06    1.16442e-06    5.48203e-08    1.16442e-15    8.77424e-07    
1.83455e-06    37753.1        32.9658        2.07429e+11    2.17893e-07    0.00177355     3.16071e-06    1.14548e-06    5.48203e-08    1.14548e-15    8.77424e-07    
1.83555e-06    37760.8        32.9787        2.10126e+11    2.18227e-07    0.00177355     3.16071e-06    1.13244e-06    5.48203e-08    1.13244e-15    8.77424e-07    
1.83655e-06    37768.4        32.9916        2.12857e+11    2.18632e-07    0.00177355     3.16223e-06    1.11401e-06    5.48203e-08    1.11401e-15    8.77424e-07    
1.83755e-06    37776.1        33.0045        2.15621e+11    2.18751e-07    0.00177355     3.16223e-06    1.09588e-06    5.48203e-08    1.09588e-15    8.77424e-07    
1.83855e-06    37783.8        33.0174        2.1842e+11     2.18916e-07    0.00178331     3.16986e-06    1.07804e-06    5.48203e-08    1.07804e-15    8.77424e-07    
1.83955e-06    37791.5        33.0303        2.21251e+11    2.19131e-07    0.00178331     3.17597e-06    1.06112e-06    5.48203e-08    1.06112e-15    8.77425e-07    
1.84055e-06    37799.1        33.0432        2.24116e+11    2.1987e-07     0.00178331     3.17597e-06    1.04384e-06    5.48203e-08    1.04384e-15    8.77425e-07    
1.84155e-06    37806.8        33.056         2.27015e+11    2.19989e-07    0.00178331     3.17597e-06    1.02684e-06    5.48203e-08    1.02684e-15    8.77425e-07    
1.84255e-06    37814.4        33.0689        2.2995e+11     2.20204e-07    0.00178331     3.17597e-06    1.01288e-06    5.48203e-08    1.01288e-15    8.77425e-07    
1.84355e-06    37822.1        33.0817        2.3292e+11     2.20394e-07    0.00178331     3.17788e-06    9.9638e-07     5.48203e-08    9.9638e-16     8.77425e-07    
1.84455e-06    37829.7        33.0945        2.35926e+11    2.20824e-07    0.00178331     3.17788e-06    9.80147e-07    5.48203e-08    9.80147e-16    8.77425e-07    
1.84555e-06    37837.3        33.1074        2.38968e+11    2.20919e-07    0.00178331     3.18399e-06    9.64176e-07    5.48203e-08    9.64176e-16    8.77425e-07    
1.84655e-06    37845          33.1202        2.42048e+11    2.2111e-07     0.00178331     3.18399e-06    9.48462e-07    5.48203e-08    9.48462e-16    8.77425e-07    
1.84755e-06    37852.6        33.1329        2.45164e+11    2.21515e-07    0.00178331     3.19162e-06    9.33001e-07    5.48203e-08    9.33001e-16    8.77425e-07    
1.84855e-06    37860.2        33.1457        2.48318e+11    2.21753e-07    0.00178331     3.19162e-06    9.1779e-07     5.48203e-08    9.1779e-16     8.77425e-07    
1.84955e-06    37867.8        33.1585        2.5151e+11     2.21992e-07    0.00178331     3.19162e-06    9.06911e-07    5.48203e-08    9.06911e-16    8.77425e-07    
1.85055e-06    37875.4        33.1713        2.5474e+11     2.22016e-07    0.00178331     3.19162e-06    8.92119e-07    5.48203e-08    8.92119e-16    8.77425e-07    
1.85155e-06    37882.9        33.184         2.58009e+11    2.22016e-07    0.00178331     3.19772e-06    8.77567e-07    5.48203e-08    8.77567e-16    8.77425e-07    
1.85255e-06    37890.5        33.1968        2.61317e+11    2.22159e-07    0.00178331     3.19772e-06    8.63248e-07    5.48203e-08    8.63248e-16    8.77425e-07    
1.85355e-06    37898.1        33.2095        2.64665e+11    2.22228e-07    0.00179308     3.19772e-06    8.4916e-07     5.48203e-08    8.4916e-16     8.77425e-07    
1.85455e-06    37905.7        33.2222        2.68054e+11    2.22252e-07    0.00179308     3.19772e-06    8.353e-07      5.48203e-08    8.353e-16      8.77425e-07    
1.85555e-06    37913.2        33.2349        2.71482e+11    2.22252e-07    0.00179308     3.19772e-06    8.21663e-07    5.48203e-08    8.21663e-16    8.77425e-07    
1.85655e-06    37920.8        33.2476        2.7495e+11     2.22657e-07    0.00179308     3.19772e-06    8.08246e-07    5.48203e-08    8.08246e-16    8.77425e-07    
1.85755e-06    37928.3        33.2603        2.78458e+11    2.22753e-07    0.00179308     3.19772e-06    7.95046e-07    5.48203e-08    7.95045e-16    8.77425e-07    
1.85855e-06    37935.8        33.273         2.82009e+11    2.23158e-07    0.00179308     3.19772e-06    7.89249e-07    5.48203e-08    7.89249e-16    8.77425e-07    
1.85955e-06    37943.4        33.2856        2.85601e+11    2.23253e-07    0.00179308     3.19772e-06    7.76353e-07    5.48203e-08    7.76353e-16    8.77425e-07    
1.86055e-06    37950.9        33.2983        2.89236e+11    2.23301e-07    0.00179308     3.19772e-06    7.63665e-07    5.48203e-08    7.63665e-16    8.77425e-07    
1.86155e-06    37958.4        33.3109        2.92914e+11    2.23587e-07    0.00179308     3.19772e-06    7.51181e-07    5.48203e-08    7.51181e-16    8.77425e-07    
1.86255e-06    37965.9        33.3235        2.96635e+11    2.23778e-07    0.00179308     3.20535e-06    7.42691e-07    5.48203e-08    7.42691e-16    8.77425e-07    
1.86355e-06    37973.4        33.3361        3.004e+11      2.23921e-07    0.00179308     3.21145e-06    7.30545e-07    5.48203e-08    7.30545e-16    8.77425e-07    
1.86455e-06    37980.9        33.3487        3.0421e+11     2.24207e-07    0.00179308     3.21145e-06    7.20738e-07    5.48203e-08    7.20738e-16    8.77425e-07    
1.86555e-06    37988.4        33.3613        3.08065e+11    2.24398e-07    0.00179308     3.21145e-06    7.08947e-07    5.48203e-08    7.08947e-16    8.77425e-07    
1.86655e-06    37995.9        33.3739        3.11966e+11    2.24803e-07    0.00179308     3.2145e-06     6.97502e-07    5.48203e-08    6.97502e-16    8.77425e-07    
1.86755e-06    38003.3        33.3865        3.15913e+11    2.24803e-07    0.00179308     3.21603e-06    6.86087e-07    5.48203e-08    6.86087e-16    8.77425e-07    
1.86855e-06    38010.8        33.3991        3.19908e+11    2.25111e-07    0.00180285     3.21603e-06    6.74856e-07    5.48203e-08    6.74856e-16    8.77425e-07    
1.86955e-06    38018.2        33.4116        3.2395e+11     2.25326e-07    0.00180285     3.21603e-06    6.63808e-07    5.48203e-08    6.63808e-16    8.77425e-07    
1.87055e-06    38025.7        33.4242        3.28039e+11    2.25445e-07    0.00180285     3.21603e-06    6.52938e-07    5.48203e-08    6.52938e-16    8.77425e-07    
1.87155e-06    38033.1        33.4367        3.32177e+11    2.25588e-07    0.00180285     3.22213e-06    6.42244e-07    5.48203e-08    6.42244e-16    8.77425e-07    
1.87255e-06    38040.6        33.4492        3.36364e+11    2.25707e-07    0.00180285     3.22213e-06    6.31723e-07    5.48203e-08    6.31723e-16    8.77425e-07    
1.87355e-06    38048          33.4617        3.406e+11      2.25874e-07    0.00180285     3.22824e-06    6.21656e-07    5.48203e-08    6.21656e-16    8.77425e-07    
1.87455e-06    38055.4        33.4742        3.44885e+11    2.26089e-07    0.00180285     3.22824e-06    6.11475e-07    5.48203e-08    6.11475e-16    8.77425e-07    
1.87555e-06    38062.8        33.4867        3.49221e+11    2.26113e-07    0.00180285     3.22824e-06    6.01453e-07    5.48203e-08    6.01453e-16    8.77425e-07    
1.87655e-06    38070.2        33.4992        3.53608e+11    2.26232e-07    0.00180285     3.22824e-06    5.91593e-07    5.48203e-08    5.91593e-16    8.77425e-07    
1.87755e-06    38077.6        33.5117        3.58046e+11    2.26494e-07    0.00180285     3.22824e-06    5.81893e-07    5.48203e-08    5.81893e-16    8.77425e-07    
1.87855e-06    38085          33.5241        3.62538e+11    2.26518e-07    0.00180285     3.22824e-06    5.7235e-07     5.48203e-08    5.7235e-16     8.77425e-07    
1.87955e-06    38092.4        33.5366        3.67081e+11    2.26542e-07    0.00180285     3.22824e-06    5.63523e-07    5.48203e-08    5.63523e-16    8.77425e-07    
1.88055e-06    38099.8        33.549         3.71676e+11    2.27233e-07    0.00180285     3.24044e-06    5.54279e-07    5.48203e-08    5.54279e-16    8.77425e-07    
1.88155e-06    38107.2        33.5615        3.76324e+11    2.27448e-07    0.00180285     3.24044e-06    5.45186e-07    5.48203e-08    5.45186e-16    8.77425e-07    
1.88255e-06    38114.5        33.5739        3.81026e+11    2.27784e-07    0.00182238     3.24044e-06    5.36797e-07    5.48203e-08    5.36797e-16    8.77425e-07    
1.88355e-06    38121.9        33.5863        3.85783e+11    2.27879e-07    0.00182238     3.24655e-06    5.27986e-07    5.48203e-08    5.27986e-16    8.77425e-07    
1.88455e-06    38129.3        33.5987        3.90595e+11    2.28211e-07    0.00183214     3.24655e-06    5.19318e-07    5.48203e-08    5.19318e-16    8.77425e-07    
1.88555e-06    38136.6        33.6111        3.95463e+11    2.2833e-07     0.00183214     3.25265e-06    5.10791e-07    5.48203e-08    5.10791e-16    8.77425e-07    
1.88655e-06    38143.9        33.6235        4.00388e+11    2.28449e-07    0.00183214     3.25265e-06    5.02403e-07    5.48203e-08    5.02403e-16    8.77425e-07    
1.88755e-06    38151.3        33.6358        4.05369e+11    2.28473e-07    0.00183214     3.25265e-06    4.9415e-07     5.48203e-08    4.9415e-16     8.77425e-07    
1.88855e-06    38158.6        33.6482        4.10408e+11    2.28664e-07    0.00183214     3.25265e-06    4.88264e-07    5.48203e-08    4.88264e-16    8.77425e-07    
1.88955e-06    38165.9        33.6605        4.15505e+11    2.28855e-07    0.00183214     3.25425e-06    4.80241e-07    5.48203e-08    4.80241e-16    8.77425e-07    
1.89055e-06    38173.2        33.6728        4.20661e+11    2.28879e-07    0.00183214     3.25578e-06    4.72348e-07    5.48203e-08    4.72348e-16    8.77425e-07    
1.89155e-06    38180.5        33.6852        4.25876e+11    2.28902e-07    0.00183214     3.27141e-06    4.64583e-07    5.48203e-08    4.64583e-16    8.77425e-07    
1.89255e-06    38187.8        33.6975        4.31152e+11    2.29022e-07    0.00183214     3.27141e-06    4.56944e-07    5.48203e-08    4.56944e-16    8.77425e-07    
1.89355e-06    38195.1        33.7098        4.36488e+11    2.29165e-07    0.00183214     3.27141e-06    4.49429e-07    5.48203e-08    4.49429e-16    8.77425e-07    
1.89455e-06    38202.4        33.7221        4.41885e+11    2.2957e-07     0.00183214     3.27751e-06    4.42037e-07    5.48203e-08    4.42037e-16    8.77425e-07    
1.89555e-06    38209.7        33.7343        4.47344e+11    2.30023e-07    0.00183214     3.27751e-06    4.34765e-07    5.48203e-08    4.34765e-16    8.77425e-07    
1.89655e-06    38216.9        33.7466        4.52866e+11    2.30261e-07    0.00183214     3.27903e-06    4.27611e-07    5.48203e-08    4.27611e-16    8.77425e-07    
1.89755e-06    38224.2        33.7589        4.58455e+11    2.30667e-07    0.00183214     3.27903e-06    4.21404e-07    5.48203e-08    4.21404e-16    8.77425e-07    
1.89855e-06    38231.5        33.7711        4.64111e+11    2.3081e-07     0.00183214     3.27903e-06    4.14467e-07    5.48203e-08    4.14467e-16    8.77425e-07    
1.89955e-06    38238.7        33.7834        4.69832e+11    2.30929e-07    0.00183214     3.27903e-06    4.09597e-07    5.48203e-08    4.09596e-16    8.77425e-07    
1.90055e-06    38246          33.7956        4.75617e+11    2.3107e-07     0.00184191     3.28514e-06    4.02851e-07    5.48203e-08    4.02851e-16    8.77425e-07    
1.90155e-06    38253.2        33.8079        4.81468e+11    2.31452e-07    0.00184191     3.28514e-06    3.96215e-07    5.48203e-08    3.96215e-16    8.77425e-07    
1.90255e-06    38260.4        33.8201        4.87384e+11    2.31571e-07    0.00184191     3.28514e-06    3.89687e-07    5.48203e-08    3.89687e-16    8.77425e-07    
1.90355e-06    38267.6        33.8323        4.93368e+11    2.31666e-07    0.00184191     3.29124e-06    3.85248e-07    5.48203e-08    3.85248e-16    8.77425e-07    
1.90455e-06    38274.9        33.8445        4.99422e+11    2.32191e-07    0.00184191     3.29124e-06    3.78897e-07    5.48203e-08    3.78897e-16    8.77425e-07    
1.90555e-06    38282.1        33.8567        5.05546e+11    2.32358e-07    0.00184191     3.29124e-06    3.7265e-07     5.48203e-08    3.7265e-16     8.77425e-07    
1.90655e-06    38289.3        33.8688        5.1174e+11     2.32834e-07    0.00184191     3.29124e-06    3.66504e-07    5.48203e-08    3.66504e-16    8.77425e-07    
1.90755e-06    38296.5        33.881         5.18004e+11    2.32858e-07    0.00184191     3.29124e-06    3.60458e-07    5.48203e-08    3.60458e-16    8.77425e-07    
1.90855e-06    38303.7        33.8932        5.24339e+11    2.33073e-07    0.00184191     3.29124e-06    3.54511e-07    5.48203e-08    3.54511e-16    8.77425e-07    
1.90955e-06    38310.8        33.9053        5.30747e+11    2.33073e-07    0.00184191     3.29124e-06    3.4866e-07     5.48203e-08    3.4866e-16     8.77425e-07    
1.91055e-06    38318          33.9174        5.37228e+11    2.33168e-07    0.00184191     3.29735e-06    3.42905e-07    5.48203e-08    3.42905e-16    8.77425e-07    
1.91155e-06    38325.2        33.9296        5.43782e+11    2.33431e-07    0.00184191     3.29735e-06    3.37243e-07    5.48203e-08    3.37243e-16    8.77425e-07    
1.91255e-06    38332.3        33.9417        5.5041e+11     2.33645e-07    0.00184191     3.29735e-06    3.32853e-07    5.48203e-08    3.32853e-16    8.77425e-07    
1.91355e-06    38339.5        33.9538        5.57112e+11    2.3386e-07     0.00184191     3.29735e-06    3.28415e-07    5.48203e-08    3.28415e-16    8.77425e-07    
1.91455e-06    38346.6        33.9659        5.63891e+11    2.33955e-07    0.00184191     3.30349e-06    3.22989e-07    5.48203e-08    3.22989e-16    8.77425e-07    
1.91555e-06    38353.8        33.978         5.70745e+11    2.33955e-07    0.00184191     3.30501e-06    3.17652e-07    5.48203e-08    3.17652e-16    8.77425e-07    
1.91655e-06    38360.9        33.99          5.77677e+11    2.34049e-07    0.00185167     3.30501e-06    3.13925e-07    5.48203e-08    3.13925e-16    8.77425e-07    
1.91755e-06    38368          34.0021        5.84687e+11    2.34525e-07    0.00185167     3.30654e-06    3.08735e-07    5.48203e-08    3.08735e-16    8.77425e-07    
1.91855e-06    38375.2        34.0141        5.91775e+11    2.34668e-07    0.00185167     3.31875e-06    3.03631e-07    5.48203e-08    3.03631e-16    8.77425e-07    
1.91955e-06    38382.3        34.0262        5.98943e+11    2.34764e-07    0.00185167     3.31875e-06    2.9861e-07     5.48203e-08    2.9861e-16     8.77425e-07    
1.92055e-06    38389.4        34.0382        6.06192e+11    2.34907e-07    0.00185167     3.31875e-06    2.93671e-07    5.48203e-08    2.93671e-16    8.77425e-07    
1.92155e-06    38396.5        34.0502        6.13525e+11    2.34907e-07    0.00185167     3.31875e-06    2.88813e-07    5.48203e-08    2.88813e-16    8.77425e-07    
1.92255e-06    38403.6        34.0623        6.20939e+11    2.35026e-07    0.00185167     3.31875e-06    2.84068e-07    5.48203e-08    2.84068e-16    8.77425e-07    
1.92355e-06    38410.7        34.0743        6.28437e+11    2.35098e-07    0.00185167     3.31875e-06    2.79385e-07    5.48203e-08    2.79385e-16    8.77425e-07    
1.92455e-06    38417.7        34.0862        6.36018e+11    2.35217e-07    0.00185167     3.31875e-06    2.74839e-07    5.48203e-08    2.74839e-16    8.77425e-07    
1.92555e-06    38424.8        34.0982        6.43683e+11    2.35717e-07    0.00185167     3.32485e-06    2.70289e-07    5.48203e-08    2.70289e-16    8.77425e-07    
1.92655e-06    38431.9        34.1102        6.51434e+11    2.36123e-07    0.00185167     3.32485e-06    2.65814e-07    5.48203e-08    2.65814e-16    8.77425e-07    
1.92755e-06    38438.9        34.1222        6.5927e+11     2.36457e-07    0.00185167     3.33706e-06    2.61849e-07    5.48203e-08    2.61849e-16    8.77425e-07    
1.92855e-06    38446          34.1341        6.67194e+11    2.3648e-07     0.00185167     3.33706e-06    2.57513e-07    5.48203e-08    2.57513e-16    8.77425e-07    
1.92955e-06    38453          34.146         6.75209e+11    2.36862e-07    0.00185167     3.33706e-06    2.53248e-07    5.48203e-08    2.53248e-16    8.77425e-07    
1.93055e-06    38460.1        34.158         6.83313e+11    2.36862e-07    0.00185167     3.33706e-06    2.49125e-07    5.48203e-08    2.49125e-16    8.77425e-07    
1.93155e-06    38467.1        34.1699        6.91507e+11    2.37172e-07    0.00185167     3.33706e-06    2.44999e-07    5.48203e-08    2.44999e-16    8.77425e-07    
1.93255e-06    38474.2        34.1818        6.99792e+11    2.37265e-07    0.00186144     3.33706e-06    2.40939e-07    5.48203e-08    2.40939e-16    8.77425e-07    
1.93355e-06    38481.2        34.1937        7.0817e+11     2.37384e-07    0.00186144     3.34316e-06    2.36946e-07    5.48203e-08    2.36946e-16    8.77425e-07    
1.93455e-06    38488.2        34.2056        7.16644e+11    2.37718e-07    0.00186144     3.34316e-06    2.33023e-07    5.48203e-08    2.33023e-16    8.77425e-07    
1.93555e-06    38495.2        34.2175        7.2521e+11     2.38004e-07    0.00186144     3.34926e-06    2.2916e-07     5.48203e-08    2.2916e-16     8.77425e-07    
1.93655e-06    38502.2        34.2294        7.3387e+11     2.38052e-07    0.00186144     3.35537e-06    2.2536e-07     5.48203e-08    2.2536e-16     8.77425e-07    
1.93755e-06    38509.2        34.2412        7.42625e+11    2.38433e-07    0.00186144     3.35537e-06    2.21769e-07    5.48203e-08    2.21769e-16    8.77425e-07    
1.93855e-06    38516.2        34.2531        7.51476e+11    2.38648e-07    0.00186144     3.35537e-06    2.18091e-07    5.48203e-08    2.18091e-16    8.77425e-07    
1.93955e-06    38523.2        34.2649        7.60424e+11    2.38767e-07    0.00186144     3.35537e-06    2.14474e-07    5.48203e-08    2.14474e-16    8.77425e-07    
1.94055e-06    38530.1        34.2767        7.69475e+11    2.38767e-07    0.00186144     3.35537e-06    2.10915e-07    5.48203e-08    2.10915e-16    8.77426e-07    
1.94155e-06    38537.1        34.2886        7.78629e+11    2.38863e-07    0.00186144     3.35537e-06    2.07415e-07    5.48203e-08    2.07415e-16    8.77426e-07    
1.94255e-06    38544.1        34.3004        7.87884e+11    2.38958e-07    0.00186144     3.35728e-06    2.03973e-07    5.48203e-08    2.03973e-16    8.77426e-07    
1.94355e-06    38551          34.3122        7.9724e+11     2.38958e-07    0.00186144     3.35728e-06    2.00587e-07    5.48203e-08    2.00587e-16    8.77426e-07    
1.94455e-06    38558          34.324         8.06703e+11    2.38958e-07    0.00186144     3.36339e-06    1.97256e-07    5.48203e-08    1.97256e-16    8.77426e-07    
1.94555e-06    38564.9        34.3358        8.16269e+11    2.39101e-07    0.00186144     3.36339e-06    1.94787e-07    5.48203e-08    1.94787e-16    8.77426e-07    
1.94655e-06    38571.8        34.3475        8.2594e+11     2.39506e-07    0.00186144     3.36339e-06    1.91552e-07    5.48203e-08    1.91552e-16    8.77426e-07    
1.94755e-06    38578.8        34.3593        8.35717e+11    2.39769e-07    0.00186144     3.36491e-06    1.8837e-07     5.48203e-08    1.8837e-16     8.77426e-07    
1.94855e-06    38585.7        34.3711        8.456e+11      2.40007e-07    0.00186144     3.36491e-06    1.8524e-07     5.48203e-08    1.8524e-16     8.77426e-07    
1.94955e-06    38592.6        34.3828        8.55592e+11    2.40341e-07    0.00189074     3.36491e-06    1.82162e-07    5.48203e-08    1.82162e-16    8.77426e-07    
1.95055e-06    38599.5        34.3945        8.65692e+11    2.4046e-07     0.00189074     3.37102e-06    1.79135e-07    5.48203e-08    1.79135e-16    8.77426e-07    
1.95155e-06    38606.4        34.4063        8.75902e+11    2.40532e-07    0.00189074     3.37102e-06    1.76157e-07    5.48203e-08    1.76157e-16    8.77426e-07    
1.95255e-06    38613.3        34.418         8.86223e+11    2.40961e-07    0.00189074     3.37102e-06    1.74082e-07    5.48203e-08    1.74082e-16    8.77426e-07    
1.95355e-06    38620.2        34.4297        8.96656e+11    2.4108e-07     0.00189074     3.38322e-06    1.71187e-07    5.48203e-08    1.71187e-16    8.77426e-07    
1.95455e-06    38627.1        34.4414        9.07202e+11    2.41271e-07    0.00189074     3.38322e-06    1.68339e-07    5.48203e-08    1.68339e-16    8.77426e-07    
1.95555e-06    38634          34.4531        9.17863e+11    2.41462e-07    0.00189074     3.38322e-06    1.65539e-07    5.48203e-08    1.65539e-16    8.77426e-07    
1.95655e-06    38640.8        34.4647        9.2864e+11     2.41462e-07    0.00189074     3.38322e-06    1.63005e-07    5.48203e-08    1.63005e-16    8.77426e-07    
1.95755e-06    38647.7        34.4764        9.39533e+11    2.41653e-07    0.00189074     3.38322e-06    1.60292e-07    5.48203e-08    1.60292e-16    8.77426e-07    
1.95855e-06    38654.5        34.4881        9.50546e+11    2.41891e-07    0.00189074     3.38322e-06    1.57625e-07    5.48203e-08    1.57625e-16    8.77426e-07    
1.95955e-06    38661.4        34.4997        9.61677e+11    2.41986e-07    0.00189074     3.38322e-06    1.55001e-07    5.48203e-08    1.55001e-16    8.77426e-07    
1.96055e-06    38668.2        34.5113        9.72928e+11    2.42106e-07    0.00189074     3.38322e-06    1.5242e-07     5.48203e-08    1.5242e-16     8.77426e-07    
1.96155e-06    38675.1        34.523         9.84305e+11    2.42272e-07    0.00189074     3.38933e-06    1.49882e-07    5.48203e-08    1.49882e-16    8.77426e-07    
1.96255e-06    38681.9        34.5346        9.95805e+11    2.42368e-07    0.00189074     3.40153e-06    1.47386e-07    5.48203e-08    1.47386e-16    8.77426e-07    
1.96355e-06    38688.7        34.5462        1.00743e+12    2.42487e-07    0.00189074     3.40764e-06    1.44931e-07    5.48203e-08    1.44931e-16    8.77426e-07    
1.96455e-06    38695.6        34.5578        1.01918e+12    2.42868e-07    0.00189074     3.40764e-06    1.43801e-07    5.48203e-08    1.43801e-16    8.77426e-07    
1.96555e-06    38702.4        34.5694        1.03105e+12    2.43083e-07    0.00189074     3.40772e-06    1.41404e-07    5.48203e-08    1.41404e-16    8.77426e-07    
1.96655e-06    38709.2        34.5809        1.04305e+12    2.43129e-07    0.0019005      3.40772e-06    1.39048e-07    5.48203e-08    1.39048e-16    8.77426e-07    
1.96755e-06    38716          34.5925        1.05519e+12    2.43343e-07    0.0019005      3.42945e-06    1.3673e-07     5.48203e-08    1.3673e-16     8.77426e-07    
1.96855e-06    38722.8        34.604         1.06745e+12    2.43653e-07    0.0019005      3.43555e-06    1.3445e-07     5.48203e-08    1.3445e-16     8.77426e-07    
1.96955e-06    38729.5        34.6156        1.07984e+12    2.43868e-07    0.0019005      3.44165e-06    1.32282e-07    5.48203e-08    1.32282e-16    8.77426e-07    
1.97055e-06    38736.3        34.6271        1.09236e+12    2.43868e-07    0.0019005      3.44165e-06    1.30076e-07    5.48203e-08    1.30076e-16    8.77426e-07    
1.97155e-06    38743.1        34.6386        1.10502e+12    2.44178e-07    0.0019005      3.44318e-06    1.27906e-07    5.48203e-08    1.27906e-16    8.77426e-07    
1.97255e-06    38749.9        34.6502        1.11782e+12    2.44416e-07    0.0019005      3.44318e-06    1.25773e-07    5.48203e-08    1.25773e-16    8.77426e-07    
1.97355e-06    38756.6        34.6617        1.13075e+12    2.44917e-07    0.0019005      3.44318e-06    1.23982e-07    5.48203e-08    1.23982e-16    8.77426e-07    
1.97455e-06    38763.4        34.6732        1.14382e+12    2.45132e-07    0.0019005      3.44318e-06    1.2248e-07     5.48203e-08    1.2248e-16     8.77426e-07    
1.97555e-06    38770.1        34.6846        1.15704e+12    2.45728e-07    0.0019005      3.44928e-06    1.20436e-07    5.48203e-08    1.20436e-16    8.77426e-07    
1.97655e-06    38776.9        34.6961        1.17039e+12    2.45871e-07    0.0019005      3.44928e-06    1.18425e-07    5.48203e-08    1.18425e-16    8.77426e-07    
1.97755e-06    38783.6        34.7076        1.18388e+12    2.45894e-07    0.0019005      3.45539e-06    1.16728e-07    5.48203e-08    1.16728e-16    8.77426e-07    
1.97855e-06    38790.3        34.719         1.19752e+12    2.46038e-07    0.0019005      3.45539e-06    1.14779e-07    5.48203e-08    1.14779e-16    8.77426e-07    
1.97955e-06    38797          34.7305        1.2113e+12     2.46038e-07    0.0019005      3.45539e-06    1.12862e-07    5.48203e-08    1.12862e-16    8.77426e-07    
1.98055e-06    38803.8        34.7419        1.22523e+12    2.46347e-07    0.0019005      3.46149e-06    1.10977e-07    5.48203e-08    1.10977e-16    8.77426e-07    
1.98155e-06    38810.5        34.7533        1.23931e+12    2.46347e-07    0.0019005      3.46149e-06    1.09123e-07    5.48203e-08    1.09123e-16    8.77426e-07    
1.98255e-06    38817.2        34.7647        1.25354e+12    2.46562e-07    0.0019005      3.46149e-06    1.073e-07      5.48203e-08    1.073e-16      8.77426e-07    
1.98355e-06    38823.9        34.7762        1.26792e+12    2.46822e-07    0.00191027     3.46759e-06    1.05515e-07    5.48203e-08    1.05515e-16    8.77426e-07    
1.98455e-06    38830.6        34.7875        1.28245e+12    2.46942e-07    0.00191027     3.46759e-06    1.03755e-07    5.48203e-08    1.03755e-16    8.77426e-07    
1.98555e-06    38837.2        34.7989        1.29713e+12    2.47252e-07    0.00191027     3.46759e-06    1.02022e-07    5.48203e-08    1.02022e-16    8.77426e-07    
1.98655e-06    38843.9        34.8103        1.31196e+12    2.47299e-07    0.00191027     3.4737e-06     1.00316e-07    5.48203e-08    1.00316e-16    8.77426e-07    
1.98755e-06    38850.6        34.8217        1.32696e+12    2.4749e-07     0.00191027     3.4798e-06     9.86391e-08    5.48203e-08    9.86391e-17    8.77426e-07    
1.98855e-06    38857.2        34.833         1.34211e+12    2.4749e-07     0.00191027     3.4798e-06     9.69894e-08    5.48203e-08    9.69894e-17    8.77426e-07    
1.98955e-06    38863.9        34.8444        1.35741e+12    2.47895e-07    0.00191027     3.4798e-06     9.53671e-08    5.48203e-08    9.53671e-17    8.77426e-07    
1.99055e-06    38870.6        34.8557        1.37288e+12    2.47919e-07    0.00191027     3.4798e-06     9.37716e-08    5.48203e-08    9.37716e-17    8.77426e-07    
1.99155e-06    38877.2        34.867         1.38851e+12    2.48324e-07    0.00191027     3.4798e-06     9.22025e-08    5.48203e-08    9.22025e-17    8.77426e-07    
1.99255e-06    38883.8        34.8783        1.4043e+12     2.48801e-07    0.00191027     3.4798e-06     9.06766e-08    5.48203e-08    9.06766e-17    8.77426e-07    
1.99355e-06    38890.5        34.8896        1.42026e+12    2.48825e-07    0.00191027     3.4798e-06     8.91589e-08    5.48203e-08    8.91589e-17    8.77426e-07    
1.99455e-06    38897.1        34.9009        1.43639e+12    2.49111e-07    0.00191027     3.4798e-06     8.76663e-08    5.48203e-08    8.76663e-17    8.77426e-07    
1.99555e-06    38903.7        34.9122        1.45268e+12    2.4923e-07     0.00191027     3.4798e-06     8.61986e-08    5.48203e-08    8.61986e-17    8.77426e-07    
1.99655e-06    38910.3        34.9235        1.46915e+12    2.49254e-07    0.00191027     3.4798e-06     8.47552e-08    5.48203e-08    8.47552e-17    8.77426e-07    
1.99755e-06    38916.9        34.9347        1.48579e+12    2.49254e-07    0.00191027     3.4798e-06     8.33356e-08    5.48203e-08    8.33356e-17    8.77426e-07    
1.99855e-06    38923.5        34.946         1.50262e+12    2.49373e-07    0.00191027     3.4798e-06     8.19396e-08    5.48203e-08    8.19396e-17    8.77426e-07    
1.99955e-06    38930.1        34.9572        1.51962e+12    2.49469e-07    0.00191027     3.4798e-06     8.06018e-08    5.48203e-08    8.06018e-17    8.77426e-07    
2.00055e-06    38936.7        34.9685        1.53679e+12    2.49898e-07    0.00191027     3.4798e-06     7.92512e-08    5.48203e-08    7.92512e-17    8.77426e-07    
2.00155e-06    38943.3        34.9797        1.55415e+12    2.50135e-07    0.00192003     3.48132e-06    7.79231e-08    5.48203e-08    7.79231e-17    8.77426e-07    
2.00255e-06    38949.9        34.9909        1.57168e+12    2.50158e-07    0.00192003     3.48132e-06    7.6617e-08     5.48203e-08    7.6617e-17     8.77426e-07    
2.00355e-06    38956.5        35.0021        1.5894e+12     2.50444e-07    0.00192003     3.48132e-06    7.53326e-08    5.48203e-08    7.53326e-17    8.77426e-07    
2.00455e-06    38963          35.0133        1.60731e+12    2.50564e-07    0.00192003     3.48743e-06    7.40695e-08    5.48203e-08    7.40695e-17    8.77426e-07    
2.00555e-06    38969.6        35.0245        1.6254e+12     2.50707e-07    0.00192003     3.48743e-06    7.28274e-08    5.48203e-08    7.28274e-17    8.77426e-07    
2.00655e-06    38976.1        35.0357        1.64368e+12    2.5085e-07     0.00192003     3.48743e-06    7.18653e-08    5.48203e-08    7.18653e-17    8.77426e-07    
2.00755e-06    38982.7        35.0469        1.66215e+12    2.5104e-07     0.00192003     3.48743e-06    7.06598e-08    5.48203e-08    7.06598e-17    8.77426e-07    
2.00855e-06    38989.2        35.058         1.6808e+12     2.51136e-07    0.00192003     3.49353e-06    6.94744e-08    5.48203e-08    6.94744e-17    8.77426e-07    
2.00955e-06    38995.7        35.0692        1.69965e+12    2.51231e-07    0.00192003     3.49353e-06    6.86449e-08    5.48203e-08    6.86449e-17    8.77426e-07    
2.01055e-06    39002.3        35.0803        1.71869e+12    2.51422e-07    0.00192003     3.49353e-06    6.74929e-08    5.48203e-08    6.74929e-17    8.77426e-07    
2.01155e-06    39008.8        35.0915        1.73792e+12    2.5147e-07     0.00192003     3.49964e-06    6.636e-08      5.48203e-08    6.636e-17      8.77426e-07    
2.01255e-06    39015.3        35.1026        1.75736e+12    2.51493e-07    0.00192003     3.49964e-06    6.52459e-08    5.48203e-08    6.52459e-17    8.77426e-07    
2.01355e-06    39021.8        35.1137        1.77702e+12    2.51684e-07    0.00192003     3.49964e-06    6.41504e-08    5.48203e-08    6.41504e-17    8.77426e-07    
2.01455e-06    39028.3        35.1248        1.79687e+12    2.51803e-07    0.00192003     3.50574e-06    6.30732e-08    5.48203e-08    6.30732e-17    8.77426e-07    
2.01555e-06    39034.8        35.1359        1.81693e+12    2.52185e-07    0.00192003     3.50574e-06    6.20138e-08    5.48203e-08    6.20138e-17    8.77426e-07    
2.01655e-06    39041.3        35.147         1.83719e+12    2.5228e-07     0.00192003     3.50574e-06    6.09721e-08    5.48203e-08    6.09721e-17    8.77426e-07    
2.01755e-06    39047.8        35.1581        1.85767e+12    2.52304e-07    0.00192003     3.50574e-06    5.99477e-08    5.48203e-08    5.99477e-17    8.77426e-07    
2.01855e-06    39054.3        35.1692        1.87836e+12    2.52638e-07    0.00194933     3.51184e-06    5.89482e-08    5.48203e-08    5.89482e-17    8.77426e-07    
2.01955e-06    39060.7        35.1802        1.89925e+12    2.52686e-07    0.00194933     3.51184e-06    5.80674e-08    5.48203e-08    5.80674e-17    8.77426e-07    
2.02055e-06    39067.2        35.1913        1.92036e+12    2.5271e-07     0.00194933     3.51795e-06    5.73366e-08    5.48203e-08    5.73366e-17    8.77426e-07    
2.02155e-06    39073.6        35.2023        1.94171e+12    2.52901e-07    0.00194933     3.51795e-06    5.63727e-08    5.48203e-08    5.63727e-17    8.77426e-07    
2.02255e-06    39080.1        35.2134        1.96327e+12    2.5321e-07     0.00194933     3.51795e-06    5.54249e-08    5.48203e-08    5.54249e-17    8.77426e-07    
2.02355e-06    39086.5        35.2244        1.98507e+12    2.53401e-07    0.00194933     3.51795e-06    5.47518e-08    5.48203e-08    5.47518e-17    8.77426e-07    
2.02455e-06    39093          35.2355        2.0071e+12     2.53783e-07    0.00194933     3.51795e-06    5.38309e-08    5.48203e-08    5.38308e-17    8.77426e-07    
2.02555e-06    39099.4        35.2465        2.02935e+12    2.53783e-07    0.00194933     3.52405e-06    5.29253e-08    5.48203e-08    5.29253e-17    8.77426e-07    
2.02655e-06    39105.8        35.2575        2.05183e+12    2.5426e-07     0.00194933     3.52405e-06    5.20348e-08    5.48203e-08    5.20348e-17    8.77426e-07    
2.02755e-06    39112.3        35.2685        2.07454e+12    2.54355e-07    0.00194933     3.52405e-06    5.11591e-08    5.48203e-08    5.11591e-17    8.77426e-07    
2.02855e-06    39118.7        35.2795        2.09748e+12    2.54379e-07    0.00194933     3.52405e-06    5.02981e-08    5.48203e-08    5.02981e-17    8.77426e-07    
2.02955e-06    39125.1        35.2905        2.12064e+12    2.54569e-07    0.00194933     3.52405e-06    4.94514e-08    5.48203e-08    4.94514e-17    8.77426e-07    
2.03055e-06    39131.5        35.3015        2.14404e+12    2.55046e-07    0.00194933     3.52405e-06    4.87704e-08    5.48203e-08    4.87703e-17    8.77426e-07    
2.03155e-06    39137.9        35.3124        2.16767e+12    2.5507e-07     0.00194933     3.52405e-06    4.79491e-08    5.48203e-08    4.79491e-17    8.77426e-07    
2.03255e-06    39144.3        35.3234        2.19154e+12    2.55166e-07    0.00194933     3.52405e-06    4.71416e-08    5.48203e-08    4.71416e-17    8.77426e-07    
2.03355e-06    39150.7        35.3343        2.21566e+12    2.55166e-07    0.00194933     3.52405e-06    4.63478e-08    5.48203e-08    4.63478e-17    8.77426e-07    
2.03455e-06    39157          35.3453        2.24001e+12    2.55261e-07    0.00194933     3.53015e-06    4.55669e-08    5.48203e-08    4.55669e-17    8.77426e-07    
2.03555e-06    39163.4        35.3562        2.26462e+12    2.55499e-07    0.00194933     3.53015e-06    4.47991e-08    5.48203e-08    4.47991e-17    8.77426e-07    
2.03655e-06    39169.8        35.3671        2.28947e+12    2.55831e-07    0.0019591      3.53015e-06    4.43094e-08    5.48203e-08    4.43094e-17    8.77426e-07    
2.03755e-06    39176.1        35.378         2.31457e+12    2.5607e-07     0.0019591      3.53015e-06    4.35625e-08    5.48203e-08    4.35625e-17    8.77426e-07    
2.03855e-06    39182.5        35.3889        2.33993e+12    2.5626e-07     0.0019591      3.53015e-06    4.28281e-08    5.48203e-08    4.28281e-17    8.77426e-07    
2.03955e-06    39188.8        35.3998        2.36554e+12    2.56356e-07    0.0019591      3.53015e-06    4.2106e-08     5.48203e-08    4.2106e-17     8.77426e-07    
2.04055e-06    39195.2        35.4107        2.39141e+12    2.5657e-07     0.0019591      3.53015e-06    4.13959e-08    5.48203e-08    4.13959e-17    8.77426e-07    
2.04155e-06    39201.5        35.4215        2.41754e+12    2.5688e-07     0.0019591      3.53015e-06    4.06977e-08    5.48203e-08    4.06977e-17    8.77426e-07    
2.04255e-06    39207.8        35.4324        2.44392e+12    2.5719e-07     0.0019591      3.53015e-06    4.00111e-08    5.48203e-08    4.00111e-17    8.77426e-07    
2.04355e-06    39214.2        35.4432        2.47057e+12    2.58072e-07    0.0019591      3.53015e-06    3.93361e-08    5.48203e-08    3.93361e-17    8.77426e-07    
2.04455e-06    39220.5        35.4541        2.49749e+12    2.58239e-07    0.0019591      3.53626e-06    3.86723e-08    5.48203e-08    3.86723e-17    8.77426e-07    
2.04555e-06    39226.8        35.4649        2.52467e+12    2.58239e-07    0.0019591      3.54846e-06    3.80196e-08    5.48203e-08    3.80196e-17    8.77426e-07    
2.04655e-06    39233.1        35.4757        2.55213e+12    2.58454e-07    0.0019591      3.54846e-06    3.73778e-08    5.48203e-08    3.73778e-17    8.77426e-07    
2.04755e-06    39239.4        35.4865        2.57986e+12    2.58549e-07    0.0019591      3.54885e-06    3.67467e-08    5.48203e-08    3.67467e-17    8.77426e-07    
2.04855e-06    39245.7        35.4973        2.60786e+12    2.58764e-07    0.0019591      3.54893e-06    3.61281e-08    5.48203e-08    3.61281e-17    8.77426e-07    
2.04955e-06    39252          35.5081        2.63614e+12    2.58954e-07    0.0019591      3.55504e-06    3.55186e-08    5.48203e-08    3.55186e-17    8.77426e-07    
2.05055e-06    39258.3        35.5189        2.66471e+12    2.58978e-07    0.0019591      3.57066e-06    3.4919e-08     5.48203e-08    3.4919e-17     8.77426e-07    
2.05155e-06    39264.5        35.5296        2.69355e+12    2.59074e-07    0.0019591      3.57066e-06    3.43291e-08    5.48203e-08    3.43291e-17    8.77426e-07    
2.05255e-06    39270.8        35.5404        2.72268e+12    2.59074e-07    0.0019591      3.57066e-06    3.37491e-08    5.48203e-08    3.37491e-17    8.77426e-07    
2.05355e-06    39277.1        35.5511        2.7521e+12     2.59193e-07    0.0019591      3.57066e-06    3.31788e-08    5.48203e-08    3.31788e-17    8.77426e-07    
2.05455e-06    39283.3        35.5619        2.78179e+12    2.59217e-07    0.0019591      3.57066e-06    3.2618e-08     5.48203e-08    3.2618e-17     8.77426e-07    
2.05555e-06    39289.6        35.5726        2.81177e+12    2.59549e-07    0.00196886     3.57676e-06    3.20666e-08    5.48203e-08    3.20666e-17    8.77426e-07    
2.05655e-06    39295.8        35.5833        2.84205e+12    2.5993e-07     0.00196886     3.58287e-06    3.15244e-08    5.48203e-08    3.15244e-17    8.77426e-07    
2.05755e-06    39302.1        35.594         2.87263e+12    2.60002e-07    0.00196886     3.58287e-06    3.09952e-08    5.48203e-08    3.09952e-17    8.77426e-07    
2.05855e-06    39308.3        35.6047        2.90351e+12    2.60216e-07    0.00196886     3.58287e-06    3.0471e-08     5.48203e-08    3.0471e-17     8.77426e-07    
2.05955e-06    39314.5        35.6154        2.9347e+12     2.60359e-07    0.00196886     3.58287e-06    2.99556e-08    5.48203e-08    2.99556e-17    8.77426e-07    
2.06055e-06    39320.8        35.6261        2.96619e+12    2.6055e-07     0.00196886     3.59515e-06    2.94488e-08    5.48203e-08    2.94488e-17    8.77426e-07    
2.06155e-06    39327          35.6367        2.99799e+12    2.60788e-07    0.00196886     3.59515e-06    2.89505e-08    5.48203e-08    2.89505e-17    8.77426e-07    
2.06255e-06    39333.2        35.6474        3.0301e+12     2.61265e-07    0.00196886     3.59515e-06    2.84606e-08    5.48203e-08    2.84606e-17    8.77426e-07    
2.06355e-06    39339.4        35.658         3.06252e+12    2.61265e-07    0.00196886     3.59515e-06    2.79789e-08    5.48203e-08    2.79789e-17    8.77426e-07    
2.06455e-06    39345.6        35.6686        3.09526e+12    2.61456e-07    0.00196886     3.59515e-06    2.75052e-08    5.48203e-08    2.75052e-17    8.77426e-07    
2.06555e-06    39351.8        35.6793        3.12832e+12    2.61551e-07    0.00196886     3.59515e-06    2.70473e-08    5.48203e-08    2.70473e-17    8.77426e-07    
2.06655e-06    39358          35.6899        3.1617e+12     2.61671e-07    0.00196886     3.59515e-06    2.65969e-08    5.48203e-08    2.65969e-17    8.77426e-07    
2.06755e-06    39364.1        35.7005        3.19541e+12    2.62219e-07    0.00196886     3.60126e-06    2.61465e-08    5.48203e-08    2.61465e-17    8.77426e-07    
2.06855e-06    39370.3        35.7086        3.22151e+12    2.62267e-07    0.00196886     3.60126e-06    2.58277e-08    5.48203e-08    2.58277e-17    8.77426e-07    
2.06955e-06    39376.5        35.7193        3.25615e+12    2.62433e-07    0.00196886     3.60126e-06    2.53902e-08    5.48203e-08    2.53902e-17    8.77426e-07    
2.07055e-06    39382.6        35.73          3.29113e+12    2.62457e-07    0.00196886     3.60736e-06    2.496e-08      5.48203e-08    2.496e-17      8.77426e-07    
2.07155e-06    39388.8        35.7407        3.32646e+12    2.62624e-07    0.00196886     3.61346e-06    2.46098e-08    5.48203e-08    2.46098e-17    8.77426e-07    
2.07255e-06    39394.9        35.7514        3.36213e+12    2.62672e-07    0.00196886     3.61346e-06    2.41927e-08    5.48203e-08    2.41927e-17    8.77426e-07    
2.07355e-06    39401.1        35.7616        3.39687e+12    2.62837e-07    0.00197863     3.61346e-06    2.38189e-08    5.48203e-08    2.38189e-17    8.77426e-07    
2.07455e-06    39407.2        35.7723        3.4333e+12     2.62932e-07    0.00197863     3.61346e-06    2.34152e-08    5.48203e-08    2.34152e-17    8.77426e-07    
2.07555e-06    39413.4        35.783         3.47009e+12    2.62956e-07    0.00197863     3.61346e-06    2.30182e-08    5.48203e-08    2.30182e-17    8.77426e-07    
2.07655e-06    39419.5        35.7936        3.50723e+12    2.63004e-07    0.00197863     3.61346e-06    2.26279e-08    5.48203e-08    2.26279e-17    8.77426e-07    
2.07755e-06    39425.6        35.8042        3.54473e+12    2.63409e-07    0.00197863     3.61346e-06    2.22442e-08    5.48203e-08    2.22442e-17    8.77426e-07    
2.07855e-06    39431.7        35.8149        3.58259e+12    2.63409e-07    0.00197863     3.61346e-06    2.18669e-08    5.48203e-08    2.18669e-17    8.77426e-07    
2.07955e-06    39437.8        35.8255        3.62082e+12    2.63409e-07    0.00197863     3.61346e-06    2.1496e-08     5.48203e-08    2.1496e-17     8.77426e-07    
2.08055e-06    39443.9        35.8361        3.65942e+12    2.63624e-07    0.00197863     3.62567e-06    2.11314e-08    5.48203e-08    2.11314e-17    8.77426e-07    
2.08155e-06    39450          35.8467        3.69839e+12    2.64053e-07    0.00197863     3.63177e-06    2.08661e-08    5.48203e-08    2.08661e-17    8.77426e-07    
2.08255e-06    39456.1        35.8573        3.73774e+12    2.64172e-07    0.00197863     3.63177e-06    2.05121e-08    5.48203e-08    2.05121e-17    8.77426e-07    
2.08355e-06    39462.2        35.8678        3.77748e+12    2.64387e-07    0.00197863     3.63177e-06    2.0164e-08     5.48203e-08    2.0164e-17     8.77426e-07    
2.08455e-06    39468.3        35.8784        3.8176e+12     2.64482e-07    0.00197863     3.63788e-06    1.98219e-08    5.48203e-08    1.98219e-17    8.77426e-07    
2.08555e-06    39474.4        35.889         3.85813e+12    2.64577e-07    0.00197863     3.63788e-06    1.94855e-08    5.48203e-08    1.94855e-17    8.77426e-07    
2.08655e-06    39480.4        35.8995        3.89908e+12    2.64625e-07    0.00197863     3.65008e-06    1.91666e-08    5.48203e-08    1.91666e-17    8.77426e-07    
2.08755e-06    39486.5        35.9101        3.94042e+12    2.65126e-07    0.00197863     3.65008e-06    1.88413e-08    5.48203e-08    1.88413e-17    8.77426e-07    
2.08855e-06    39492.5        35.9206        3.98216e+12    2.65364e-07    0.00197863     3.65008e-06    1.86717e-08    5.48203e-08    1.86717e-17    8.77426e-07    
2.08955e-06    39498.6        35.9311        4.02428e+12    2.65579e-07    0.00197863     3.66229e-06    1.83547e-08    5.48203e-08    1.83547e-17    8.77426e-07    
2.09055e-06    39504.6        35.9416        4.0668e+12     2.66249e-07    0.00199816     3.66229e-06    1.80431e-08    5.48203e-08    1.80431e-17    8.77426e-07    
2.09155e-06    39510.7        35.9521        4.10972e+12    2.66344e-07    0.00199816     3.66229e-06    1.77367e-08    5.48203e-08    1.77367e-17    8.77426e-07    
2.09255e-06    39516.7        35.9626        4.15305e+12    2.66628e-07    0.00200792     3.66229e-06    1.74355e-08    5.48203e-08    1.74355e-17    8.77426e-07    
2.09355e-06    39522.7        35.9731        4.19679e+12    2.66676e-07    0.00200792     3.66229e-06    1.71394e-08    5.48203e-08    1.71394e-17    8.77426e-07    
2.09455e-06    39528.8        35.9836        4.24093e+12    2.66771e-07    0.00200792     3.66229e-06    1.68483e-08    5.48203e-08    1.68483e-17    8.77426e-07    
2.09555e-06    39534.8        36.0683        4.61605e+12    2.66867e-07    0.00200792     3.66229e-06    1.65621e-08    5.48203e-08    1.65621e-17    8.77426e-07    
2.09655e-06    39540.8        36.0784        4.66286e+12    2.66986e-07    0.00200792     3.66229e-06    1.62808e-08    5.48203e-08    1.62808e-17    8.77426e-07    
2.09755e-06    39546.8        36.0885        4.7101e+12     2.66986e-07    0.00200792     3.6684e-06     1.60042e-08    5.48203e-08    1.60042e-17    8.77426e-07    
2.09855e-06    39552.8        36.0986        4.75778e+12    2.67033e-07    0.00200792     3.6684e-06     1.57323e-08    5.48203e-08    1.57323e-17    8.77426e-07    
2.09955e-06    39558.8        36.1086        4.80592e+12    2.67725e-07    0.00200792     3.6684e-06     1.54649e-08    5.48203e-08    1.54649e-17    8.77426e-07    
2.10055e-06    39564.8        36.1187        4.85452e+12    2.6782e-07     0.00200792     3.6745e-06     1.52021e-08    5.48203e-08    1.52021e-17    8.77426e-07    
2.10155e-06    39570.8        36.1287        4.90357e+12    2.6813e-07     0.00200792     3.6745e-06     1.49438e-08    5.48203e-08    1.49438e-17    8.77426e-07    
2.10255e-06    39576.7        36.1388        4.95308e+12    2.6813e-07     0.00200792     3.6745e-06     1.4746e-08     5.48203e-08    1.4746e-17     8.77426e-07    
2.10355e-06    39582.7        36.1488        5.003e+12      2.68369e-07    0.00200792     3.6745e-06     1.44953e-08    5.48203e-08    1.44953e-17    8.77426e-07    
2.10455e-06    39588.7        36.1588        5.05337e+12    2.68392e-07    0.00200792     3.6745e-06     1.42492e-08    5.48203e-08    1.42492e-17    8.77426e-07    
2.10555e-06    39594.6        36.1688        5.10419e+12    2.68583e-07    0.00200792     3.6745e-06     1.40243e-08    5.48203e-08    1.40243e-17    8.77426e-07    
2.10655e-06    39600.6        36.1788        5.15548e+12    2.68583e-07    0.00200792     3.6745e-06     1.37859e-08    5.48203e-08    1.37859e-17    8.77426e-07    
2.10755e-06    39606.5        36.1888        5.20724e+12    2.68583e-07    0.00200792     3.6745e-06     1.35515e-08    5.48203e-08    1.35515e-17    8.77426e-07    
2.10855e-06    39612.5        36.1988        5.25946e+12    2.68679e-07    0.00200792     3.6745e-06     1.33212e-08    5.48203e-08    1.33212e-17    8.77426e-07    
2.10955e-06    39618.4        36.2088        5.31217e+12    2.68774e-07    0.00200792     3.6745e-06     1.30947e-08    5.48203e-08    1.30947e-17    8.77426e-07    
2.11055e-06    39624.3        36.2187        5.36535e+12    2.69108e-07    0.00200792     3.6806e-06     1.2872e-08     5.48203e-08    1.2872e-17     8.77426e-07    
2.11155e-06    39630.3        36.2287        5.41902e+12    2.69108e-07    0.00200792     3.6806e-06     1.26532e-08    5.48203e-08    1.26532e-17    8.77426e-07    
2.11255e-06    39636.2        36.2386        5.47318e+12    2.6963e-07     0.00201769     3.6806e-06     1.24382e-08    5.48203e-08    1.24382e-17    8.77426e-07    
2.11355e-06    39642.1        36.2486        5.52782e+12    2.69869e-07    0.00201769     3.68671e-06    1.22267e-08    5.48203e-08    1.22267e-17    8.77426e-07    
2.11455e-06    39648          36.2585        5.58297e+12    2.70346e-07    0.00201769     3.68671e-06    1.20188e-08    5.48203e-08    1.20188e-17    8.77426e-07    
2.11555e-06    39653.9        36.2684        5.63861e+12    2.70465e-07    0.00201769     3.68671e-06    1.18144e-08    5.48203e-08    1.18144e-17    8.77426e-07    
2.11655e-06    39659.8        36.2783        5.69476e+12    2.71037e-07    0.00201769     3.69281e-06    1.16134e-08    5.48203e-08    1.16134e-17    8.77426e-07    
2.11755e-06    39665.7        36.2882        5.75141e+12    2.71085e-07    0.00201769     3.69281e-06    1.14221e-08    5.48203e-08    1.14221e-17    8.77426e-07    
2.11855e-06    39671.6        36.2981        5.80857e+12    2.7118e-07     0.00201769     3.69281e-06    1.12282e-08    5.48203e-08    1.12282e-17    8.77426e-07    
2.11955e-06    39677.4        36.308         5.86625e+12    2.71371e-07    0.00201769     3.69281e-06    1.10373e-08    5.48203e-08    1.10373e-17    8.77426e-07    
2.12055e-06    39683.3        36.3179        5.92444e+12    2.71609e-07    0.00201769     3.69281e-06    1.08496e-08    5.48203e-08    1.08496e-17    8.77426e-07    
2.12155e-06    39689.2        36.3277        5.98315e+12    2.71991e-07    0.00201769     3.69891e-06    1.0665e-08     5.48203e-08    1.0665e-17     8.77426e-07    
2.12255e-06    39695          36.3376        6.04238e+12    2.72038e-07    0.00201769     3.70502e-06    1.04836e-08    5.48203e-08    1.04836e-17    8.77426e-07    
2.12355e-06    39700.9        36.3474        6.10211e+12    2.72134e-07    0.00201769     3.70502e-06    1.03052e-08    5.48203e-08    1.03052e-17    8.77426e-07    
2.12455e-06    39706.7        36.3572        6.16229e+12    2.72229e-07    0.00201769     3.70502e-06    1.01299e-08    5.48203e-08    1.01299e-17    8.77426e-07    
2.12555e-06    39712.6        36.367         6.223e+12      2.72324e-07    0.00201769     3.70502e-06    9.95753e-09    5.48203e-08    9.95753e-18    8.77426e-07    
2.12655e-06    39718.4        36.3768        6.28426e+12    2.72515e-07    0.00201769     3.70502e-06    9.78807e-09    5.48203e-08    9.78807e-18    8.77426e-07    
2.12755e-06    39724.3        36.3866        6.34605e+12    2.72658e-07    0.00201769     3.70502e-06    9.62148e-09    5.48203e-08    9.62148e-18    8.77426e-07    
2.12855e-06    39730.1        36.3964        6.4084e+12     2.72777e-07    0.00201769     3.70502e-06    9.45851e-09    5.48203e-08    9.45851e-18    8.77426e-07    
2.12955e-06    39735.9        36.4062        6.4713e+12     2.72873e-07    0.00201769     3.70502e-06    9.29749e-09    5.48203e-08    9.29749e-18    8.77426e-07    
2.13055e-06    39741.7        36.4159        6.53476e+12    2.72992e-07    0.00201769     3.71112e-06    9.1392e-09     5.48203e-08    9.1392e-18     8.77426e-07    
2.13155e-06    39747.5        36.4257        6.59875e+12    2.73252e-07    0.00202745     3.71112e-06    9.00304e-09    5.48203e-08    9.00304e-18    8.77426e-07    
2.13255e-06    39753.3        36.4354        6.66331e+12    2.73348e-07    0.00202745     3.71112e-06    8.84973e-09    5.48203e-08    8.84973e-18    8.77426e-07    
2.13355e-06    39759.1        36.4451        6.72843e+12    2.73348e-07    0.00202745     3.71112e-06    8.69901e-09    5.48203e-08    8.69901e-18    8.77426e-07    
2.13455e-06    39764.9        36.4548        6.79413e+12    2.73562e-07    0.00202745     3.72333e-06    8.55084e-09    5.48203e-08    8.55084e-18    8.77426e-07    
2.13555e-06    39770.7        36.4645        6.86041e+12    2.74063e-07    0.00202745     3.72333e-06    8.4441e-09     5.48203e-08    8.4441e-18     8.77426e-07    
2.13655e-06    39776.5        36.4742        6.92727e+12    2.74278e-07    0.00202745     3.72333e-06    8.30022e-09    5.48203e-08    8.30022e-18    8.77426e-07    
2.13755e-06    39782.3        36.4839        6.99471e+12    2.74468e-07    0.00202745     3.72333e-06    8.16036e-09    5.48203e-08    8.16036e-18    8.77426e-07    
2.13855e-06    39788          36.4936        7.06275e+12    2.74683e-07    0.00202745     3.72333e-06    8.02128e-09    5.48203e-08    8.02128e-18    8.77426e-07    
2.13955e-06    39793.8        36.5033        7.13138e+12    2.74778e-07    0.00202745     3.72341e-06    7.88456e-09    5.48203e-08    7.88456e-18    8.77426e-07    
2.14055e-06    39799.6        36.5129        7.20062e+12    2.74969e-07    0.00202745     3.73561e-06    7.75016e-09    5.48203e-08    7.75016e-18    8.77426e-07    
2.14155e-06    39805.3        36.5226        7.27046e+12    2.75184e-07    0.00202745     3.74782e-06    7.63533e-09    5.48203e-08    7.63533e-18    8.77426e-07    
2.14255e-06    39811.1        36.5322        7.34091e+12    2.7547e-07     0.00202745     3.75392e-06    7.50514e-09    5.48203e-08    7.50514e-18    8.77426e-07    
2.14355e-06    39816.8        36.5419        7.41198e+12    2.75493e-07    0.00202745     3.75734e-06    7.37716e-09    5.48203e-08    7.37716e-18    8.77426e-07    
2.14455e-06    39822.6        36.5515        7.48367e+12    2.75637e-07    0.00202745     3.75734e-06    7.25136e-09    5.48203e-08    7.25136e-18    8.77426e-07    
2.14555e-06    39828.3        36.5611        7.556e+12      2.75946e-07    0.00202745     3.75734e-06    7.1277e-09     5.48203e-08    7.1277e-18     8.77426e-07    
2.14655e-06    39834          36.5707        7.62894e+12    2.75946e-07    0.00202745     3.75734e-06    7.00615e-09    5.48203e-08    7.00615e-18    8.77426e-07    
2.14755e-06    39839.7        36.5803        7.70253e+12    2.76042e-07    0.00202745     3.75734e-06    6.88667e-09    5.48203e-08    6.88667e-18    8.77426e-07    
2.14855e-06    39845.5        36.5899        7.77675e+12    2.76066e-07    0.00202745     3.75734e-06    6.76922e-09    5.48203e-08    6.76922e-18    8.77426e-07    
2.14955e-06    39851.2        36.5995        7.85163e+12    2.76066e-07    0.00202745     3.75734e-06    6.65376e-09    5.48203e-08    6.65376e-18    8.77426e-07    
2.15055e-06    39856.9        36.6091        7.92716e+12    2.76066e-07    0.00202745     3.75734e-06    6.56578e-09    5.48203e-08    6.56578e-18    8.77426e-07    
2.15155e-06    39862.6        36.6186        8.00335e+12    2.76231e-07    0.00203722     3.76955e-06    6.45378e-09    5.48203e-08    6.45378e-18    8.77426e-07    
2.15255e-06    39868.3        36.6282        8.0802e+12     2.7635e-07     0.00203722     3.76955e-06    6.37283e-09    5.48203e-08    6.37282e-18    8.77426e-07    
2.15355e-06    39873.9        36.6377        8.15771e+12    2.76469e-07    0.00203722     3.76955e-06    6.26411e-09    5.48203e-08    6.26411e-18    8.77426e-07    
2.15455e-06    39879.6        36.6473        8.2359e+12     2.76731e-07    0.00203722     3.76955e-06    6.15724e-09    5.48203e-08    6.15724e-18    8.77426e-07    
2.15555e-06    39885.3        36.6568        8.31478e+12    2.76731e-07    0.00203722     3.76955e-06    6.0522e-09     5.48203e-08    6.0522e-18     8.77426e-07    
2.15655e-06    39891          36.6663        8.39435e+12    2.76827e-07    0.00203722     3.77565e-06    5.94894e-09    5.48203e-08    5.94894e-18    8.77426e-07    
2.15755e-06    39896.6        36.6759        8.47461e+12    2.77017e-07    0.00203722     3.77565e-06    5.87214e-09    5.48203e-08    5.87214e-18    8.77426e-07    
2.15855e-06    39902.3        36.6854        8.55556e+12    2.7759e-07     0.00203722     3.78175e-06    5.77436e-09    5.48203e-08    5.77436e-18    8.77426e-07    
2.15955e-06    39908          36.6949        8.63722e+12    2.7778e-07     0.00203722     3.78215e-06    5.67583e-09    5.48203e-08    5.67583e-18    8.77426e-07    
2.16055e-06    39913.6        36.7044        8.71968e+12    2.78257e-07    0.00203722     3.78215e-06    5.57899e-09    5.48203e-08    5.57899e-18    8.77426e-07    
2.16155e-06    39919.3        36.7139        8.80285e+12    2.78734e-07    0.00203722     3.78825e-06    5.48379e-09    5.48203e-08    5.48379e-18    8.77426e-07    
2.16255e-06    39924.9        36.7233        8.88673e+12    2.7933e-07     0.00203722     3.78825e-06    5.39023e-09    5.48203e-08    5.39023e-18    8.77426e-07    
2.16355e-06    39930.5        36.7328        8.97132e+12    2.79378e-07    0.00203722     3.78825e-06    5.29825e-09    5.48203e-08    5.29825e-18    8.77426e-07    
2.16455e-06    39936.1        36.7423        9.0567e+12     2.79569e-07    0.00203722     3.80046e-06    5.20785e-09    5.48203e-08    5.20785e-18    8.77426e-07    
2.16555e-06    39941.8        36.7517        9.14286e+12    2.79592e-07    0.00203722     3.80046e-06    5.11899e-09    5.48203e-08    5.11899e-18    8.77426e-07    
2.16655e-06    39947.4        36.7612        9.22977e+12    2.7969e-07     0.00205675     3.80046e-06    5.03164e-09    5.48203e-08    5.03164e-18    8.77426e-07    
2.16755e-06    39953          36.7707        9.31741e+12    2.79809e-07    0.00205675     3.80046e-06    4.94579e-09    5.48203e-08    4.94579e-18    8.77426e-07    
2.16855e-06    39958.6        36.7801        9.40581e+12    2.79809e-07    0.00205675     3.80656e-06    4.8614e-09     5.48203e-08    4.8614e-18     8.77426e-07    
2.16955e-06    39964.2        36.7895        9.49495e+12    2.79809e-07    0.00205675     3.80656e-06    4.77845e-09    5.48203e-08    4.77845e-18    8.77426e-07    
2.17055e-06    39969.8        36.799         9.58486e+12    2.8e-07        0.00205675     3.80656e-06    4.69691e-09    5.48203e-08    4.69691e-18    8.77426e-07    
2.17155e-06    39975.4        36.8084        9.67554e+12    2.80215e-07    0.00205675     3.80656e-06    4.61677e-09    5.48203e-08    4.61677e-18    8.77426e-07    
2.17255e-06    39981          36.8178        9.76699e+12    2.80856e-07    0.00206652     3.80656e-06    4.53799e-09    5.48203e-08    4.53799e-18    8.77426e-07    
2.17355e-06    39986.6        36.8272        9.85921e+12    2.80976e-07    0.00206652     3.8134e-06     4.46468e-09    5.48203e-08    4.46468e-18    8.77426e-07    
2.17455e-06    39992.1        36.8366        9.95221e+12    2.80976e-07    0.00206652     3.8134e-06     4.40298e-09    5.48203e-08    4.40298e-18    8.77426e-07    
2.17555e-06    39997.7        36.846         1.00461e+13    2.81071e-07    0.00206652     3.8134e-06     4.32785e-09    5.48203e-08    4.32785e-18    8.77426e-07    
2.17655e-06    40003.3        36.8553        1.01407e+13    2.81166e-07    0.00206652     3.8134e-06     4.25401e-09    5.48203e-08    4.25401e-18    8.77426e-07    
2.17755e-06    40008.8        36.8647        1.02362e+13    2.81405e-07    0.00206652     3.8134e-06     4.18142e-09    5.48203e-08    4.18142e-18    8.77426e-07    
2.17855e-06    40014.4        36.8741        1.03326e+13    2.81643e-07    0.00206652     3.8134e-06     4.11008e-09    5.48203e-08    4.11008e-18    8.77426e-07    
2.17955e-06    40019.9        36.8834        1.04297e+13    2.81762e-07    0.00206652     3.8195e-06     4.04342e-09    5.48203e-08    4.04342e-18    8.77426e-07    
2.18055e-06    40025.4        36.8928        1.05277e+13    2.81834e-07    0.00206652     3.8256e-06     3.97443e-09    5.48203e-08    3.97443e-18    8.77426e-07    
2.18155e-06    40031          36.9021        1.06265e+13    2.81953e-07    0.00206652     3.83171e-06    3.90662e-09    5.48203e-08    3.90662e-18    8.77426e-07    
2.18255e-06    40036.5        36.9115        1.07261e+13    2.81953e-07    0.00206652     3.83171e-06    3.83996e-09    5.48203e-08    3.83996e-18    8.77426e-07    
2.18355e-06    40042          36.9208        1.08266e+13    2.81953e-07    0.00206652     3.83171e-06    3.77444e-09    5.48203e-08    3.77444e-18    8.77426e-07    
2.18455e-06    40047.6        36.9301        1.09279e+13    2.82287e-07    0.00206652     3.83171e-06    3.71003e-09    5.48203e-08    3.71003e-18    8.77426e-07    
2.18555e-06    40053.1        36.9394        1.103e+13      2.82311e-07    0.00206652     3.83171e-06    3.64673e-09    5.48203e-08    3.64673e-18    8.77426e-07    
2.18655e-06    40058.6        36.9487        1.1133e+13     2.82501e-07    0.00206652     3.83171e-06    3.5845e-09     5.48203e-08    3.58449e-18    8.77426e-07    
2.18755e-06    40064.1        36.958         1.12369e+13    2.82692e-07    0.00206652     3.83171e-06    3.52336e-09    5.48203e-08    3.52336e-18    8.77426e-07    
2.18855e-06    40069.6        36.9673        1.13416e+13    2.82907e-07    0.00206652     3.83781e-06    3.46323e-09    5.48203e-08    3.46323e-18    8.77426e-07    
2.18955e-06    40075.1        36.9765        1.14472e+13    2.83384e-07    0.00206652     3.83781e-06    3.40411e-09    5.48203e-08    3.40411e-18    8.77426e-07    
2.19055e-06    40080.6        36.9858        1.15536e+13    2.83407e-07    0.00206652     3.83781e-06    3.34601e-09    5.48203e-08    3.34601e-18    8.77426e-07    
2.19155e-06    40086          36.995         1.1661e+13     2.83527e-07    0.00206652     3.83781e-06    3.28889e-09    5.48203e-08    3.28889e-18    8.77426e-07    
2.19255e-06    40091.5        37.0043        1.17692e+13    2.83646e-07    0.00206652     3.83781e-06    3.23274e-09    5.48203e-08    3.23274e-18    8.77426e-07    
2.19355e-06    40097          37.0135        1.18783e+13    2.84168e-07    0.00207628     3.83781e-06    3.17763e-09    5.48203e-08    3.17763e-18    8.77426e-07    
2.19455e-06    40102.5        37.0227        1.19883e+13    2.84168e-07    0.00207628     3.83781e-06    3.13197e-09    5.48203e-08    3.13197e-18    8.77426e-07    
2.19555e-06    40107.9        37.0319        1.20992e+13    2.84312e-07    0.00207628     3.83781e-06    3.07848e-09    5.48203e-08    3.07848e-18    8.77426e-07    
2.19655e-06    40113.4        37.0411        1.22111e+13    2.84407e-07    0.00207628     3.83781e-06    3.0259e-09     5.48203e-08    3.0259e-18     8.77426e-07    
2.19755e-06    40118.8        37.0503        1.23238e+13    2.84502e-07    0.00207628     3.83781e-06    2.97421e-09    5.48203e-08    2.97421e-18    8.77426e-07    
2.19855e-06    40124.3        37.0595        1.24375e+13    2.84788e-07    0.00207628     3.84391e-06    2.92339e-09    5.48203e-08    2.92339e-18    8.77426e-07    
2.19955e-06    40129.7        37.0687        1.25521e+13    2.85098e-07    0.00207628     3.84391e-06    2.87343e-09    5.48203e-08    2.87343e-18    8.77426e-07    
2.20055e-06    40135.1        37.0778        1.26678e+13    2.85527e-07    0.00207628     3.85002e-06    2.82432e-09    5.48203e-08    2.82432e-18    8.77426e-07    
2.20155e-06    40140.6        37.087         1.27845e+13    2.85527e-07    0.00207628     3.85002e-06    2.77605e-09    5.48203e-08    2.77605e-18    8.77426e-07    
2.20255e-06    40146          37.0962        1.29022e+13    2.85718e-07    0.00207628     3.85002e-06    2.72859e-09    5.48203e-08    2.72859e-18    8.77426e-07    
2.20355e-06    40151.4        37.1053        1.30208e+13    2.85814e-07    0.00207628     3.85002e-06    2.68209e-09    5.48203e-08    2.68209e-18    8.77426e-07    
2.20455e-06    40156.8        37.1145        1.31404e+13    2.85909e-07    0.00207628     3.85612e-06    2.63623e-09    5.48203e-08    2.63623e-18    8.77426e-07    
2.20555e-06    40162.2        37.1236        1.3261e+13     2.86219e-07    0.00207628     3.85612e-06    2.59114e-09    5.48203e-08    2.59114e-18    8.77426e-07    
2.20655e-06    40167.6        37.1327        1.33826e+13    2.86338e-07    0.00207628     3.85612e-06    2.54681e-09    5.48203e-08    2.54681e-18    8.77426e-07    
2.20755e-06    40173          37.1418        1.35051e+13    2.86386e-07    0.00207628     3.85612e-06    2.5036e-09     5.48203e-08    2.5036e-18     8.77426e-07    
2.20855e-06    40178.4        37.1509        1.36286e+13    2.86696e-07    0.00207628     3.85612e-06    2.48285e-09    5.48203e-08    2.48285e-18    8.77426e-07    
2.20955e-06    40183.8        37.16          1.37531e+13    2.87006e-07    0.00207628     3.86222e-06    2.44036e-09    5.48203e-08    2.44036e-18    8.77426e-07    
2.21055e-06    40189.2        37.1691        1.38786e+13    2.87029e-07    0.00207628     3.86222e-06    2.39859e-09    5.48203e-08    2.39859e-18    8.77426e-07    
2.21155e-06    40194.6        37.1782        1.40052e+13    2.87029e-07    0.00207628     3.86222e-06    2.35753e-09    5.48203e-08    2.35753e-18    8.77426e-07    
2.21255e-06    40199.9        37.1873        1.41327e+13    2.87506e-07    0.00207628     3.86222e-06    2.31716e-09    5.48203e-08    2.31716e-18    8.77426e-07    
2.21355e-06    40205.3        37.1963        1.42613e+13    2.87602e-07    0.00207628     3.86222e-06    2.27778e-09    5.48203e-08    2.27778e-18    8.77426e-07    
2.21455e-06    40210.6        37.2054        1.4391e+13     2.87743e-07    0.00208605     3.86222e-06    2.23877e-09    5.48203e-08    2.23877e-18    8.77426e-07    
2.21555e-06    40216          37.2144        1.4522e+13     2.87743e-07    0.00208605     3.86222e-06    2.20042e-09    5.48203e-08    2.20042e-18    8.77426e-07    
2.21655e-06    40221.3        37.2235        1.4654e+13     2.87838e-07    0.00208605     3.86222e-06    2.16273e-09    5.48203e-08    2.16273e-18    8.77426e-07    
2.21755e-06    40226.7        37.2325        1.4787e+13     2.87862e-07    0.00208605     3.86222e-06    2.12914e-09    5.48203e-08    2.12914e-18    8.77426e-07    
2.21855e-06    40232          37.2416        1.49211e+13    2.8791e-07     0.00208605     3.86222e-06    2.09265e-09    5.48203e-08    2.09265e-18    8.77426e-07    
2.21955e-06    40237.4        37.2506        1.50564e+13    2.88267e-07    0.00208605     3.86222e-06    2.0652e-09     5.48203e-08    2.0652e-18     8.77426e-07    
2.22055e-06    40242.7        37.2596        1.51928e+13    2.88267e-07    0.00208605     3.86222e-06    2.0298e-09     5.48203e-08    2.0298e-18     8.77426e-07    
2.22155e-06    40248          37.2686        1.53303e+13    2.88458e-07    0.00208605     3.86222e-06    1.99501e-09    5.48203e-08    1.99501e-18    8.77426e-07    
2.22255e-06    40253.3        37.2776        1.54689e+13    2.88649e-07    0.00208605     3.86848e-06    1.9608e-09     5.48203e-08    1.9608e-18     8.77426e-07    
2.22355e-06    40258.6        37.2866        1.56086e+13    2.88673e-07    0.00208605     3.87459e-06    1.92718e-09    5.48203e-08    1.92718e-18    8.77426e-07    
2.22455e-06    40264          37.2956        1.57494e+13    2.88792e-07    0.00208605     3.88069e-06    1.89413e-09    5.48203e-08    1.89413e-18    8.77426e-07    
2.22555e-06    40269.3        37.3046        1.58915e+13    2.88887e-07    0.00208605     3.88679e-06    1.86164e-09    5.48203e-08    1.86164e-18    8.77426e-07    
2.22655e-06    40274.6        37.3135        1.60347e+13    2.88887e-07    0.00208605     3.88679e-06    1.8297e-09     5.48203e-08    1.8297e-18     8.77426e-07    
2.22755e-06    40279.8        37.3225        1.61791e+13    2.88911e-07    0.00208605     3.8929e-06     1.79831e-09    5.48203e-08    1.79831e-18    8.77426e-07    
2.22855e-06    40285.1        37.3314        1.63246e+13    2.89006e-07    0.00208605     3.8929e-06     1.76745e-09    5.48203e-08    1.76745e-18    8.77426e-07    
2.22955e-06    40290.4        37.3404        1.64713e+13    2.89102e-07    0.00208605     3.8929e-06     1.73712e-09    5.48203e-08    1.73712e-18    8.77426e-07    
2.23055e-06    40295.7        37.3493        1.66193e+13    2.89102e-07    0.00208605     3.8929e-06     1.7073e-09     5.48203e-08    1.7073e-18     8.77426e-07    
2.23155e-06    40301          37.3583        1.67684e+13    2.89769e-07    0.00208605     3.8929e-06     1.67799e-09    5.48203e-08    1.67799e-18    8.77426e-07    
2.23255e-06    40306.2        37.3672        1.69187e+13    2.89769e-07    0.00208605     3.9051e-06     1.64918e-09    5.48203e-08    1.64918e-18    8.77426e-07    
2.23355e-06    40311.5        37.3761        1.70702e+13    2.90175e-07    0.00208605     3.9051e-06     1.62716e-09    5.48203e-08    1.62716e-18    8.77426e-07    
2.23455e-06    40316.7        37.385         1.72229e+13    2.90556e-07    0.00208605     3.9051e-06     1.59921e-09    5.48203e-08    1.59921e-18    8.77426e-07    
2.23555e-06    40322          37.3939        1.73769e+13    2.90866e-07    0.00208605     3.9051e-06     1.57395e-09    5.48203e-08    1.57395e-18    8.77426e-07    
2.23655e-06    40327.2        37.4028        1.75321e+13    2.90936e-07    0.00209581     3.9051e-06     1.54691e-09    5.48203e-08    1.54691e-18    8.77426e-07    
2.23755e-06    40332.5        37.4117        1.76885e+13    2.91413e-07    0.00209581     3.9051e-06     1.52077e-09    5.48203e-08    1.52077e-18    8.77426e-07    
2.23855e-06    40337.7        37.4206        1.78462e+13    2.91436e-07    0.00209581     3.9051e-06     1.49463e-09    5.48203e-08    1.49463e-18    8.77426e-07    
2.23955e-06    40342.9        37.4294        1.80051e+13    2.91603e-07    0.00209581     3.9051e-06     1.46894e-09    5.48203e-08    1.46894e-18    8.77426e-07    
2.24055e-06    40348.2        37.4383        1.81653e+13    2.92009e-07    0.00209581     3.90518e-06    1.44369e-09    5.48203e-08    1.44369e-18    8.77426e-07    
2.24155e-06    40353.4        37.4471        1.83268e+13    2.9239e-07     0.00209581     3.90518e-06    1.41887e-09    5.48203e-08    1.41887e-18    8.77426e-07    
2.24255e-06    40358.6        37.456         1.84896e+13    2.92509e-07    0.00209581     3.90518e-06    1.39447e-09    5.48203e-08    1.39447e-18    8.77426e-07    
2.24355e-06    40363.8        37.4648        1.86537e+13    2.92509e-07    0.00209581     3.90518e-06    1.37048e-09    5.48203e-08    1.37048e-18    8.77426e-07    
2.24455e-06    40369          37.4736        1.88191e+13    2.92819e-07    0.00209581     3.91129e-06    1.34691e-09    5.48203e-08    1.34691e-18    8.77426e-07    
2.24555e-06    40374.2        37.4825        1.89858e+13    2.92915e-07    0.00209581     3.91129e-06    1.32373e-09    5.48203e-08    1.32373e-18    8.77426e-07    
2.24655e-06    40379.4        37.4913        1.91537e+13    2.93036e-07    0.00211535     3.92349e-06    1.30096e-09    5.48203e-08    1.30096e-18    8.77426e-07    
2.24755e-06    40384.6        37.5001        1.93231e+13    2.93155e-07    0.00211535     3.92691e-06    1.27857e-09    5.48203e-08    1.27857e-18    8.77426e-07    
2.24855e-06    40389.8        37.5089        1.94937e+13    2.93346e-07    0.00211535     3.92691e-06    1.25656e-09    5.48203e-08    1.25656e-18    8.77426e-07    
2.24955e-06    40395          37.5176        1.96656e+13    2.93823e-07    0.00211535     3.92691e-06    1.23492e-09    5.48203e-08    1.23492e-18    8.77426e-07    
2.25055e-06    40400.1        37.5264        1.98389e+13    2.93823e-07    0.00211535     3.92691e-06    1.21366e-09    5.48203e-08    1.21366e-18    8.77426e-07    
2.25155e-06    40405.3        37.5352        2.00136e+13    2.94037e-07    0.00211535     3.92691e-06    1.19277e-09    5.48203e-08    1.19277e-18    8.77426e-07    
2.25255e-06    40410.5        37.5439        2.01896e+13    2.94157e-07    0.00211535     3.92691e-06    1.17222e-09    5.48203e-08    1.17222e-18    8.77426e-07    
2.25355e-06    40415.6        37.5527        2.03671e+13    2.94157e-07    0.00211535     3.92691e-06    1.15514e-09    5.48203e-08    1.15514e-18    8.77426e-07    
2.25455e-06    40420.8        37.5614        2.05459e+13    2.94276e-07    0.00211535     3.93912e-06    1.13524e-09    5.48203e-08    1.13523e-18    8.77426e-07    
2.25555e-06    40425.9        37.5702        2.0726e+13     2.94276e-07    0.00211535     3.94522e-06    1.11567e-09    5.48203e-08    1.11567e-18    8.77426e-07    
2.25655e-06    40431.1        37.5789        2.09076e+13    2.943e-07      0.00211535     3.94522e-06    1.09644e-09    5.48203e-08    1.09644e-18    8.77426e-07    
2.25755e-06    40436.2        37.5876        2.10906e+13    2.94395e-07    0.00211535     3.95132e-06    1.07754e-09    5.48203e-08    1.07754e-18    8.77426e-07    
2.25855e-06    40441.3        37.5963        2.1275e+13     2.94584e-07    0.00212511     3.95132e-06    1.05896e-09    5.48203e-08    1.05896e-18    8.77426e-07    
2.25955e-06    40446.5        37.605         2.14609e+13    2.94703e-07    0.00212511     3.95132e-06    1.04132e-09    5.48203e-08    1.04132e-18    8.77426e-07    
2.26055e-06    40451.6        37.6137        2.16482e+13    2.94727e-07    0.00212511     3.95132e-06    1.02336e-09    5.48203e-08    1.02336e-18    8.77426e-07    
2.26155e-06    40456.7        37.6224        2.18369e+13    2.94822e-07    0.00212511     3.95132e-06    1.0057e-09     5.48203e-08    1.0057e-18     8.77426e-07    
2.26255e-06    40461.8        37.631         2.20271e+13    2.95108e-07    0.00212511     3.95743e-06    9.88346e-10    5.48203e-08    9.88346e-19    8.77426e-07    
2.26355e-06    40466.9        37.6397        2.22187e+13    2.95228e-07    0.00212511     3.96353e-06    9.74392e-10    5.48203e-08    9.74392e-19    8.77426e-07    
2.26455e-06    40472          37.6484        2.24118e+13    2.95228e-07    0.00212511     3.96353e-06    9.57572e-10    5.48203e-08    9.57572e-19    8.77426e-07    
2.26555e-06    40477.1        37.657         2.26065e+13    2.95252e-07    0.00212511     3.96353e-06    9.41038e-10    5.48203e-08    9.41038e-19    8.77426e-07    
2.26655e-06    40482.2        37.6656        2.28025e+13    2.95371e-07    0.00212511     3.96964e-06    9.25059e-10    5.48203e-08    9.25059e-19    8.77426e-07    
2.26755e-06    40487.3        37.6743        2.30001e+13    2.95371e-07    0.00212511     3.96964e-06    9.09087e-10    5.48203e-08    9.09087e-19    8.77426e-07    
2.26855e-06    40492.4        37.6829        2.31991e+13    2.95848e-07    0.00212511     3.96964e-06    8.93382e-10    5.48203e-08    8.93382e-19    8.77426e-07    
2.26955e-06    40497.5        37.6915        2.33997e+13    2.96229e-07    0.00212511     3.96964e-06    8.77946e-10    5.48203e-08    8.77946e-19    8.77426e-07    
2.27055e-06    40502.5        37.7001        2.36018e+13    2.96444e-07    0.00212511     3.96964e-06    8.62773e-10    5.48203e-08    8.62773e-19    8.77426e-07    
2.27155e-06    40507.6        37.7087        2.38054e+13    2.9673e-07     0.00212511     3.96964e-06    8.47859e-10    5.48203e-08    8.47859e-19    8.77426e-07    
2.27255e-06    40512.7        37.7173        2.40106e+13    2.9673e-07     0.00212511     3.96964e-06    8.332e-10      5.48203e-08    8.332e-19      8.77426e-07    
2.27355e-06    40517.7        37.7258        2.42174e+13    2.96849e-07    0.00212511     3.96964e-06    8.18794e-10    5.48203e-08    8.18794e-19    8.77426e-07    
2.27455e-06    40522.8        37.7344        2.44257e+13    2.97326e-07    0.00212511     3.96964e-06    8.04646e-10    5.48203e-08    8.04646e-19    8.77426e-07    
2.27555e-06    40527.8        37.743         2.46357e+13    2.97421e-07    0.00212511     3.96964e-06    7.90759e-10    5.48203e-08    7.90759e-19    8.77426e-07    
2.27655e-06    40532.9        37.7515        2.48472e+13    2.97421e-07    0.00212511     3.96964e-06    7.77077e-10    5.48203e-08    7.77077e-19    8.77426e-07    
2.27755e-06    40537.9        37.7601        2.50603e+13    2.9754e-07     0.00212511     3.98192e-06    7.6363e-10     5.48203e-08    7.6363e-19     8.77426e-07    
2.27855e-06    40543          37.7686        2.52749e+13    2.97636e-07    0.00212511     3.98192e-06    7.50412e-10    5.48203e-08    7.50412e-19    8.77426e-07    
2.27955e-06    40548          37.7771        2.54914e+13    2.97993e-07    0.00212511     3.98192e-06    7.37421e-10    5.48203e-08    7.37421e-19    8.77426e-07    
2.28055e-06    40553          37.7857        2.57099e+13    2.97993e-07    0.00212511     3.98231e-06    7.24653e-10    5.48203e-08    7.24653e-19    8.77426e-07    
2.28155e-06    40558          37.7942        2.59301e+13    2.98039e-07    0.00213488     3.98231e-06    7.12104e-10    5.48203e-08    7.12104e-19    8.77426e-07    
2.28255e-06    40563          37.8027        2.61521e+13    2.98158e-07    0.00213488     3.99452e-06    6.9977e-10     5.48203e-08    6.9977e-19     8.77426e-07    
2.28355e-06    40568          37.8112        2.63757e+13    2.98254e-07    0.00213488     4.00673e-06    6.87647e-10    5.48203e-08    6.87647e-19    8.77426e-07    
2.28455e-06    40573          37.8197        2.66009e+13    2.98373e-07    0.00213488     4.00673e-06    6.75733e-10    5.48203e-08    6.75733e-19    8.77426e-07    
2.28555e-06    40578          37.8282        2.68279e+13    2.98587e-07    0.00213488     4.00673e-06    6.64023e-10    5.48203e-08    6.64023e-19    8.77426e-07    
2.28655e-06    40583          37.8367        2.70566e+13    2.98587e-07    0.00213488     4.01283e-06    6.52514e-10    5.48203e-08    6.52514e-19    8.77426e-07    
2.28755e-06    40588          37.8452        2.7287e+13     2.98611e-07    0.00213488     4.01283e-06    6.43902e-10    5.48203e-08    6.43902e-19    8.77426e-07    
2.28855e-06    40593          37.8537        2.75191e+13    2.98826e-07    0.00213488     4.01283e-06    6.32739e-10    5.48203e-08    6.32739e-19    8.77426e-07    
2.28955e-06    40598          37.8621        2.77529e+13    2.98945e-07    0.00213488     4.02504e-06    6.21769e-10    5.48203e-08    6.21769e-19    8.77426e-07    
2.29055e-06    40603          37.8706        2.79886e+13    2.9904e-07     0.00213488     4.02504e-06    6.10989e-10    5.48203e-08    6.10989e-19    8.77426e-07    
2.29155e-06    40607.9        37.879         2.82261e+13    2.99279e-07    0.00213488     4.02504e-06    6.00394e-10    5.48203e-08    6.00394e-19    8.77426e-07    
2.29255e-06    40612.9        37.8875        2.84655e+13    2.99398e-07    0.00213488     4.02504e-06    5.89983e-10    5.48203e-08    5.89983e-19    8.77426e-07    
2.29355e-06    40617.9        37.8959        2.87066e+13    2.99684e-07    0.00213488     4.02504e-06    5.79752e-10    5.48203e-08    5.79752e-19    8.77426e-07    
2.29455e-06    40622.8        37.9043        2.89495e+13    3.00447e-07    0.00213488     4.02504e-06    5.74662e-10    5.48203e-08    5.74662e-19    8.77426e-07    
2.29555e-06    40627.8        37.9127        2.91942e+13    3.00566e-07    0.00213488     4.02504e-06    5.64695e-10    5.48203e-08    5.64695e-19    8.77426e-07    
2.29655e-06    40632.7        37.9212        2.94408e+13    3.00686e-07    0.00213488     4.02504e-06    5.549e-10      5.48203e-08    5.549e-19      8.77426e-07    
2.29755e-06    40637.6        37.9296        2.96892e+13    3.00686e-07    0.00213488     4.03114e-06    5.45325e-10    5.48203e-08    5.45325e-19    8.77426e-07    
2.29855e-06    40642.6        37.938         2.99394e+13    3.00995e-07    0.00213488     4.03114e-06    5.35865e-10    5.48203e-08    5.35865e-19    8.77426e-07    
2.29955e-06    40647.5        37.9463        3.01915e+13    3.01091e-07    0.00213488     4.03114e-06    5.26569e-10    5.48203e-08    5.26569e-19    8.77426e-07    
2.30055e-06    40652.4        37.9547        3.04455e+13    3.01139e-07    0.00213488     4.03114e-06    5.18034e-10    5.48203e-08    5.18034e-19    8.77426e-07    
2.30155e-06    40657.3        37.9631        3.07013e+13    3.01234e-07    0.00213488     4.03114e-06    5.09047e-10    5.48203e-08    5.09047e-19    8.77426e-07    
2.30255e-06    40662.3        37.9714        3.0959e+13     3.01234e-07    0.00213488     4.03114e-06    5.01174e-10    5.48203e-08    5.01174e-19    8.77426e-07    
2.30355e-06    40667.2        37.9798        3.12186e+13    3.01425e-07    0.00213488     4.03724e-06    4.92479e-10    5.48203e-08    4.92479e-19    8.77426e-07    
2.30455e-06    40672.1        37.9881        3.14802e+13    3.01566e-07    0.00214464     4.03724e-06    4.83934e-10    5.48203e-08    4.83934e-19    8.77426e-07    
2.30555e-06    40677          37.9965        3.17437e+13    3.01757e-07    0.00214464     4.03724e-06    4.75548e-10    5.48203e-08    4.75548e-19    8.77426e-07    
2.30655e-06    40681.9        38.0048        3.20091e+13    3.01995e-07    0.00214464     4.03724e-06    4.67297e-10    5.48203e-08    4.67297e-19    8.77426e-07    
2.30755e-06    40686.8        38.0131        3.22765e+13    3.02114e-07    0.00214464     4.03724e-06    4.59188e-10    5.48203e-08    4.59188e-19    8.77426e-07    
2.30855e-06    40691.6        38.0214        3.25459e+13    3.0221e-07     0.00214464     4.03724e-06    4.5122e-10     5.48203e-08    4.5122e-19     8.77426e-07    
2.30955e-06    40696.5        38.0297        3.28172e+13    3.03068e-07    0.00214464     4.03724e-06    4.4339e-10     5.48203e-08    4.4339e-19     8.77426e-07    
2.31055e-06    40701.4        38.038         3.30908e+13    3.03092e-07    0.00214464     4.03724e-06    4.35695e-10    5.48203e-08    4.35695e-19    8.77426e-07    
2.31155e-06    40706.3        38.0463        3.33664e+13    3.03116e-07    0.00214464     4.03724e-06    4.28134e-10    5.48203e-08    4.28134e-19    8.77426e-07    
2.31255e-06    40711.1        38.0546        3.3644e+13     3.03211e-07    0.00214464     4.03724e-06    4.20705e-10    5.48203e-08    4.20705e-19    8.77426e-07    
2.31355e-06    40716          38.0629        3.39237e+13    3.03211e-07    0.00214464     4.03724e-06    4.13404e-10    5.48203e-08    4.13403e-19    8.77426e-07    
2.31455e-06    40720.9        38.0712        3.42053e+13    3.03402e-07    0.00214464     4.04335e-06    4.06229e-10    5.48203e-08    4.06229e-19    8.77426e-07    
2.31555e-06    40725.7        38.0794        3.4489e+13     3.03521e-07    0.00214464     4.04945e-06    3.99179e-10    5.48203e-08    3.99179e-19    8.77426e-07    
2.31655e-06    40730.6        38.0877        3.47748e+13    3.03902e-07    0.00214464     4.04945e-06    3.93616e-10    5.48203e-08    3.93616e-19    8.77426e-07    
2.31755e-06    40735.4        38.0959        3.50627e+13    3.04021e-07    0.00214464     4.04945e-06    3.86785e-10    5.48203e-08    3.86785e-19    8.77426e-07    
2.31855e-06    40740.2        38.1041        3.53526e+13    3.04427e-07    0.00214464     4.04945e-06    3.80072e-10    5.48203e-08    3.80072e-19    8.77426e-07    
2.31955e-06    40745.1        38.1124        3.56447e+13    3.04618e-07    0.00214464     4.04945e-06    3.73476e-10    5.48203e-08    3.73476e-19    8.77426e-07    
2.32055e-06    40749.9        38.1206        3.59391e+13    3.04808e-07    0.00214464     4.04945e-06    3.66994e-10    5.48203e-08    3.66994e-19    8.77426e-07    
2.32155e-06    40754.7        38.1288        3.62357e+13    3.05071e-07    0.00214464     4.04945e-06    3.60625e-10    5.48203e-08    3.60625e-19    8.77426e-07    
2.32255e-06    40759.5        38.137         3.65344e+13    3.05261e-07    0.00214464     4.04945e-06    3.54438e-10    5.48203e-08    3.54438e-19    8.77426e-07    
2.32355e-06    40764.4        38.1452        3.68353e+13    3.05357e-07    0.00214464     4.06776e-06    3.48286e-10    5.48203e-08    3.48286e-19    8.77426e-07    
2.32455e-06    40769.2        38.1534        3.71384e+13    3.05833e-07    0.00214464     4.06776e-06    3.42242e-10    5.48203e-08    3.42242e-19    8.77426e-07    
2.32555e-06    40774          38.1616        3.74437e+13    3.05929e-07    0.00214464     4.06776e-06    3.36302e-10    5.48203e-08    3.36302e-19    8.77426e-07    
2.32655e-06    40778.8        38.1698        3.77513e+13    3.06072e-07    0.00214464     4.06776e-06    3.30466e-10    5.48203e-08    3.30466e-19    8.77426e-07    
2.32755e-06    40783.6        38.178         3.8061e+13     3.06072e-07    0.00214464     4.06776e-06    3.24731e-10    5.48203e-08    3.24731e-19    8.77426e-07    
2.32855e-06    40788.3        38.1861        3.83729e+13    3.06404e-07    0.00215441     4.06776e-06    3.19095e-10    5.48203e-08    3.19095e-19    8.77426e-07    
2.32955e-06    40793.1        38.1943        3.86871e+13    3.06404e-07    0.00215441     4.06776e-06    3.13557e-10    5.48203e-08    3.13557e-19    8.77426e-07    
2.33055e-06    40797.9        38.2024        3.90036e+13    3.0674e-07     0.00217394     4.06776e-06    3.08115e-10    5.48203e-08    3.08115e-19    8.77426e-07    
2.33155e-06    40802.7        38.2106        3.93223e+13    3.07121e-07    0.00217394     4.06776e-06    3.02928e-10    5.48203e-08    3.02928e-19    8.77426e-07    
2.33255e-06    40807.5        38.2187        3.96433e+13    3.07217e-07    0.00217394     4.06776e-06    2.9767e-10     5.48203e-08    2.9767e-19     8.77426e-07    
2.33355e-06    40812.2        38.2268        3.99666e+13    3.07217e-07    0.00217394     4.06776e-06    2.92503e-10    5.48203e-08    2.92503e-19    8.77426e-07    
2.33455e-06    40817          38.2349        4.02923e+13    3.07407e-07    0.00217394     4.06776e-06    2.87426e-10    5.48203e-08    2.87426e-19    8.77426e-07    
2.33555e-06    40821.7        38.243         4.06202e+13    3.07622e-07    0.00217394     4.07386e-06    2.82437e-10    5.48203e-08    2.82437e-19    8.77426e-07    
2.33655e-06    40826.5        38.2511        4.09505e+13    3.07622e-07    0.00217394     4.07386e-06    2.77536e-10    5.48203e-08    2.77535e-19    8.77426e-07    
2.33755e-06    40831.2        38.2592        4.12832e+13    3.07622e-07    0.00217394     4.07997e-06    2.72719e-10    5.48203e-08    2.72719e-19    8.77426e-07    
2.33855e-06    40836          38.2673        4.16182e+13    3.07765e-07    0.00217394     4.09217e-06    2.67986e-10    5.48203e-08    2.67986e-19    8.77426e-07    
2.33955e-06    40840.7        38.2754        4.19557e+13    3.07765e-07    0.00217394     4.09217e-06    2.63881e-10    5.48203e-08    2.63881e-19    8.77426e-07    
2.34055e-06    40845.4        38.2835        4.22955e+13    3.07765e-07    0.00217394     4.09217e-06    2.60211e-10    5.48203e-08    2.60211e-19    8.77426e-07    
2.34155e-06    40850.2        38.2915        4.26377e+13    3.08051e-07    0.00217394     4.09217e-06    2.55695e-10    5.48203e-08    2.55695e-19    8.77426e-07    
2.34255e-06    40854.9        38.2996        4.29823e+13    3.08147e-07    0.00217394     4.09828e-06    2.51257e-10    5.48203e-08    2.51257e-19    8.77426e-07    
2.34355e-06    40859.6        38.3076        4.33294e+13    3.0817e-07     0.00217394     4.09828e-06    2.46897e-10    5.48203e-08    2.46897e-19    8.77426e-07    
2.34455e-06    40864.3        38.3156        4.36789e+13    3.0829e-07     0.00217394     4.10438e-06    2.42612e-10    5.48203e-08    2.42612e-19    8.77426e-07    
2.34555e-06    40869          38.3237        4.40309e+13    3.08313e-07    0.00217394     4.10438e-06    2.38401e-10    5.48203e-08    2.38401e-19    8.77426e-07    
2.34655e-06    40873.7        38.3317        4.43855e+13    3.08433e-07    0.00217394     4.10438e-06    2.34362e-10    5.48203e-08    2.34362e-19    8.77426e-07    
2.34755e-06    40878.4        38.3397        4.47426e+13    3.08552e-07    0.00217394     4.10438e-06    2.30294e-10    5.48203e-08    2.30294e-19    8.77426e-07    
2.34855e-06    40883.1        38.3477        4.51023e+13    3.08671e-07    0.00217394     4.10438e-06    2.26297e-10    5.48203e-08    2.26297e-19    8.77426e-07    
2.34955e-06    40887.8        38.3557        4.54645e+13    3.08671e-07    0.00217394     4.10438e-06    2.2237e-10     5.48203e-08    2.2237e-19     8.77426e-07    
2.35055e-06    40892.5        38.3637        4.58293e+13    3.08695e-07    0.00217394     4.11659e-06    2.1851e-10     5.48203e-08    2.1851e-19     8.77426e-07    
2.35155e-06    40897.2        38.3717        4.61966e+13    3.0879e-07     0.00217394     4.11659e-06    2.14718e-10    5.48203e-08    2.14718e-19    8.77426e-07    
2.35255e-06    40901.9        38.3797        4.65666e+13    3.09217e-07    0.0021837      4.11659e-06    2.10992e-10    5.48203e-08    2.10992e-19    8.77426e-07    
2.35355e-06    40906.5        38.3876        4.69393e+13    3.09694e-07    0.0021837      4.11659e-06    2.0733e-10     5.48203e-08    2.0733e-19     8.77426e-07    
2.35455e-06    40911.2        38.3956        4.73144e+13    3.09885e-07    0.0021837      4.11659e-06    2.03731e-10    5.48203e-08    2.03731e-19    8.77426e-07    
2.35555e-06    40915.9        38.4035        4.76921e+13    3.0998e-07     0.0021837      4.11667e-06    2.00197e-10    5.48203e-08    2.00197e-19    8.77426e-07    
2.35655e-06    40920.5        38.4115        4.80724e+13    3.10004e-07    0.0021837      4.11667e-06    1.96722e-10    5.48203e-08    1.96722e-19    8.77426e-07    
2.35755e-06    40925.2        38.4194        4.84554e+13    3.10004e-07    0.0021837      4.11667e-06    1.93308e-10    5.48203e-08    1.93308e-19    8.77426e-07    
2.35855e-06    40929.8        38.4273        4.88411e+13    3.10123e-07    0.0021837      4.11667e-06    1.89953e-10    5.48203e-08    1.89953e-19    8.77426e-07    
2.35955e-06    40934.5        38.4353        4.92295e+13    3.10314e-07    0.0021837      4.11667e-06    1.86657e-10    5.48203e-08    1.86657e-19    8.77426e-07    
2.36055e-06    40939.1        38.4432        4.96206e+13    3.10696e-07    0.0021837      4.12277e-06    1.83418e-10    5.48203e-08    1.83418e-19    8.77426e-07    
2.36155e-06    40943.8        38.4511        5.00145e+13    3.10791e-07    0.0021837      4.12887e-06    1.80235e-10    5.48203e-08    1.80235e-19    8.77426e-07    
2.36255e-06    40948.4        38.459         5.04112e+13    3.10886e-07    0.0021837      4.12887e-06    1.77108e-10    5.48203e-08    1.77108e-19    8.77426e-07    
2.36355e-06    40953          38.4669        5.08106e+13    3.10886e-07    0.0021837      4.12887e-06    1.74037e-10    5.48203e-08    1.74037e-19    8.77426e-07    
2.36455e-06    40957.6        38.4748        5.12128e+13    3.10982e-07    0.0021837      4.12887e-06    1.71027e-10    5.48203e-08    1.71027e-19    8.77426e-07    
2.36555e-06    40962.2        38.4826        5.16176e+13    3.11006e-07    0.0021837      4.12887e-06    1.68065e-10    5.48203e-08    1.68065e-19    8.77426e-07    
2.36655e-06    40966.9        38.4905        5.20251e+13    3.11149e-07    0.0021837      4.14718e-06    1.65149e-10    5.48203e-08    1.65149e-19    8.77426e-07    
2.36755e-06    40971.5        38.4984        5.24354e+13    3.11244e-07    0.0021837      4.15329e-06    1.62284e-10    5.48203e-08    1.62284e-19    8.77426e-07    
2.36855e-06    40976.1        38.5062        5.28488e+13    3.11363e-07    0.0021837      4.15329e-06    1.59468e-10    5.48203e-08    1.59468e-19    8.77426e-07    
2.36955e-06    40980.7        38.5141        5.32653e+13    3.11482e-07    0.0021837      4.15329e-06    1.56702e-10    5.48203e-08    1.56702e-19    8.77426e-07    
2.37055e-06    40985.3        38.5219        5.36847e+13    3.11578e-07    0.0021837      4.15671e-06    1.53984e-10    5.48203e-08    1.53984e-19    8.77426e-07    
2.37155e-06    40989.8        38.5297        5.41069e+13    3.11626e-07    0.0021837      4.15671e-06    1.51313e-10    5.48203e-08    1.51313e-19    8.77426e-07    
2.37255e-06    40994.4        38.5376        5.4532e+13     3.11816e-07    0.0021837      4.15671e-06    1.48688e-10    5.48203e-08    1.48688e-19    8.77426e-07    
2.37355e-06    40999          38.5454        5.49601e+13    3.12222e-07    0.0021837      4.15671e-06    1.4611e-10     5.48203e-08    1.4611e-19     8.77426e-07    
2.37455e-06    41003.6        38.5532        5.53911e+13    3.12317e-07    0.0021837      4.15671e-06    1.44142e-10    5.48203e-08    1.44142e-19    8.77426e-07    
2.37555e-06    41008.1        38.561         5.58252e+13    3.12412e-07    0.0021837      4.15671e-06    1.41643e-10    5.48203e-08    1.41643e-19    8.77426e-07    
2.37655e-06    41012.7        38.5688        5.62622e+13    3.12508e-07    0.0021837      4.15671e-06    1.39791e-10    5.48203e-08    1.39791e-19    8.77426e-07    
2.37755e-06    41017.3        38.5766        5.67021e+13    3.12553e-07    0.00219347     4.15671e-06    1.37697e-10    5.48203e-08    1.37697e-19    8.77426e-07    
2.37855e-06    41021.8        38.5844        5.71452e+13    3.12792e-07    0.00219347     4.15671e-06    1.35309e-10    5.48203e-08    1.35309e-19    8.77426e-07    
2.37955e-06    41026.4        38.5921        5.75913e+13    3.12983e-07    0.00219347     4.15671e-06    1.32962e-10    5.48203e-08    1.32962e-19    8.77426e-07    
2.38055e-06    41030.9        38.5999        5.80406e+13    3.13555e-07    0.00219347     4.15671e-06    1.31211e-10    5.48203e-08    1.31211e-19    8.77426e-07    
2.38155e-06    41035.5        38.6077        5.84933e+13    3.13579e-07    0.00219347     4.15671e-06    1.28935e-10    5.48203e-08    1.28935e-19    8.77426e-07    
2.38255e-06    41040          38.6155        5.89492e+13    3.13602e-07    0.00219347     4.15671e-06    1.26699e-10    5.48203e-08    1.26699e-19    8.77426e-07    
2.38355e-06    41044.5        38.6232        5.94082e+13    3.13698e-07    0.00219347     4.15671e-06    1.24501e-10    5.48203e-08    1.24501e-19    8.77426e-07    
2.38455e-06    41049.1        38.631         5.98703e+13    3.13889e-07    0.00219347     4.16281e-06    1.22341e-10    5.48203e-08    1.22341e-19    8.77426e-07    
2.38555e-06    41053.6        38.6387        6.03355e+13    3.14079e-07    0.00219347     4.16281e-06    1.20219e-10    5.48203e-08    1.20219e-19    8.77426e-07    
2.38655e-06    41058.1        38.6464        6.08038e+13    3.14175e-07    0.00219347     4.16281e-06    1.18133e-10    5.48203e-08    1.18133e-19    8.77426e-07    
2.38755e-06    41062.6        38.6542        6.12754e+13    3.1427e-07     0.00219347     4.16281e-06    1.16083e-10    5.48203e-08    1.16083e-19    8.77426e-07    
2.38855e-06    41067.1        38.6619        6.17501e+13    3.14485e-07    0.00219347     4.16281e-06    1.14076e-10    5.48203e-08    1.14076e-19    8.77426e-07    
2.38955e-06    41071.6        38.6696        6.2228e+13     3.14961e-07    0.00219347     4.16281e-06    1.12097e-10    5.48203e-08    1.12097e-19    8.77426e-07    
2.39055e-06    41076.1        38.6773        6.27093e+13    3.15033e-07    0.00219347     4.16281e-06    1.10151e-10    5.48203e-08    1.10151e-19    8.77426e-07    
2.39155e-06    41080.6        38.685         6.31938e+13    3.1551e-07     0.00219347     4.16281e-06    1.08328e-10    5.48203e-08    1.08328e-19    8.77426e-07    
2.39255e-06    41085.1        38.6927        6.36815e+13    3.15701e-07    0.00219347     4.16281e-06    1.06447e-10    5.48203e-08    1.06447e-19    8.77426e-07    
2.39355e-06    41089.6        38.7004        6.41726e+13    3.1582e-07     0.00219347     4.16281e-06    1.046e-10      5.48203e-08    1.046e-19      8.77426e-07    
2.39455e-06    41094.1        38.708         6.4667e+13     3.15915e-07    0.00219347     4.16281e-06    1.02784e-10    5.48203e-08    1.02784e-19    8.77426e-07    
2.39555e-06    41098.6        38.7157        6.51644e+13    3.15915e-07    0.00219347     4.16891e-06    1.00999e-10    5.48203e-08    1.00999e-19    8.77426e-07    
2.39655e-06    41103.1        38.7233        6.56652e+13    3.16297e-07    0.00219347     4.16891e-06    9.92453e-11    5.48203e-08    9.92453e-20    8.77426e-07    
2.39755e-06    41107.5        38.731         6.61694e+13    3.16416e-07    0.00219347     4.16891e-06    9.75219e-11    5.48203e-08    9.75218e-20    8.77426e-07    
2.39855e-06    41112          38.7386        6.66769e+13    3.16416e-07    0.00219347     4.16891e-06    9.58282e-11    5.48203e-08    9.58282e-20    8.77426e-07    
2.39955e-06    41116.5        38.7463        6.71878e+13    3.1644e-07     0.00219347     4.16891e-06    9.41639e-11    5.48203e-08    9.41639e-20    8.77426e-07    
2.40055e-06    41120.9        38.7539        6.77021e+13    3.1663e-07     0.00219347     4.17502e-06    9.25284e-11    5.48203e-08    9.25284e-20    8.77426e-07    
2.40155e-06    41125.4        38.7615        6.82199e+13    3.17036e-07    0.00219347     4.17502e-06    9.09211e-11    5.48203e-08    9.09211e-20    8.77426e-07    
2.40255e-06    41129.8        38.7691        6.87412e+13    3.17036e-07    0.00219347     4.17502e-06    8.93417e-11    5.48203e-08    8.93417e-20    8.77426e-07    
2.40355e-06    41134.3        38.7767        6.92659e+13    3.17296e-07    0.00220324     4.17502e-06    8.7864e-11     5.48203e-08    8.78639e-20    8.77426e-07    
2.40455e-06    41138.7        38.7843        6.97941e+13    3.17487e-07    0.00220324     4.17502e-06    8.63374e-11    5.48203e-08    8.63374e-20    8.77426e-07    
2.40555e-06    41143.1        38.7919        7.03259e+13    3.17582e-07    0.00220324     4.17502e-06    8.48373e-11    5.48203e-08    8.48373e-20    8.77426e-07    
2.40655e-06    41147.6        38.7995        7.08613e+13    3.17582e-07    0.00220324     4.17502e-06    8.33631e-11    5.48203e-08    8.33631e-20    8.77426e-07    
2.40755e-06    41152          38.8071        7.14002e+13    3.17797e-07    0.00220324     4.17502e-06    8.21584e-11    5.48203e-08    8.21584e-20    8.77426e-07    
2.40855e-06    41156.4        38.8146        7.19426e+13    3.17892e-07    0.00220324     4.17502e-06    8.07305e-11    5.48203e-08    8.07305e-20    8.77426e-07    
2.40955e-06    41160.8        38.8222        7.24887e+13    3.17892e-07    0.00220324     4.18112e-06    7.93274e-11    5.48203e-08    7.93274e-20    8.77426e-07    
2.41055e-06    41165.2        38.8298        7.30384e+13    3.18083e-07    0.00220324     4.18722e-06    7.79485e-11    5.48203e-08    7.79485e-20    8.77426e-07    
2.41155e-06    41169.6        38.8373        7.35917e+13    3.18107e-07    0.00220324     4.18722e-06    7.65934e-11    5.48203e-08    7.65934e-20    8.77426e-07    
2.41255e-06    41174          38.8448        7.41487e+13    3.18512e-07    0.00220324     4.18722e-06    7.52619e-11    5.48203e-08    7.52619e-20    8.77426e-07    
2.41355e-06    41178.4        38.8524        7.47094e+13    3.18893e-07    0.00220324     4.18761e-06    7.39533e-11    5.48203e-08    7.39533e-20    8.77426e-07    
2.41455e-06    41182.8        38.8599        7.52738e+13    3.19013e-07    0.00220324     4.18761e-06    7.26674e-11    5.48203e-08    7.26674e-20    8.77426e-07    
2.41555e-06    41187.2        38.8674        7.5842e+13     3.19013e-07    0.00220324     4.19372e-06    7.14139e-11    5.48203e-08    7.14139e-20    8.77426e-07    
2.41655e-06    41191.6        38.8749        7.64138e+13    3.19156e-07    0.00220324     4.19982e-06    7.01719e-11    5.48203e-08    7.01719e-20    8.77426e-07    
2.41755e-06    41196          38.8824        7.69895e+13    3.19251e-07    0.00220324     4.19982e-06    6.89514e-11    5.48203e-08    6.89514e-20    8.77426e-07    
2.41855e-06    41200.4        38.8899        7.75689e+13    3.20014e-07    0.00220324     4.19982e-06    6.77521e-11    5.48203e-08    6.77521e-20    8.77426e-07    
2.41955e-06    41204.7        38.8974        7.81521e+13    3.20112e-07    0.00222277     4.19982e-06    6.65734e-11    5.48203e-08    6.65734e-20    8.77426e-07    
2.42055e-06    41209.1        38.9049        7.87391e+13    3.20207e-07    0.00222277     4.19982e-06    6.54152e-11    5.48203e-08    6.54152e-20    8.77426e-07    
2.42155e-06    41213.5        38.9124        7.93301e+13    3.20231e-07    0.00222277     4.19982e-06    6.4277e-11     5.48203e-08    6.4277e-20     8.77426e-07    
2.42255e-06    41217.8        38.9199        7.99251e+13    3.20231e-07    0.00222277     4.19982e-06    6.31584e-11    5.48203e-08    6.31584e-20    8.77426e-07    
2.42355e-06    41222.2        38.9273        8.0524e+13     3.2035e-07     0.00222277     4.20592e-06    6.20593e-11    5.48203e-08    6.20593e-20    8.77426e-07    
2.42455e-06    41226.5        38.9348        8.11267e+13    3.20541e-07    0.00222277     4.20592e-06    6.12106e-11    5.48203e-08    6.12106e-20    8.77426e-07    
2.42555e-06    41230.9        38.9422        8.17335e+13    3.20565e-07    0.00222277     4.21203e-06    6.01451e-11    5.48203e-08    6.01451e-20    8.77426e-07    
2.42655e-06    41235.2        38.9497        8.23441e+13    3.20612e-07    0.00222277     4.21813e-06    5.90981e-11    5.48203e-08    5.90981e-20    8.77426e-07    
2.42755e-06    41239.6        38.9571        8.29587e+13    3.20755e-07    0.00222277     4.21813e-06    5.80691e-11    5.48203e-08    5.80691e-20    8.77426e-07    
2.42855e-06    41243.9        38.9645        8.35773e+13    3.20875e-07    0.00222277     4.22424e-06    5.7058e-11     5.48203e-08    5.7058e-20     8.77426e-07    
2.42955e-06    41248.2        38.972         8.42e+13       3.2092e-07     0.00223253     4.22424e-06    5.60718e-11    5.48203e-08    5.60718e-20    8.77426e-07    
2.43055e-06    41252.5        38.9794        8.48266e+13    3.2123e-07     0.00223253     4.22424e-06    5.50952e-11    5.48203e-08    5.50952e-20    8.77426e-07    
2.43155e-06    41256.9        38.9868        8.54573e+13    3.21254e-07    0.00223253     4.22424e-06    5.41356e-11    5.48203e-08    5.41356e-20    8.77426e-07    
2.43255e-06    41261.2        38.9942        8.6092e+13     3.2135e-07     0.00223253     4.22424e-06    5.31925e-11    5.48203e-08    5.31925e-20    8.77426e-07    
2.43355e-06    41265.5        39.0016        8.67308e+13    3.21445e-07    0.00223253     4.22424e-06    5.22658e-11    5.48203e-08    5.22658e-20    8.77426e-07    
2.43455e-06    41269.8        39.009         8.73738e+13    3.21731e-07    0.00223253     4.23034e-06    5.14322e-11    5.48203e-08    5.14322e-20    8.77426e-07    
2.43555e-06    41274.1        39.0163        8.80207e+13    3.21898e-07    0.00223253     4.23034e-06    5.0536e-11     5.48203e-08    5.0536e-20     8.77426e-07    
2.43655e-06    41278.4        39.0237        8.86717e+13    3.21898e-07    0.00223253     4.23034e-06    4.96552e-11    5.48203e-08    4.96552e-20    8.77426e-07    
2.43755e-06    41282.7        39.0311        8.9327e+13     3.22041e-07    0.00223253     4.24255e-06    4.87898e-11    5.48203e-08    4.87898e-20    8.77426e-07    
2.43855e-06    41287          39.0384        8.99861e+13    3.2216e-07     0.00223253     4.24255e-06    4.79393e-11    5.48203e-08    4.79393e-20    8.77426e-07    
2.43955e-06    41291.3        39.0458        9.06489e+13    3.22184e-07    0.00223253     4.24255e-06    4.71035e-11    5.48203e-08    4.71035e-20    8.77426e-07    
2.44055e-06    41295.5        39.0531        9.13159e+13    3.22184e-07    0.00223253     4.24255e-06    4.62823e-11    5.48203e-08    4.62823e-20    8.77426e-07    
2.44155e-06    41299.8        39.0604        9.19872e+13    3.22279e-07    0.00223253     4.24255e-06    4.54753e-11    5.48203e-08    4.54753e-20    8.77426e-07    
2.44255e-06    41304.1        39.0677        9.26627e+13    3.22279e-07    0.00223253     4.24255e-06    4.46822e-11    5.48203e-08    4.46822e-20    8.77426e-07    
2.44355e-06    41308.3        39.0751        9.33426e+13    3.22709e-07    0.00223253     4.24255e-06    4.39159e-11    5.48203e-08    4.39159e-20    8.77426e-07    
2.44455e-06    41312.6        39.0824        9.40269e+13    3.22732e-07    0.00223253     4.24255e-06    4.31499e-11    5.48203e-08    4.31499e-20    8.77426e-07    
2.44555e-06    41316.9        39.0897        9.47156e+13    3.22923e-07    0.00223253     4.24255e-06    4.23972e-11    5.48203e-08    4.23972e-20    8.77426e-07    
2.44655e-06    41321.1        39.0969        9.54086e+13    3.23018e-07    0.00223253     4.24255e-06    4.16575e-11    5.48203e-08    4.16575e-20    8.77426e-07    
2.44755e-06    41325.4        39.1042        9.61061e+13    3.23114e-07    0.00223253     4.24255e-06    4.09307e-11    5.48203e-08    4.09307e-20    8.77426e-07    
2.44855e-06    41329.6        39.1115        9.68081e+13    3.234e-07      0.00223253     4.24865e-06    4.02164e-11    5.48203e-08    4.02164e-20    8.77426e-07    
2.44955e-06    41333.9        39.1188        9.75146e+13    3.234e-07      0.00223253     4.24865e-06    3.95146e-11    5.48203e-08    3.95146e-20    8.77426e-07    
2.45055e-06    41338.1        39.126         9.82256e+13    3.23495e-07    0.00223253     4.24865e-06    3.88251e-11    5.48203e-08    3.88251e-20    8.77426e-07    
2.45155e-06    41342.3        39.1333        9.89411e+13    3.23495e-07    0.00223253     4.24865e-06    3.81474e-11    5.48203e-08    3.81474e-20    8.77426e-07    
2.45255e-06    41346.6        39.1405        9.96609e+13    3.23901e-07    0.00223253     4.24865e-06    3.74814e-11    5.48203e-08    3.74814e-20    8.77426e-07    
2.45355e-06    41350.8        39.1478        1.00385e+14    3.24115e-07    0.00223253     4.25475e-06    3.6827e-11     5.48203e-08    3.6827e-20     8.77426e-07    
2.45455e-06    41355          39.155         1.01114e+14    3.24211e-07    0.00223253     4.25475e-06    3.6184e-11     5.48203e-08    3.6184e-20     8.77426e-07    
2.45555e-06    41359.2        39.1623        1.01847e+14    3.24401e-07    0.00223253     4.26086e-06    3.55522e-11    5.48203e-08    3.55522e-20    8.77426e-07    
2.45655e-06    41363.4        39.1695        1.02585e+14    3.24447e-07    0.0022423      4.26086e-06    3.49314e-11    5.48203e-08    3.49314e-20    8.77426e-07    
2.45755e-06    41367.6        39.1767        1.03328e+14    3.24757e-07    0.0022423      4.26696e-06    3.43214e-11    5.48203e-08    3.43214e-20    8.77426e-07    
2.45855e-06    41371.8        39.1839        1.04075e+14    3.24852e-07    0.0022423      4.26696e-06    3.3722e-11     5.48203e-08    3.3722e-20     8.77426e-07    
2.45955e-06    41376          39.1911        1.04827e+14    3.24995e-07    0.0022423      4.27306e-06    3.31333e-11    5.48203e-08    3.31333e-20    8.77426e-07    
2.46055e-06    41380.2        39.1983        1.05583e+14    3.24995e-07    0.0022423      4.27917e-06    3.26487e-11    5.48203e-08    3.26487e-20    8.77426e-07    
2.46155e-06    41384.4        39.2055        1.06344e+14    3.24995e-07    0.0022423      4.27917e-06    3.20784e-11    5.48203e-08    3.20784e-20    8.77426e-07    
2.46255e-06    41388.6        39.2126        1.0711e+14     3.25043e-07    0.0022423      4.27917e-06    3.1518e-11     5.48203e-08    3.1518e-20     8.77426e-07    
2.46355e-06    41392.8        39.2198        1.07881e+14    3.25305e-07    0.0022423      4.28527e-06    3.0968e-11     5.48203e-08    3.0968e-20     8.77426e-07    
2.46455e-06    41397          39.227         1.08656e+14    3.25305e-07    0.0022423      4.28527e-06    3.0427e-11     5.48203e-08    3.0427e-20     8.77426e-07    
2.46555e-06    41401.1        39.2341        1.09436e+14    3.25448e-07    0.0022423      4.29137e-06    2.98953e-11    5.48203e-08    2.98953e-20    8.77426e-07    
2.46655e-06    41405.3        39.2413        1.1022e+14     3.25544e-07    0.0022423      4.29137e-06    2.9373e-11     5.48203e-08    2.9373e-20     8.77426e-07    
2.46755e-06    41409.5        39.2484        1.1101e+14     3.25949e-07    0.0022423      4.29137e-06    2.89845e-11    5.48203e-08    2.89844e-20    8.77426e-07    
2.46855e-06    41413.6        39.2555        1.11804e+14    3.2614e-07     0.0022423      4.29137e-06    2.84779e-11    5.48203e-08    2.84779e-20    8.77426e-07    
2.46955e-06    41417.8        39.2627        1.12604e+14    3.2614e-07     0.0022423      4.29137e-06    2.79802e-11    5.48203e-08    2.79802e-20    8.77426e-07    
2.47055e-06    41421.9        39.2698        1.13408e+14    3.2614e-07     0.0022423      4.29137e-06    2.75894e-11    5.48203e-08    2.75894e-20    8.77426e-07    
2.47155e-06    41426.1        39.2769        1.14217e+14    3.26235e-07    0.0022423      4.29137e-06    2.71071e-11    5.48203e-08    2.71071e-20    8.77426e-07    
2.47255e-06    41430.2        39.284         1.15031e+14    3.26521e-07    0.0022423      4.29748e-06    2.66333e-11    5.48203e-08    2.66332e-20    8.77426e-07    
2.47355e-06    41434.4        39.2911        1.15851e+14    3.27046e-07    0.0022423      4.29748e-06    2.61677e-11    5.48203e-08    2.61677e-20    8.77426e-07    
2.47455e-06    41438.5        39.2982        1.16675e+14    3.27046e-07    0.0022423      4.29748e-06    2.57102e-11    5.48203e-08    2.57102e-20    8.77426e-07    
2.47555e-06    41442.6        39.3052        1.17504e+14    3.2707e-07     0.0022423      4.29748e-06    2.53638e-11    5.48203e-08    2.53638e-20    8.77426e-07    
2.47655e-06    41446.7        39.3123        1.18338e+14    3.27666e-07    0.0022423      4.29748e-06    2.49204e-11    5.48203e-08    2.49204e-20    8.77426e-07    
2.47755e-06    41450.9        39.3194        1.19177e+14    3.27761e-07    0.0022423      4.30968e-06    2.44848e-11    5.48203e-08    2.44848e-20    8.77426e-07    
2.47855e-06    41455          39.3264        1.20021e+14    3.27761e-07    0.0022423      4.30968e-06    2.40568e-11    5.48203e-08    2.40568e-20    8.77426e-07    
2.47955e-06    41459.1        39.3335        1.20869e+14    3.27856e-07    0.0022423      4.30968e-06    2.36362e-11    5.48203e-08    2.36362e-20    8.77426e-07    
2.48055e-06    41463.2        39.3405        1.21722e+14    3.28643e-07    0.0022423      4.30968e-06    2.32231e-11    5.48203e-08    2.32231e-20    8.77426e-07    
2.48155e-06    41467.3        39.3475        1.2258e+14     3.28739e-07    0.0022423      4.30968e-06    2.28171e-11    5.48203e-08    2.28171e-20    8.77426e-07    
2.48255e-06    41471.4        39.3546        1.23443e+14    3.28953e-07    0.0022423      4.30968e-06    2.24182e-11    5.48203e-08    2.24182e-20    8.77426e-07    
2.48355e-06    41475.5        39.3616        1.24311e+14    3.29094e-07    0.00225206     4.30968e-06    2.20535e-11    5.48203e-08    2.20535e-20    8.77426e-07    
2.48455e-06    41479.6        39.3686        1.25185e+14    3.29118e-07    0.00225206     4.30968e-06    2.16681e-11    5.48203e-08    2.16681e-20    8.77426e-07    
2.48555e-06    41483.7        39.3756        1.26064e+14    3.29214e-07    0.00225206     4.30968e-06    2.12893e-11    5.48203e-08    2.12893e-20    8.77426e-07    
2.48655e-06    41487.8        39.3826        1.26948e+14    3.29237e-07    0.00225206     4.31579e-06    2.09172e-11    5.48203e-08    2.09172e-20    8.77426e-07    
2.48755e-06    41491.9        39.3895        1.27838e+14    3.29428e-07    0.00225206     4.31579e-06    2.05516e-11    5.48203e-08    2.05516e-20    8.77426e-07    
2.48855e-06    41495.9        39.3965        1.28733e+14    3.29738e-07    0.00225206     4.32189e-06    2.01933e-11    5.48203e-08    2.01933e-20    8.77426e-07    
2.48955e-06    41500          39.4035        1.29633e+14    3.29905e-07    0.00225206     4.32189e-06    1.98404e-11    5.48203e-08    1.98404e-20    8.77426e-07    
2.49055e-06    41504.1        39.4105        1.30539e+14    3.29905e-07    0.00225206     4.32807e-06    1.94936e-11    5.48203e-08    1.94936e-20    8.77426e-07    
2.49155e-06    41508.1        39.4174        1.31451e+14    3.3e-07        0.00225206     4.32807e-06    1.91529e-11    5.48203e-08    1.91529e-20    8.77426e-07    
2.49255e-06    41512.2        39.4244        1.32367e+14    3.30096e-07    0.00225206     4.32807e-06    1.88291e-11    5.48203e-08    1.88291e-20    8.77426e-07    
2.49355e-06    41516.2        39.4313        1.3329e+14     3.30668e-07    0.00225206     4.33418e-06    1.85e-11       5.48203e-08    1.85e-20       8.77426e-07    
2.49455e-06    41520.3        39.4382        1.34218e+14    3.30668e-07    0.00225206     4.33418e-06    1.81767e-11    5.48203e-08    1.81767e-20    8.77426e-07    
2.49555e-06    41524.3        39.4452        1.35151e+14    3.31049e-07    0.00225206     4.33418e-06    1.7859e-11     5.48203e-08    1.7859e-20     8.77426e-07    
2.49655e-06    41528.4        39.4521        1.3609e+14     3.31145e-07    0.00225206     4.33418e-06    1.7547e-11     5.48203e-08    1.7547e-20     8.77426e-07    
2.49755e-06    41532.4        39.459         1.37035e+14    3.31288e-07    0.00225206     4.33418e-06    1.72403e-11    5.48203e-08    1.72403e-20    8.77426e-07    
2.49855e-06    41536.5        39.4659        1.37985e+14    3.31502e-07    0.00225206     4.33418e-06    1.69391e-11    5.48203e-08    1.69391e-20    8.77426e-07    
2.49955e-06    41540.5        39.4728        1.38941e+14    3.31598e-07    0.00225206     4.33418e-06    1.66431e-11    5.48203e-08    1.66431e-20    8.77426e-07    
2.50055e-06    41544.5        39.4797        1.39903e+14    3.31622e-07    0.00225206     4.33418e-06    1.63522e-11    5.48203e-08    1.63522e-20    8.77426e-07    
2.50155e-06    41548.5        39.4866        1.4087e+14     3.31717e-07    0.00225206     4.34028e-06    1.60707e-11    5.48203e-08    1.60707e-20    8.77426e-07    
2.50255e-06    41552.6        39.4935        1.41844e+14    3.31812e-07    0.00225206     4.34028e-06    1.57899e-11    5.48203e-08    1.57899e-20    8.77426e-07    
2.50355e-06    41556.6        39.5004        1.42823e+14    3.31812e-07    0.00225206     4.34028e-06    1.5514e-11     5.48203e-08    1.5514e-20     8.77426e-07    
2.50455e-06    41560.6        39.5073        1.43808e+14    3.31812e-07    0.00225206     4.34638e-06    1.5243e-11     5.48203e-08    1.5243e-20     8.77426e-07    
2.50555e-06    41564.6        39.5141        1.44799e+14    3.31908e-07    0.00225206     4.34638e-06    1.49766e-11    5.48203e-08    1.49766e-20    8.77426e-07    
2.50655e-06    41568.6        39.521         1.45796e+14    3.32098e-07    0.00225206     4.35249e-06    1.4715e-11     5.48203e-08    1.4715e-20     8.77426e-07    
2.50755e-06    41572.6        39.5278        1.46798e+14    3.32122e-07    0.00225206     4.35859e-06    1.44579e-11    5.48203e-08    1.44579e-20    8.77426e-07    
2.50855e-06    41576.6        39.5347        1.47807e+14    3.32313e-07    0.00225206     4.35859e-06    1.42394e-11    5.48203e-08    1.42394e-20    8.77426e-07    
2.50955e-06    41580.6        39.5415        1.48821e+14    3.32694e-07    0.00225206     4.35859e-06    1.39906e-11    5.48203e-08    1.39906e-20    8.77426e-07    
2.51055e-06    41584.5        39.5484        1.49842e+14    3.32909e-07    0.00225206     4.3708e-06     1.37461e-11    5.48203e-08    1.37461e-20    8.77426e-07    
2.51155e-06    41588.5        39.5552        1.50868e+14    3.32909e-07    0.00225206     4.3708e-06     1.35059e-11    5.48203e-08    1.35059e-20    8.77426e-07    
2.51255e-06    41592.5        39.562         1.51901e+14    3.33169e-07    0.00226183     4.3708e-06     1.32699e-11    5.48203e-08    1.32699e-20    8.77426e-07    
2.51355e-06    41596.5        39.5688        1.52939e+14    3.3367e-07     0.00226183     4.3708e-06     1.3038e-11     5.48203e-08    1.3038e-20     8.77426e-07    
2.51455e-06    41600.4        39.5756        1.53984e+14    3.33768e-07    0.00228136     4.37088e-06    1.28102e-11    5.48203e-08    1.28102e-20    8.77426e-07    
2.51555e-06    41604.4        39.5824        1.55034e+14    3.33911e-07    0.00228136     4.37088e-06    1.25863e-11    5.48203e-08    1.25863e-20    8.77426e-07    
2.51655e-06    41608.4        39.5892        1.56091e+14    3.33935e-07    0.00228136     4.37088e-06    1.23663e-11    5.48203e-08    1.23663e-20    8.77426e-07    
2.51755e-06    41612.3        39.596         1.57154e+14    3.3403e-07     0.00228136     4.37088e-06    1.21502e-11    5.48203e-08    1.21502e-20    8.77426e-07    
2.51855e-06    41616.3        39.6028        1.58223e+14    3.34435e-07    0.00228136     4.37088e-06    1.19378e-11    5.48203e-08    1.19378e-20    8.77426e-07    
2.51955e-06    41620.2        39.6096        1.59299e+14    3.34435e-07    0.00228136     4.37088e-06    1.17767e-11    5.48203e-08    1.17767e-20    8.77426e-07    
2.52055e-06    41624.2        39.6163        1.6038e+14     3.34912e-07    0.00228136     4.37088e-06    1.15708e-11    5.48203e-08    1.15708e-20    8.77426e-07    
2.52155e-06    41628.1        39.6231        1.61468e+14    3.35031e-07    0.00228136     4.37429e-06    1.13697e-11    5.48203e-08    1.13697e-20    8.77426e-07    
2.52255e-06    41632          39.6298        1.62563e+14    3.35127e-07    0.00228136     4.37429e-06    1.11709e-11    5.48203e-08    1.11709e-20    8.77426e-07    
2.52355e-06    41636          39.6366        1.63664e+14    3.35341e-07    0.00228136     4.37429e-06    1.09755e-11    5.48203e-08    1.09755e-20    8.77426e-07    
2.52455e-06    41639.9        39.6433        1.64771e+14    3.35341e-07    0.00228136     4.37429e-06    1.07835e-11    5.48203e-08    1.07835e-20    8.77426e-07    
2.52555e-06    41643.8        39.6501        1.65885e+14    3.35341e-07    0.00228136     4.3804e-06     1.05949e-11    5.48203e-08    1.05949e-20    8.77426e-07    
2.52655e-06    41647.7        39.6568        1.67005e+14    3.35341e-07    0.00228136     4.3804e-06     1.04096e-11    5.48203e-08    1.04096e-20    8.77426e-07    
2.52755e-06    41651.7        39.6635        1.6813e+14     3.35341e-07    0.00228136     4.3804e-06     1.02275e-11    5.48203e-08    1.02275e-20    8.77426e-07    
2.52855e-06    41655.6        39.6702        1.69262e+14    3.35341e-07    0.00228136     4.3804e-06     1.00485e-11    5.48203e-08    1.00485e-20    8.77426e-07    
2.52955e-06    41659.5        39.6769        1.70401e+14    3.35461e-07    0.00228136     4.3804e-06     9.87271e-12    5.48203e-08    9.8727e-21     8.77426e-07    
2.53055e-06    41663.4        39.6836        1.71546e+14    3.35842e-07    0.00228136     4.3804e-06     9.69993e-12    5.48203e-08    9.69993e-21    8.77426e-07    
2.53155e-06    41667.3        39.6903        1.72698e+14    3.35961e-07    0.00228136     4.3804e-06     9.53017e-12    5.48203e-08    9.53016e-21    8.77426e-07    
2.53255e-06    41671.2        39.697         1.73856e+14    3.35985e-07    0.00228136     4.3804e-06     9.36335e-12    5.48203e-08    9.36335e-21    8.77426e-07    
2.53355e-06    41675.1        39.7037        1.75021e+14    3.3608e-07     0.00228136     4.3804e-06     9.19944e-12    5.48203e-08    9.19944e-21    8.77426e-07    
2.53455e-06    41679          39.7104        1.76192e+14    3.36176e-07    0.00228136     4.3804e-06     9.03838e-12    5.48203e-08    9.03838e-21    8.77426e-07    
2.53555e-06    41682.8        39.717         1.7737e+14     3.36271e-07    0.00228136     4.3804e-06     8.88012e-12    5.48203e-08    8.88012e-21    8.77426e-07    
2.53655e-06    41686.7        39.7237        1.78555e+14    3.36319e-07    0.00228136     4.3804e-06     8.72462e-12    5.48203e-08    8.72462e-21    8.77426e-07    
2.53755e-06    41690.6        39.7303        1.79747e+14    3.36319e-07    0.00228136     4.3865e-06     8.57182e-12    5.48203e-08    8.57182e-21    8.77426e-07    
2.53855e-06    41694.5        39.737         1.80945e+14    3.36414e-07    0.00228136     4.3865e-06     8.42168e-12    5.48203e-08    8.42168e-21    8.77426e-07    
2.53955e-06    41698.3        39.7436        1.8215e+14     3.36796e-07    0.00228136     4.3865e-06     8.27416e-12    5.48203e-08    8.27416e-21    8.77426e-07    
2.54055e-06    41702.2        39.7502        1.83362e+14    3.36796e-07    0.00228136     4.3865e-06     8.13796e-12    5.48203e-08    8.13796e-21    8.77426e-07    
2.54155e-06    41706.1        39.7569        1.84581e+14    3.36865e-07    0.00229113     4.39871e-06    7.99538e-12    5.48203e-08    7.99538e-21    8.77426e-07    
2.54255e-06    41709.9        39.7635        1.85806e+14    3.36984e-07    0.00229113     4.39871e-06    7.85528e-12    5.48203e-08    7.85528e-21    8.77426e-07    
2.54355e-06    41713.8        39.7701        1.87039e+14    3.37104e-07    0.00229113     4.39871e-06    7.71761e-12    5.48203e-08    7.71761e-21    8.77426e-07    
2.54455e-06    41717.6        39.7767        1.88279e+14    3.37199e-07    0.00229113     4.41091e-06    7.58235e-12    5.48203e-08    7.58235e-21    8.77426e-07    
2.54555e-06    41721.5        39.7833        1.89526e+14    3.37199e-07    0.00229113     4.41091e-06    7.44944e-12    5.48203e-08    7.44944e-21    8.77426e-07    
2.54655e-06    41725.3        39.7899        1.9078e+14     3.37199e-07    0.00229113     4.41091e-06    7.31885e-12    5.48203e-08    7.31885e-21    8.77426e-07    
2.54755e-06    41729.1        39.7965        1.92041e+14    3.37318e-07    0.00229113     4.41091e-06    7.19053e-12    5.48203e-08    7.19053e-21    8.77426e-07    
2.54855e-06    41733          39.8031        1.93309e+14    3.37318e-07    0.00229113     4.41702e-06    7.06445e-12    5.48203e-08    7.06445e-21    8.77426e-07    
2.54955e-06    41736.8        39.8096        1.94584e+14    3.37342e-07    0.00229113     4.41702e-06    6.94057e-12    5.48203e-08    6.94057e-21    8.77426e-07    
2.55055e-06    41740.6        39.8162        1.95867e+14    3.37819e-07    0.00229113     4.44143e-06    6.82026e-12    5.48203e-08    6.82026e-21    8.77426e-07    
2.55155e-06    41744.4        39.8228        1.97156e+14    3.37938e-07    0.00229113     4.44143e-06    6.70063e-12    5.48203e-08    6.70063e-21    8.77426e-07    
2.55255e-06    41748.3        39.8293        1.98452e+14    3.37938e-07    0.00229113     4.44143e-06    6.6048e-12     5.48203e-08    6.6048e-21     8.77426e-07    
2.55355e-06    41752.1        39.8359        1.99756e+14    3.3832e-07     0.00229113     4.44143e-06    6.48898e-12    5.48203e-08    6.48898e-21    8.77426e-07    
2.55455e-06    41755.9        39.8424        2.01066e+14    3.38415e-07    0.00229113     4.44143e-06    6.37513e-12    5.48203e-08    6.37513e-21    8.77426e-07    
2.55555e-06    41759.7        39.8489        2.02384e+14    3.38439e-07    0.00229113     4.44143e-06    6.26326e-12    5.48203e-08    6.26326e-21    8.77426e-07    
2.55655e-06    41763.5        39.8555        2.0371e+14     3.38534e-07    0.00229113     4.44143e-06    6.15336e-12    5.48203e-08    6.15336e-21    8.77426e-07    
2.55755e-06    41767.3        39.862         2.05042e+14    3.38677e-07    0.00229113     4.44754e-06    6.04536e-12    5.48203e-08    6.04536e-21    8.77426e-07    
2.55855e-06    41771.1        39.8685        2.06382e+14    3.38773e-07    0.00229113     4.44754e-06    5.93925e-12    5.48203e-08    5.93925e-21    8.77426e-07    
2.55955e-06    41774.9        39.875         2.0773e+14     3.38868e-07    0.00229113     4.44754e-06    5.83499e-12    5.48203e-08    5.83499e-21    8.77426e-07    
2.56055e-06    41778.6        39.8815        2.09084e+14    3.38892e-07    0.00229113     4.44754e-06    5.73255e-12    5.48203e-08    5.73255e-21    8.77426e-07    
2.56155e-06    41782.4        39.888         2.10447e+14    3.38892e-07    0.00229113     4.44793e-06    5.63189e-12    5.48203e-08    5.63189e-21    8.77426e-07    
2.56255e-06    41786.2        39.8945        2.11817e+14    3.38987e-07    0.00229113     4.44793e-06    5.533e-12      5.48203e-08    5.533e-21      8.77426e-07    
2.56355e-06    41790          39.901         2.13194e+14    3.39106e-07    0.00229113     4.45403e-06    5.43583e-12    5.48203e-08    5.43583e-21    8.77426e-07    
2.56455e-06    41793.7        39.9075        2.14579e+14    3.39202e-07    0.00229113     4.45403e-06    5.34035e-12    5.48203e-08    5.34035e-21    8.77426e-07    
2.56555e-06    41797.5        39.9139        2.15971e+14    3.39321e-07    0.00229113     4.45403e-06    5.24654e-12    5.48203e-08    5.24654e-21    8.77426e-07    
2.56655e-06    41801.3        39.9204        2.17372e+14    3.39321e-07    0.00229113     4.45403e-06    5.1544e-12     5.48203e-08    5.1544e-21     8.77426e-07    
2.56755e-06    41805          39.9268        2.1878e+14     3.39321e-07    0.00229113     4.45403e-06    5.06384e-12    5.48203e-08    5.06384e-21    8.77426e-07    
2.56855e-06    41808.8        39.9333        2.20196e+14    3.39512e-07    0.00229113     4.45403e-06    4.97486e-12    5.48203e-08    4.97486e-21    8.77426e-07    
2.56955e-06    41812.5        39.9397        2.21619e+14    3.39989e-07    0.00229113     4.46013e-06    4.88743e-12    5.48203e-08    4.88743e-21    8.77426e-07    
2.57055e-06    41816.3        39.9462        2.23051e+14    3.40275e-07    0.00229113     4.46624e-06    4.82171e-12    5.48203e-08    4.82171e-21    8.77426e-07    
2.57155e-06    41820          39.9526        2.2449e+14     3.40299e-07    0.00229113     4.47234e-06    4.73696e-12    5.48203e-08    4.73696e-21    8.77426e-07    
2.57255e-06    41823.7        39.959         2.25936e+14    3.40799e-07    0.00229113     4.47234e-06    4.65375e-12    5.48203e-08    4.65375e-21    8.77426e-07    
2.57355e-06    41827.5        39.9654        2.27391e+14    3.41181e-07    0.00229113     4.47844e-06    4.57962e-12    5.48203e-08    4.57962e-21    8.77426e-07    
2.57455e-06    41831.2        39.9719        2.28853e+14    3.41276e-07    0.00229113     4.47844e-06    4.4991e-12     5.48203e-08    4.4991e-21     8.77426e-07    
2.57555e-06    41834.9        39.9783        2.30323e+14    3.41467e-07    0.00229113     4.47844e-06    4.41999e-12    5.48203e-08    4.41999e-21    8.77426e-07    
2.57655e-06    41838.7        39.9847        2.31801e+14    3.41848e-07    0.00229113     4.47844e-06    4.34225e-12    5.48203e-08    4.34225e-21    8.77426e-07    
2.57755e-06    41842.4        39.991         2.33286e+14    3.42039e-07    0.00229113     4.47844e-06    4.26588e-12    5.48203e-08    4.26588e-21    8.77426e-07    
2.57855e-06    41846.1        39.9974        2.3478e+14     3.42039e-07    0.00229113     4.47844e-06    4.19084e-12    5.48203e-08    4.19084e-21    8.77426e-07    
2.57955e-06    41849.8        40.0038        2.36281e+14    3.42039e-07    0.00229113     4.47844e-06    4.12997e-12    5.48203e-08    4.12997e-21    8.77426e-07    
2.58055e-06    41853.5        40.0102        2.37791e+14    3.42134e-07    0.00229113     4.47844e-06    4.05732e-12    5.48203e-08    4.05732e-21    8.77426e-07    
2.58155e-06    41857.2        40.0165        2.39309e+14    3.42349e-07    0.00229113     4.47844e-06    3.98593e-12    5.48203e-08    3.98593e-21    8.77426e-07    
2.58255e-06    41860.9        40.0229        2.40835e+14    3.42349e-07    0.00229113     4.48455e-06    3.93088e-12    5.48203e-08    3.93088e-21    8.77426e-07    
2.58355e-06    41864.6        40.0292        2.42368e+14    3.42444e-07    0.00229113     4.48455e-06    3.86349e-12    5.48203e-08    3.86349e-21    8.77426e-07    
2.58455e-06    41868.3        40.0356        2.4391e+14     3.4285e-07     0.00229113     4.48455e-06    3.79551e-12    5.48203e-08    3.79551e-21    8.77426e-07    
2.58555e-06    41872          40.0419        2.4546e+14     3.43064e-07    0.00229113     4.49065e-06    3.72872e-12    5.48203e-08    3.72872e-21    8.77426e-07    
2.58655e-06    41875.7        40.0482        2.47019e+14    3.43064e-07    0.00229113     4.49065e-06    3.66309e-12    5.48203e-08    3.66309e-21    8.77426e-07    
2.58755e-06    41879.3        40.0546        2.48585e+14    3.43255e-07    0.00229113     4.50286e-06    3.59862e-12    5.48203e-08    3.59862e-21    8.77426e-07    
2.58855e-06    41883          40.0609        2.5016e+14     3.43446e-07    0.00229113     4.50286e-06    3.53529e-12    5.48203e-08    3.53529e-21    8.77426e-07    
2.58955e-06    41886.7        40.0672        2.51743e+14    3.43656e-07    0.00231066     4.50286e-06    3.47306e-12    5.48203e-08    3.47306e-21    8.77426e-07    
2.59055e-06    41890.4        40.0735        2.53334e+14    3.43847e-07    0.00231066     4.50286e-06    3.41193e-12    5.48203e-08    3.41193e-21    8.77426e-07    
2.59155e-06    41894          40.0798        2.54934e+14    3.44252e-07    0.00231066     4.50286e-06    3.35187e-12    5.48203e-08    3.35187e-21    8.77426e-07    
2.59255e-06    41897.7        40.0861        2.56543e+14    3.44252e-07    0.00231066     4.50286e-06    3.29287e-12    5.48203e-08    3.29287e-21    8.77426e-07    
2.59355e-06    41901.3        40.0924        2.5816e+14     3.44443e-07    0.00231066     4.50286e-06    3.2349e-12     5.48203e-08    3.2349e-21     8.77426e-07    
2.59455e-06    41905          40.0986        2.59785e+14    3.44443e-07    0.00231066     4.50286e-06    3.17795e-12    5.48203e-08    3.17795e-21    8.77426e-07    
2.59555e-06    41908.6        40.1049        2.6142e+14     3.44443e-07    0.00231066     4.50286e-06    3.12201e-12    5.48203e-08    3.12201e-21    8.77426e-07    
2.59655e-06    41912.3        40.1112        2.63062e+14    3.44729e-07    0.00231066     4.50286e-06    3.06705e-12    5.48203e-08    3.06705e-21    8.77426e-07    
2.59755e-06    41915.9        40.1174        2.64714e+14    3.44825e-07    0.00231066     4.50286e-06    3.01306e-12    5.48203e-08    3.01306e-21    8.77426e-07    
2.59855e-06    41919.6        40.1237        2.66374e+14    3.44944e-07    0.00231066     4.50286e-06    2.96001e-12    5.48203e-08    2.96001e-21    8.77426e-07    
2.59955e-06    41923.2        40.1299        2.68043e+14    3.45135e-07    0.00231066     4.50286e-06    2.90791e-12    5.48203e-08    2.90791e-21    8.77426e-07    
2.60055e-06    41926.8        40.1362        2.6972e+14     3.45135e-07    0.00231066     4.50286e-06    2.85672e-12    5.48203e-08    2.85672e-21    8.77426e-07    
2.60155e-06    41930.5        40.1424        2.71406e+14    3.45158e-07    0.00231066     4.50286e-06    2.80652e-12    5.48203e-08    2.80652e-21    8.77426e-07    
2.60255e-06    41934.1        40.1486        2.73101e+14    3.45158e-07    0.00231066     4.50286e-06    2.75711e-12    5.48203e-08    2.75711e-21    8.77426e-07    
2.60355e-06    41937.7        40.1548        2.74804e+14    3.45158e-07    0.00231066     4.50286e-06    2.70858e-12    5.48203e-08    2.70858e-21    8.77426e-07    
2.60455e-06    41941.3        40.161         2.76517e+14    3.45158e-07    0.00231066     4.50286e-06    2.6609e-12     5.48203e-08    2.6609e-21     8.77426e-07    
2.60555e-06    41944.9        40.1673        2.78238e+14    3.45278e-07    0.00231066     4.50286e-06    2.61512e-12    5.48203e-08    2.61512e-21    8.77426e-07    
2.60655e-06    41948.5        40.1735        2.79968e+14    3.45468e-07    0.00231066     4.50896e-06    2.56909e-12    5.48203e-08    2.56909e-21    8.77426e-07    
2.60755e-06    41952.1        40.1796        2.81708e+14    3.45659e-07    0.00231066     4.51507e-06    2.52386e-12    5.48203e-08    2.52386e-21    8.77426e-07    
2.60855e-06    41955.7        40.1858        2.83456e+14    3.46231e-07    0.00231066     4.51507e-06    2.47944e-12    5.48203e-08    2.47944e-21    8.77426e-07    
2.60955e-06    41959.3        40.192         2.85213e+14    3.46327e-07    0.00231066     4.52117e-06    2.4358e-12     5.48203e-08    2.4358e-21     8.77426e-07    
2.61055e-06    41962.9        40.1982        2.8698e+14     3.46327e-07    0.00231066     4.52117e-06    2.39293e-12    5.48203e-08    2.39293e-21    8.77426e-07    
2.61155e-06    41966.5        40.2044        2.88756e+14    3.46398e-07    0.00231066     4.52727e-06    2.35081e-12    5.48203e-08    2.35081e-21    8.77426e-07    
2.61255e-06    41970.1        40.2105        2.9054e+14     3.46994e-07    0.00231066     4.52727e-06    2.30943e-12    5.48203e-08    2.30943e-21    8.77426e-07    
2.61355e-06    41973.7        40.2167        2.92334e+14    3.46994e-07    0.00231066     4.52727e-06    2.26879e-12    5.48203e-08    2.26879e-21    8.77426e-07    
2.61455e-06    41977.2        40.2228        2.94137e+14    3.47376e-07    0.00231066     4.52727e-06    2.22886e-12    5.48203e-08    2.22886e-21    8.77426e-07    
2.61555e-06    41980.8        40.229         2.95949e+14    3.47376e-07    0.00231066     4.52727e-06    2.18963e-12    5.48203e-08    2.18963e-21    8.77426e-07    
2.61655e-06    41984.4        40.2351        2.97771e+14    3.47376e-07    0.00231066     4.52727e-06    2.1511e-12     5.48203e-08    2.1511e-21     8.77426e-07    
2.61755e-06    41988          40.2412        2.99602e+14    3.47664e-07    0.00233019     4.52727e-06    2.11324e-12    5.48203e-08    2.11324e-21    8.77426e-07    
2.61855e-06    41991.5        40.2474        3.01442e+14    3.47664e-07    0.00233019     4.52727e-06    2.07606e-12    5.48203e-08    2.07606e-21    8.77426e-07    
2.61955e-06    41995.1        40.2535        3.03292e+14    3.47712e-07    0.00233019     4.52727e-06    2.03967e-12    5.48203e-08    2.03967e-21    8.77426e-07    
2.62055e-06    41998.6        40.2596        3.05151e+14    3.47807e-07    0.00233019     4.52727e-06    2.00378e-12    5.48203e-08    2.00378e-21    8.77426e-07    
2.62155e-06    42002.2        40.2657        3.07019e+14    3.47903e-07    0.00233019     4.52727e-06    1.96852e-12    5.48203e-08    1.96852e-21    8.77426e-07    
2.62255e-06    42005.7        40.2718        3.08897e+14    3.48022e-07    0.00233019     4.53338e-06    1.93388e-12    5.48203e-08    1.93388e-21    8.77426e-07    
2.62355e-06    42009.3        40.2779        3.10785e+14    3.48117e-07    0.00233019     4.53338e-06    1.90331e-12    5.48203e-08    1.90331e-21    8.77426e-07    
2.62455e-06    42012.8        40.284         3.12682e+14    3.48117e-07    0.00233019     4.53338e-06    1.86982e-12    5.48203e-08    1.86982e-21    8.77426e-07    
2.62555e-06    42016.3        40.29          3.14588e+14    3.48308e-07    0.00233019     4.53338e-06    1.83692e-12    5.48203e-08    1.83692e-21    8.77426e-07    
2.62655e-06    42019.9        40.2961        3.16505e+14    3.48308e-07    0.00233019     4.53948e-06    1.8046e-12     5.48203e-08    1.8046e-21     8.77426e-07    
2.62755e-06    42023.4        40.3022        3.18431e+14    3.48403e-07    0.00233019     4.53948e-06    1.77285e-12    5.48203e-08    1.77285e-21    8.77426e-07    
2.62855e-06    42026.9        40.3082        3.20368e+14    3.48522e-07    0.00233019     4.53948e-06    1.74895e-12    5.48203e-08    1.74895e-21    8.77426e-07    
2.62955e-06    42030.5        40.3143        3.22314e+14    3.48642e-07    0.00233019     4.54558e-06    1.71818e-12    5.48203e-08    1.71818e-21    8.77426e-07    
2.63055e-06    42034          40.3204        3.24269e+14    3.48642e-07    0.00233019     4.54558e-06    1.68798e-12    5.48203e-08    1.68798e-21    8.77426e-07    
2.63155e-06    42037.5        40.3264        3.26235e+14    3.48665e-07    0.00233019     4.54558e-06    1.65828e-12    5.48203e-08    1.65828e-21    8.77426e-07    
2.63255e-06    42041          40.3324        3.2821e+14     3.48761e-07    0.00233019     4.54558e-06    1.62911e-12    5.48203e-08    1.62911e-21    8.77426e-07    
2.63355e-06    42044.5        40.3385        3.30196e+14    3.48999e-07    0.00233019     4.54558e-06    1.60044e-12    5.48203e-08    1.60044e-21    8.77426e-07    
2.63455e-06    42048          40.3445        3.32191e+14    3.49095e-07    0.00233019     4.54558e-06    1.57228e-12    5.48203e-08    1.57228e-21    8.77426e-07    
2.63555e-06    42051.5        40.3505        3.34196e+14    3.49238e-07    0.00233019     4.54558e-06    1.54462e-12    5.48203e-08    1.54462e-21    8.77426e-07    
2.63655e-06    42055          40.3565        3.36211e+14    3.49333e-07    0.00233019     4.54558e-06    1.51744e-12    5.48203e-08    1.51744e-21    8.77426e-07    
2.63755e-06    42058.5        40.3625        3.38237e+14    3.49428e-07    0.00233019     4.54558e-06    1.49074e-12    5.48203e-08    1.49074e-21    8.77426e-07    
2.63855e-06    42062          40.3685        3.40273e+14    3.49571e-07    0.00233019     4.54558e-06    1.46451e-12    5.48203e-08    1.46451e-21    8.77426e-07    
2.63955e-06    42065.5        40.3745        3.42318e+14    3.49571e-07    0.00233019     4.54558e-06    1.43875e-12    5.48203e-08    1.43875e-21    8.77426e-07    
2.64055e-06    42068.9        40.3805        3.44374e+14    3.49667e-07    0.00233019     4.55169e-06    1.41343e-12    5.48203e-08    1.41343e-21    8.77426e-07    
2.64155e-06    42072.4        40.3865        3.4644e+14     3.49762e-07    0.00233019     4.55169e-06    1.38856e-12    5.48203e-08    1.38856e-21    8.77426e-07    
2.64255e-06    42075.9        40.3925        3.48517e+14    3.49762e-07    0.00233019     4.55169e-06    1.36412e-12    5.48203e-08    1.36412e-21    8.77426e-07    
2.64355e-06    42079.4        40.3984        3.50604e+14    3.49858e-07    0.00233019     4.55779e-06    1.34012e-12    5.48203e-08    1.34012e-21    8.77426e-07    
2.64455e-06    42082.8        40.4044        3.52701e+14    3.50239e-07    0.00233019     4.56389e-06    1.31654e-12    5.48203e-08    1.31654e-21    8.77426e-07    
2.64555e-06    42086.3        40.4104        3.54809e+14    3.50621e-07    0.00233019     4.56389e-06    1.29337e-12    5.48203e-08    1.29337e-21    8.77426e-07    
2.64655e-06    42089.8        40.4163        3.56927e+14    3.50716e-07    0.00233019     4.56389e-06    1.2706e-12     5.48203e-08    1.2706e-21     8.77426e-07    
2.64755e-06    42093.2        40.4223        3.59055e+14    3.50716e-07    0.00233019     4.57e-06       1.24824e-12    5.48203e-08    1.24824e-21    8.77426e-07    
2.64855e-06    42096.7        40.4282        3.61194e+14    3.50907e-07    0.00233019     4.57e-06       1.22627e-12    5.48203e-08    1.22627e-21    8.77426e-07    
2.64955e-06    42100.1        40.4341        3.63343e+14    3.51026e-07    0.00233019     4.57e-06       1.20468e-12    5.48203e-08    1.20468e-21    8.77426e-07    
2.65055e-06    42103.5        40.4401        3.65503e+14    3.51121e-07    0.00233019     4.57e-06       1.18348e-12    5.48203e-08    1.18348e-21    8.77426e-07    
2.65155e-06    42107          40.446         3.67674e+14    3.51121e-07    0.00233019     4.57e-06       1.16264e-12    5.48203e-08    1.16264e-21    8.77426e-07    
2.65255e-06    42110.4        40.4519        3.69855e+14    3.51121e-07    0.00233019     4.57e-06       1.14217e-12    5.48203e-08    1.14217e-21    8.77426e-07    
2.65355e-06    42113.9        40.4578        3.72047e+14    3.51312e-07    0.00233019     4.57e-06       1.12206e-12    5.48203e-08    1.12206e-21    8.77426e-07    
2.65455e-06    42117.3        40.4637        3.74249e+14    3.51499e-07    0.00234972     4.57e-06       1.1023e-12     5.48203e-08    1.1023e-21     8.77426e-07    
2.65555e-06    42120.7        40.4696        3.76462e+14    3.52071e-07    0.00234972     4.57e-06       1.08289e-12    5.48203e-08    1.08289e-21    8.77426e-07    
2.65655e-06    42124.1        40.4755        3.78686e+14    3.52071e-07    0.00234972     4.57e-06       1.06382e-12    5.48203e-08    1.06382e-21    8.77426e-07    
2.65755e-06    42127.6        40.4814        3.80921e+14    3.52071e-07    0.00234972     4.57e-06       1.04509e-12    5.48203e-08    1.04509e-21    8.77426e-07    
2.65855e-06    42131          40.4872        3.83167e+14    3.52071e-07    0.00234972     4.57e-06       1.02668e-12    5.48203e-08    1.02668e-21    8.77426e-07    
2.65955e-06    42134.4        40.4931        3.85423e+14    3.52214e-07    0.00234972     4.57e-06       1.00936e-12    5.48203e-08    1.00936e-21    8.77426e-07    
2.66055e-06    42137.8        40.499         3.87691e+14    3.52333e-07    0.00234972     4.57e-06       9.91578e-13    5.48203e-08    9.91578e-22    8.77426e-07    
2.66155e-06    42141.2        40.5048        3.89969e+14    3.52333e-07    0.00234972     4.57e-06       9.7411e-13     5.48203e-08    9.7411e-22     8.77426e-07    
2.66255e-06    42144.6        40.5107        3.92258e+14    3.52357e-07    0.00234972     4.57e-06       9.56947e-13    5.48203e-08    9.56947e-22    8.77426e-07    
2.66355e-06    42148          40.5165        3.94559e+14    3.52357e-07    0.00234972     4.57e-06       9.40086e-13    5.48203e-08    9.40086e-22    8.77426e-07    
2.66455e-06    42151.4        40.5224        3.96871e+14    3.52453e-07    0.00234972     4.57e-06       9.2352e-13     5.48203e-08    9.2352e-22     8.77426e-07    
2.66555e-06    42154.8        40.5282        3.99195e+14    3.52548e-07    0.00234972     4.5761e-06     9.07245e-13    5.48203e-08    9.07245e-22    8.77426e-07    
2.66655e-06    42158.2        40.5341        4.0153e+14     3.52643e-07    0.00234972     4.5761e-06     8.91254e-13    5.48203e-08    8.91254e-22    8.77426e-07    
2.66755e-06    42161.5        40.5399        4.03876e+14    3.52667e-07    0.00234972     4.5761e-06     8.75544e-13    5.48203e-08    8.75544e-22    8.77426e-07    
2.66855e-06    42164.9        40.5457        4.06233e+14    3.52762e-07    0.00234972     4.57952e-06    8.60109e-13    5.48203e-08    8.60109e-22    8.77426e-07    
2.66955e-06    42168.3        40.5515        4.08602e+14    3.53001e-07    0.00234972     4.57952e-06    8.44945e-13    5.48203e-08    8.44944e-22    8.77426e-07    
2.67055e-06    42171.7        40.5573        4.10981e+14    3.53096e-07    0.00234972     4.57952e-06    8.30045e-13    5.48203e-08    8.30045e-22    8.77426e-07    
2.67155e-06    42175          40.5631        4.13373e+14    3.53478e-07    0.00234972     4.58562e-06    8.15407e-13    5.48203e-08    8.15407e-22    8.77426e-07    
2.67255e-06    42178.4        40.5689        4.15775e+14    3.53859e-07    0.00234972     4.58562e-06    8.01141e-13    5.48203e-08    8.01141e-22    8.77426e-07    
2.67355e-06    42181.8        40.5747        4.18189e+14    3.54074e-07    0.00234972     4.59173e-06    7.87009e-13    5.48203e-08    7.87009e-22    8.77426e-07    
2.67455e-06    42185.1        40.5805        4.20615e+14    3.54169e-07    0.00234972     4.59173e-06    7.73705e-13    5.48203e-08    7.73705e-22    8.77426e-07    
2.67555e-06    42188.5        40.5863        4.23052e+14    3.5436e-07     0.00234972     4.59173e-06    7.60055e-13    5.48203e-08    7.60055e-22    8.77426e-07    
2.67655e-06    42191.8        40.592         4.255e+14      3.54455e-07    0.00234972     4.59783e-06    7.48268e-13    5.48203e-08    7.48268e-22    8.77426e-07    
2.67755e-06    42195.2        40.5978        4.2796e+14     3.54551e-07    0.00234972     4.59783e-06    7.35062e-13    5.48203e-08    7.35062e-22    8.77426e-07    
2.67855e-06    42198.5        40.6036        4.30432e+14    3.54551e-07    0.00234972     4.59783e-06    7.22088e-13    5.48203e-08    7.22088e-22    8.77426e-07    
2.67955e-06    42201.9        40.6093        4.32916e+14    3.54574e-07    0.00234972     4.59783e-06    7.09341e-13    5.48203e-08    7.09341e-22    8.77426e-07    
2.68055e-06    42205.2        40.6151        4.35411e+14    3.54574e-07    0.00234972     4.59783e-06    6.96817e-13    5.48203e-08    6.96817e-22    8.77426e-07    
2.68155e-06    42208.5        40.6208        4.37918e+14    3.55337e-07    0.00234972     4.59783e-06    6.84512e-13    5.48203e-08    6.84512e-22    8.77426e-07    
2.68255e-06    42211.9        40.6265        4.40437e+14    3.56005e-07    0.00234972     4.59791e-06    6.72424e-13    5.48203e-08    6.72424e-22    8.77426e-07    
2.68355e-06    42215.2        40.6323        4.42966e+14    3.56029e-07    0.00234972     4.59791e-06    6.60547e-13    5.48203e-08    6.60547e-22    8.77426e-07    
2.68455e-06    42218.5        40.638         4.45508e+14    3.56029e-07    0.00234972     4.60401e-06    6.48878e-13    5.48203e-08    6.48878e-22    8.77426e-07    
2.68555e-06    42221.8        40.6437        4.48061e+14    3.56124e-07    0.00234972     4.60401e-06    6.37414e-13    5.48203e-08    6.37414e-22    8.77426e-07    
2.68655e-06    42225.1        40.6494        4.50627e+14    3.56172e-07    0.00234972     4.60401e-06    6.26151e-13    5.48203e-08    6.26151e-22    8.77426e-07    
2.68755e-06    42228.4        40.6551        4.53204e+14    3.56172e-07    0.00234972     4.60401e-06    6.15085e-13    5.48203e-08    6.15085e-22    8.77426e-07    
2.68855e-06    42231.8        40.6608        4.55793e+14    3.56291e-07    0.00234972     4.60401e-06    6.06668e-13    5.48203e-08    6.06668e-22    8.77426e-07    
2.68955e-06    42235.1        40.6665        4.58395e+14    3.56386e-07    0.00234972     4.61011e-06    5.95944e-13    5.48203e-08    5.95944e-22    8.77426e-07    
2.69055e-06    42238.4        40.6722        4.61009e+14    3.56386e-07    0.00234972     4.62232e-06    5.85408e-13    5.48203e-08    5.85408e-22    8.77426e-07    
2.69155e-06    42241.7        40.6779        4.63636e+14    3.56673e-07    0.00234972     4.62842e-06    5.75057e-13    5.48203e-08    5.75056e-22    8.77426e-07    
2.69255e-06    42244.9        40.6836        4.66275e+14    3.56696e-07    0.00234972     4.62842e-06    5.64887e-13    5.48203e-08    5.64887e-22    8.77426e-07    
2.69355e-06    42248.2        40.6892        4.68927e+14    3.56887e-07    0.00234972     4.63453e-06    5.54896e-13    5.48203e-08    5.54896e-22    8.77426e-07    
2.69455e-06    42251.5        40.6949        4.7159e+14     3.57126e-07    0.00234972     4.63453e-06    5.4508e-13     5.48203e-08    5.4508e-22     8.77426e-07    
2.69555e-06    42254.8        40.7005        4.74266e+14    3.57126e-07    0.00234972     4.64063e-06    5.35437e-13    5.48203e-08    5.35437e-22    8.77426e-07    
2.69655e-06    42258.1        40.7062        4.76954e+14    3.57149e-07    0.00234972     4.64674e-06    5.25968e-13    5.48203e-08    5.25968e-22    8.77426e-07    
2.69755e-06    42261.4        40.7118        4.79655e+14    3.57245e-07    0.00234972     4.64674e-06    5.1666e-13     5.48203e-08    5.1666e-22     8.77426e-07    
2.69855e-06    42264.6        40.7175        4.82368e+14    3.57245e-07    0.00234972     4.64674e-06    5.07515e-13    5.48203e-08    5.07515e-22    8.77426e-07    
2.69955e-06    42267.9        40.7231        4.85093e+14    3.57364e-07    0.00234972     4.64674e-06    4.98531e-13    5.48203e-08    4.98531e-22    8.77426e-07    
2.70055e-06    42271.2        40.7287        4.87831e+14    3.57841e-07    0.00234972     4.64674e-06    4.89705e-13    5.48203e-08    4.89705e-22    8.77426e-07    
2.70155e-06    42274.4        40.7344        4.90582e+14    3.57841e-07    0.00234972     4.64674e-06    4.81034e-13    5.48203e-08    4.81034e-22    8.77426e-07    
2.70255e-06    42277.7        40.74          4.93345e+14    3.57841e-07    0.00234972     4.64674e-06    4.72515e-13    5.48203e-08    4.72515e-22    8.77426e-07    
2.70355e-06    42280.9        40.7456        4.96121e+14    3.57841e-07    0.00234972     4.64674e-06    4.6706e-13     5.48203e-08    4.6706e-22     8.77426e-07    
2.70455e-06    42284.2        40.7512        4.9891e+14     3.58413e-07    0.00234972     4.65284e-06    4.60411e-13    5.48203e-08    4.60411e-22    8.77426e-07    
2.70555e-06    42287.4        40.7568        5.01712e+14    3.58437e-07    0.00234972     4.65284e-06    4.52254e-13    5.48203e-08    4.52254e-22    8.77426e-07    
2.70655e-06    42290.7        40.7624        5.04526e+14    3.58628e-07    0.00234972     4.65284e-06    4.44241e-13    5.48203e-08    4.44241e-22    8.77426e-07    
2.70755e-06    42293.9        40.768         5.07354e+14    3.58628e-07    0.00234972     4.65284e-06    4.36368e-13    5.48203e-08    4.36368e-22    8.77426e-07    
2.70855e-06    42297.2        40.7736        5.10194e+14    3.58914e-07    0.00234972     4.65284e-06    4.28634e-13    5.48203e-08    4.28634e-22    8.77426e-07    
2.70955e-06    42300.4        40.7791        5.13047e+14    3.59009e-07    0.00234972     4.65284e-06    4.21037e-13    5.48203e-08    4.21037e-22    8.77426e-07    
2.71055e-06    42303.6        40.7847        5.15913e+14    3.59128e-07    0.00234972     4.65894e-06    4.13573e-13    5.48203e-08    4.13573e-22    8.77426e-07    
2.71155e-06    42306.9        40.7903        5.18792e+14    3.59343e-07    0.00234972     4.66505e-06    4.06241e-13    5.48203e-08    4.06241e-22    8.77426e-07    
2.71255e-06    42310.1        40.7958        5.21682e+14    3.59438e-07    0.00234972     4.66505e-06    3.99037e-13    5.48203e-08    3.99037e-22    8.77426e-07    
2.71355e-06    42313.3        40.8014        5.24586e+14    3.59462e-07    0.00234972     4.66505e-06    3.91961e-13    5.48203e-08    3.91961e-22    8.77426e-07    
2.71455e-06    42316.5        40.8069        5.27503e+14    3.59557e-07    0.00234972     4.66505e-06    3.85009e-13    5.48203e-08    3.85009e-22    8.77426e-07    
2.71555e-06    42319.7        40.8125        5.30433e+14    3.59653e-07    0.00234972     4.66505e-06    3.7818e-13     5.48203e-08    3.7818e-22     8.77426e-07    
2.71655e-06    42323          40.818         5.33376e+14    3.59748e-07    0.00234972     4.66505e-06    3.71472e-13    5.48203e-08    3.71472e-22    8.77426e-07    
2.71755e-06    42326.2        40.8235        5.36332e+14    3.59843e-07    0.00234972     4.66505e-06    3.64882e-13    5.48203e-08    3.64882e-22    8.77426e-07    
2.71855e-06    42329.4        40.8291        5.39302e+14    3.59939e-07    0.00234972     4.66505e-06    3.58427e-13    5.48203e-08    3.58427e-22    8.77426e-07    
2.71955e-06    42332.6        40.8346        5.42284e+14    3.59939e-07    0.00234972     4.66505e-06    3.52067e-13    5.48203e-08    3.52067e-22    8.77426e-07    
2.72055e-06    42335.8        40.8401        5.45281e+14    3.59939e-07    0.00234972     4.66505e-06    3.4582e-13     5.48203e-08    3.4582e-22     8.77426e-07    
2.72155e-06    42339          40.8456        5.48292e+14    3.6013e-07     0.00234972     4.66505e-06    3.39683e-13    5.48203e-08    3.39682e-22    8.77426e-07    
2.72255e-06    42342.1        40.8511        5.51316e+14    3.6013e-07     0.00234972     4.66505e-06    3.33654e-13    5.48203e-08    3.33654e-22    8.77426e-07    
2.72355e-06    42345.3        40.8566        5.54355e+14    3.60221e-07    0.00236925     4.66505e-06    3.27731e-13    5.48203e-08    3.27731e-22    8.77426e-07    
2.72455e-06    42348.5        40.8621        5.57407e+14    3.60698e-07    0.00236925     4.66505e-06    3.21914e-13    5.48203e-08    3.21914e-22    8.77426e-07    
2.72555e-06    42351.7        40.8676        5.60473e+14    3.60722e-07    0.00236925     4.67115e-06    3.16199e-13    5.48203e-08    3.16199e-22    8.77426e-07    
2.72655e-06    42354.9        40.873         5.63553e+14    3.61199e-07    0.00236925     4.67115e-06    3.10585e-13    5.48203e-08    3.10585e-22    8.77426e-07    
2.72755e-06    42358          40.8785        5.66646e+14    3.61246e-07    0.00236925     4.67115e-06    3.0507e-13     5.48203e-08    3.0507e-22     8.77426e-07    
2.72855e-06    42361.2        40.884         5.69753e+14    3.61463e-07    0.00238878     4.67115e-06    2.9966e-13     5.48203e-08    2.9966e-22     8.77426e-07    
2.72955e-06    42364.4        40.8894        5.72874e+14    3.61582e-07    0.00238878     4.67154e-06    2.94338e-13    5.48203e-08    2.94338e-22    8.77426e-07    
2.73055e-06    42367.5        40.8949        5.76008e+14    3.61582e-07    0.00238878     4.67764e-06    2.89111e-13    5.48203e-08    2.89111e-22    8.77426e-07    
2.73155e-06    42370.7        40.9003        5.79157e+14    3.61678e-07    0.00238878     4.67764e-06    2.83976e-13    5.48203e-08    2.83976e-22    8.77426e-07    
2.73255e-06    42373.8        40.9058        5.82319e+14    3.61678e-07    0.00238878     4.68375e-06    2.78932e-13    5.48203e-08    2.78932e-22    8.77426e-07    
2.73355e-06    42377          40.9112        5.85495e+14    3.61678e-07    0.00238878     4.68985e-06    2.73977e-13    5.48203e-08    2.73977e-22    8.77426e-07    
2.73455e-06    42380.2        40.9167        5.88685e+14    3.61678e-07    0.00238878     4.68985e-06    2.69186e-13    5.48203e-08    2.69185e-22    8.77426e-07    
2.73555e-06    42383.3        40.9221        5.91889e+14    3.61678e-07    0.00238878     4.69595e-06    2.64403e-13    5.48203e-08    2.64403e-22    8.77426e-07    
2.73655e-06    42386.4        40.9275        5.95107e+14    3.61773e-07    0.00238878     4.70206e-06    2.59705e-13    5.48203e-08    2.59705e-22    8.77426e-07    
2.73755e-06    42389.6        40.9329        5.98339e+14    3.61964e-07    0.00238878     4.70206e-06    2.55091e-13    5.48203e-08    2.55091e-22    8.77426e-07    
2.73855e-06    42392.7        40.9383        6.01585e+14    3.61964e-07    0.00238878     4.70206e-06    2.50558e-13    5.48203e-08    2.50558e-22    8.77426e-07    
2.73955e-06    42395.8        40.9438        6.04846e+14    3.61964e-07    0.00238878     4.70206e-06    2.46105e-13    5.48203e-08    2.46105e-22    8.77426e-07    
2.74055e-06    42399          40.9492        6.08121e+14    3.62441e-07    0.00238878     4.70206e-06    2.41731e-13    5.48203e-08    2.41731e-22    8.77426e-07    
2.74155e-06    42402.1        40.9545        6.11411e+14    3.62465e-07    0.00238878     4.70816e-06    2.37435e-13    5.48203e-08    2.37435e-22    8.77426e-07    
2.74255e-06    42405.2        40.9599        6.14714e+14    3.6256e-07     0.00238878     4.70816e-06    2.34195e-13    5.48203e-08    2.34195e-22    8.77426e-07    
2.74355e-06    42408.3        40.9653        6.18032e+14    3.62608e-07    0.00238878     4.70816e-06    2.30032e-13    5.48203e-08    2.30032e-22    8.77426e-07    
2.74455e-06    42411.5        40.9707        6.21364e+14    3.62608e-07    0.00238878     4.70816e-06    2.25942e-13    5.48203e-08    2.25942e-22    8.77426e-07    
2.74555e-06    42414.6        40.9761        6.24711e+14    3.62608e-07    0.00238878     4.70816e-06    2.21925e-13    5.48203e-08    2.21925e-22    8.77426e-07    
2.74655e-06    42417.7        40.9814        6.28072e+14    3.62703e-07    0.00238878     4.70816e-06    2.17979e-13    5.48203e-08    2.17979e-22    8.77426e-07    
2.74755e-06    42420.8        40.9868        6.31448e+14    3.62894e-07    0.00238878     4.70816e-06    2.14103e-13    5.48203e-08    2.14103e-22    8.77426e-07    
2.74855e-06    42423.9        40.9921        6.34838e+14    3.62989e-07    0.00238878     4.70816e-06    2.10296e-13    5.48203e-08    2.10296e-22    8.77426e-07    
2.74955e-06    42427          40.9975        6.38243e+14    3.63275e-07    0.00238878     4.70816e-06    2.06555e-13    5.48203e-08    2.06555e-22    8.77426e-07    
2.75055e-06    42430.1        41.0028        6.41665e+14    3.63275e-07    0.00238878     4.70816e-06    2.02881e-13    5.48203e-08    2.02881e-22    8.77426e-07    
2.75155e-06    42433.2        41.0082        6.45101e+14    3.6349e-07     0.00238878     4.70816e-06    1.99282e-13    5.48203e-08    1.99282e-22    8.77426e-07    
2.75255e-06    42436.2        41.0135        6.48551e+14    3.6349e-07     0.00238878     4.70816e-06    1.95737e-13    5.48203e-08    1.95737e-22    8.77426e-07    
2.75355e-06    42439.3        41.0188        6.52017e+14    3.6349e-07     0.00238878     4.70816e-06    1.92255e-13    5.48203e-08    1.92255e-22    8.77426e-07    
2.75455e-06    42442.4        41.0242        6.55497e+14    3.6349e-07     0.00238878     4.70816e-06    1.89079e-13    5.48203e-08    1.89079e-22    8.77426e-07    
2.75555e-06    42445.5        41.0295        6.58991e+14    3.63776e-07    0.00238878     4.70816e-06    1.85714e-13    5.48203e-08    1.85714e-22    8.77426e-07    
2.75655e-06    42448.6        41.0348        6.62501e+14    3.63776e-07    0.00238878     4.70816e-06    1.82409e-13    5.48203e-08    1.82409e-22    8.77426e-07    
2.75755e-06    42451.6        41.0401        6.66026e+14    3.63776e-07    0.00238878     4.70816e-06    1.79162e-13    5.48203e-08    1.79162e-22    8.77426e-07    
2.75855e-06    42454.7        41.0454        6.69565e+14    3.63919e-07    0.00238878     4.70816e-06    1.75973e-13    5.48203e-08    1.75973e-22    8.77426e-07    
2.75955e-06    42457.8        41.0507        6.73119e+14    3.63943e-07    0.00238878     4.71426e-06    1.7284e-13     5.48203e-08    1.7284e-22     8.77426e-07    
2.76055e-06    42460.8        41.056         6.76689e+14    3.64443e-07    0.00238878     4.72037e-06    1.69762e-13    5.48203e-08    1.69762e-22    8.77426e-07    
2.76155e-06    42463.9        41.0613        6.80273e+14    3.64443e-07    0.00238878     4.72037e-06    1.66739e-13    5.48203e-08    1.66739e-22    8.77426e-07    
2.76255e-06    42466.9        41.0665        6.83873e+14    3.64467e-07    0.00238878     4.72037e-06    1.6377e-13     5.48203e-08    1.6377e-22     8.77426e-07    
2.76355e-06    42470          41.0718        6.87487e+14    3.64467e-07    0.00238878     4.72037e-06    1.60853e-13    5.48203e-08    1.60853e-22    8.77426e-07    
2.76455e-06    42473          41.0771        6.91117e+14    3.64563e-07    0.00238878     4.72037e-06    1.57988e-13    5.48203e-08    1.57988e-22    8.77426e-07    
2.76555e-06    42476.1        41.0823        6.94763e+14    3.64753e-07    0.00238878     4.72037e-06    1.55173e-13    5.48203e-08    1.55173e-22    8.77426e-07    
2.76655e-06    42479.1        41.0876        6.98423e+14    3.64753e-07    0.00238878     4.72037e-06    1.52409e-13    5.48203e-08    1.52409e-22    8.77426e-07    
2.76755e-06    42482.2        41.0929        7.02099e+14    3.64944e-07    0.00238878     4.72037e-06    1.49693e-13    5.48203e-08    1.49693e-22    8.77426e-07    
2.76855e-06    42485.2        41.0981        7.05791e+14    3.65135e-07    0.00238878     4.72037e-06    1.47026e-13    5.48203e-08    1.47026e-22    8.77426e-07    
2.76955e-06    42488.2        41.1033        7.09498e+14    3.65135e-07    0.00238878     4.72037e-06    1.44405e-13    5.48203e-08    1.44405e-22    8.77426e-07    
2.77055e-06    42491.3        41.1086        7.13221e+14    3.65159e-07    0.00238878     4.72647e-06    1.41832e-13    5.48203e-08    1.41832e-22    8.77426e-07    
2.77155e-06    42494.3        41.1138        7.1696e+14     3.6554e-07     0.00238878     4.72647e-06    1.39304e-13    5.48203e-08    1.39304e-22    8.77426e-07    
2.77255e-06    42497.3        41.119         7.20715e+14    3.6554e-07     0.00238878     4.73257e-06    1.3682e-13     5.48203e-08    1.3682e-22     8.77426e-07    
2.77355e-06    42500.3        41.1242        7.24485e+14    3.6554e-07     0.00238878     4.73257e-06    1.34381e-13    5.48203e-08    1.34381e-22    8.77426e-07    
2.77455e-06    42503.3        41.1294        7.28271e+14    3.65659e-07    0.00238878     4.73868e-06    1.31985e-13    5.48203e-08    1.31985e-22    8.77426e-07    
2.77555e-06    42506.4        41.1347        7.32072e+14    3.65659e-07    0.00238878     4.73868e-06    1.29632e-13    5.48203e-08    1.29632e-22    8.77426e-07    
2.77655e-06    42509.4        41.1399        7.3589e+14     3.65779e-07    0.00238878     4.73868e-06    1.2732e-13     5.48203e-08    1.2732e-22     8.77426e-07    
2.77755e-06    42512.4        41.1902        7.73915e+14    3.65874e-07    0.00238878     4.73868e-06    1.25049e-13    5.48203e-08    1.25049e-22    8.77426e-07    
2.77855e-06    42515.4        41.1955        7.78003e+14    3.65874e-07    0.00238878     4.73868e-06    1.22819e-13    5.48203e-08    1.22819e-22    8.77426e-07    
2.77955e-06    42518.4        41.2008        7.82108e+14    3.65874e-07    0.00238878     4.73868e-06    1.20628e-13    5.48203e-08    1.20628e-22    8.77426e-07    
2.78055e-06    42521.4        41.206         7.8623e+14     3.65898e-07    0.00238878     4.73868e-06    1.18476e-13    5.48203e-08    1.18476e-22    8.77426e-07    
2.78155e-06    42524.4        41.2113        7.90369e+14    3.65898e-07    0.00238878     4.73868e-06    1.16362e-13    5.48203e-08    1.16362e-22    8.77426e-07    
2.78255e-06    42527.4        41.2165        7.94526e+14    3.66279e-07    0.00238878     4.73868e-06    1.14286e-13    5.48203e-08    1.14286e-22    8.77426e-07    
2.78355e-06    42530.3        41.2218        7.987e+14      3.6647e-07     0.00238878     4.73868e-06    1.12246e-13    5.48203e-08    1.12246e-22    8.77426e-07    
2.78455e-06    42533.3        41.227         8.02892e+14    3.6647e-07     0.00238878     4.74478e-06    1.10243e-13    5.48203e-08    1.10243e-22    8.77426e-07    
2.78555e-06    42536.3        41.2322        8.07101e+14    3.66851e-07    0.00238878     4.74478e-06    1.08275e-13    5.48203e-08    1.08275e-22    8.77426e-07    
2.78655e-06    42539.3        41.2374        8.11328e+14    3.66851e-07    0.00238878     4.75089e-06    1.06342e-13    5.48203e-08    1.06342e-22    8.77426e-07    
2.78755e-06    42542.2        41.2427        8.15572e+14    3.66851e-07    0.00238878     4.75089e-06    1.04444e-13    5.48203e-08    1.04444e-22    8.77426e-07    
2.78855e-06    42545.2        41.2479        8.19833e+14    3.66971e-07    0.00238878     4.75699e-06    1.02579e-13    5.48203e-08    1.02579e-22    8.77426e-07    
2.78955e-06    42548.2        41.2531        8.24112e+14    3.67543e-07    0.00238878     4.75699e-06    1.00747e-13    5.48203e-08    1.00747e-22    8.77426e-07    
2.79055e-06    42551.1        41.2583        8.28409e+14    3.67924e-07    0.00238878     4.75699e-06    9.89481e-14    5.48203e-08    9.89481e-23    8.77426e-07    
2.79155e-06    42554.1        41.2635        8.32724e+14    3.68044e-07    0.00238878     4.76309e-06    9.7181e-14     5.48203e-08    9.7181e-23     8.77426e-07    
2.79255e-06    42557.1        41.2687        8.37058e+14    3.68044e-07    0.00238878     4.76309e-06    9.54452e-14    5.48203e-08    9.54452e-23    8.77426e-07    
2.79355e-06    42560          41.2739        8.41409e+14    3.6833e-07     0.00238878     4.76309e-06    9.37402e-14    5.48203e-08    9.37402e-23    8.77426e-07    
2.79455e-06    42563          41.279         8.45778e+14    3.6833e-07     0.00238878     4.76309e-06    9.23147e-14    5.48203e-08    9.23147e-23    8.77426e-07    
2.79555e-06    42565.9        41.2842        8.50165e+14    3.6833e-07     0.00238878     4.76309e-06    9.06655e-14    5.48203e-08    9.06654e-23    8.77426e-07    
2.79655e-06    42568.9        41.2894        8.5457e+14     3.68425e-07    0.00238878     4.76309e-06    8.90455e-14    5.48203e-08    8.90455e-23    8.77426e-07    
2.79755e-06    42571.8        41.2945        8.58992e+14    3.68449e-07    0.00238878     4.7692e-06     8.74543e-14    5.48203e-08    8.74543e-23    8.77426e-07    
2.79855e-06    42574.7        41.2997        8.63433e+14    3.69041e-07    0.00240831     4.7692e-06     8.59364e-14    5.48203e-08    8.59364e-23    8.77426e-07    
2.79955e-06    42577.7        41.3048        8.67892e+14    3.69136e-07    0.00240831     4.7692e-06     8.44005e-14    5.48203e-08    8.44005e-23    8.77426e-07    
2.80055e-06    42580.6        41.31          8.72369e+14    3.69136e-07    0.00240831     4.7692e-06     8.28919e-14    5.48203e-08    8.28919e-23    8.77426e-07    
2.80155e-06    42583.5        41.3151        8.76865e+14    3.69518e-07    0.00240831     4.7692e-06     8.14102e-14    5.48203e-08    8.14101e-23    8.77426e-07    
2.80255e-06    42586.5        41.3203        8.81378e+14    3.69613e-07    0.00240831     4.7692e-06     7.99547e-14    5.48203e-08    7.99547e-23    8.77426e-07    
2.80355e-06    42589.4        41.3254        8.8591e+14     3.69613e-07    0.00240831     4.7692e-06     7.85252e-14    5.48203e-08    7.85252e-23    8.77426e-07    
2.80455e-06    42592.3        41.3305        8.9046e+14     3.69613e-07    0.00240831     4.7753e-06     7.71211e-14    5.48203e-08    7.71211e-23    8.77426e-07    
2.80555e-06    42595.2        41.3356        8.95027e+14    3.69613e-07    0.00240831     4.7753e-06     7.5742e-14     5.48203e-08    7.57419e-23    8.77426e-07    
2.80655e-06    42598.1        41.3407        8.99612e+14    3.69709e-07    0.00240831     4.7753e-06     7.43873e-14    5.48203e-08    7.43873e-23    8.77426e-07    
2.80755e-06    42601          41.3458        9.04217e+14    3.69756e-07    0.00240831     4.7753e-06     7.3057e-14     5.48203e-08    7.3057e-23     8.77426e-07    
2.80855e-06    42603.9        41.3509        9.08841e+14    3.69852e-07    0.00240831     4.7753e-06     7.17502e-14    5.48203e-08    7.17502e-23    8.77426e-07    
2.80955e-06    42606.8        41.356         9.1348e+14     3.70424e-07    0.00240831     4.7753e-06     7.04666e-14    5.48203e-08    7.04666e-23    8.77426e-07    
2.81055e-06    42609.7        41.3611        9.18138e+14    3.70424e-07    0.00240831     4.7753e-06     6.92059e-14    5.48203e-08    6.92059e-23    8.77426e-07    
2.81155e-06    42612.6        41.3662        9.22815e+14    3.70448e-07    0.00240831     4.7753e-06     6.79677e-14    5.48203e-08    6.79677e-23    8.77426e-07    
2.81255e-06    42615.5        41.3713        9.27515e+14    3.70639e-07    0.00240831     4.7753e-06     6.67584e-14    5.48203e-08    6.67584e-23    8.77426e-07    
2.81355e-06    42618.4        41.3764        9.32233e+14    3.70758e-07    0.00240831     4.7753e-06     6.55636e-14    5.48203e-08    6.55636e-23    8.77426e-07    
2.81455e-06    42621.3        41.3814        9.36971e+14    3.70853e-07    0.00240831     4.7753e-06     6.43902e-14    5.48203e-08    6.43902e-23    8.77426e-07    
2.81555e-06    42624.2        41.3865        9.41727e+14    3.70853e-07    0.00240831     4.77538e-06    6.32377e-14    5.48203e-08    6.32377e-23    8.77426e-07    
2.81655e-06    42627.1        41.3916        9.46503e+14    3.70853e-07    0.00240831     4.77538e-06    6.21056e-14    5.48203e-08    6.21056e-23    8.77426e-07    
2.81755e-06    42629.9        41.3966        9.51298e+14    3.70853e-07    0.00240831     4.78148e-06    6.09938e-14    5.48203e-08    6.09938e-23    8.77426e-07    
2.81855e-06    42632.8        41.4017        9.56111e+14    3.70877e-07    0.00240831     4.78148e-06    5.99017e-14    5.48203e-08    5.99017e-23    8.77426e-07    
2.81955e-06    42635.7        41.4067        9.60943e+14    3.71354e-07    0.00240831     4.78148e-06    5.88363e-14    5.48203e-08    5.88363e-23    8.77426e-07    
2.82055e-06    42638.5        41.4117        9.65794e+14    3.71354e-07    0.00240831     4.78148e-06    5.77827e-14    5.48203e-08    5.77827e-23    8.77426e-07    
2.82155e-06    42641.4        41.4168        9.70662e+14    3.71354e-07    0.00240831     4.78148e-06    5.67479e-14    5.48203e-08    5.67479e-23    8.77426e-07    
2.82255e-06    42644.3        41.4218        9.75551e+14    3.71378e-07    0.00240831     4.78758e-06    5.57315e-14    5.48203e-08    5.57315e-23    8.77426e-07    
2.82355e-06    42647.1        41.4268        9.80458e+14    3.71378e-07    0.00240831     4.78758e-06    5.47332e-14    5.48203e-08    5.47332e-23    8.77426e-07    
2.82455e-06    42650          41.4318        9.85385e+14    3.71401e-07    0.00240831     4.79369e-06    5.37527e-14    5.48203e-08    5.37527e-23    8.77426e-07    
2.82555e-06    42652.8        41.4368        9.90331e+14    3.71401e-07    0.00240831     4.79369e-06    5.29942e-14    5.48203e-08    5.29942e-23    8.77426e-07    
2.82655e-06    42655.7        41.4418        9.95297e+14    3.71401e-07    0.00240831     4.79369e-06    5.20447e-14    5.48203e-08    5.20447e-23    8.77426e-07    
2.82755e-06    42658.5        41.4468        1.00028e+15    3.71401e-07    0.00240831     4.79979e-06    5.11121e-14    5.48203e-08    5.11121e-23    8.77426e-07    
2.82855e-06    42661.4        41.4518        1.00529e+15    3.71401e-07    0.00240831     4.8059e-06     5.01962e-14    5.48203e-08    5.01962e-23    8.77426e-07    
2.82955e-06    42664.2        41.4568        1.01031e+15    3.71497e-07    0.00240831     4.8059e-06     4.92966e-14    5.48203e-08    4.92966e-23    8.77426e-07    
2.83055e-06    42667          41.4618        1.01536e+15    3.71497e-07    0.00240831     4.8059e-06     4.86064e-14    5.48203e-08    4.86064e-23    8.77426e-07    
2.83155e-06    42669.9        41.4667        1.02042e+15    3.71592e-07    0.00240831     4.8059e-06     4.77352e-14    5.48203e-08    4.77352e-23    8.77426e-07    
2.83255e-06    42672.7        41.4717        1.02551e+15    3.71592e-07    0.00240831     4.8059e-06     4.68795e-14    5.48203e-08    4.68795e-23    8.77426e-07    
2.83355e-06    42675.5        41.4767        1.03061e+15    3.71688e-07    0.00240831     4.8059e-06     4.6039e-14     5.48203e-08    4.6039e-23     8.77426e-07    
2.83455e-06    42678.4        41.4817        1.03574e+15    3.71711e-07    0.00240831     4.8059e-06     4.52136e-14    5.48203e-08    4.52136e-23    8.77426e-07    
2.83555e-06    42681.2        41.4866        1.04089e+15    3.72045e-07    0.00240831     4.812e-06      4.44029e-14    5.48203e-08    4.44029e-23    8.77426e-07    
2.83655e-06    42684          41.4916        1.04606e+15    3.72141e-07    0.00240831     4.812e-06      4.36067e-14    5.48203e-08    4.36067e-23    8.77426e-07    
2.83755e-06    42686.8        41.4965        1.05125e+15    3.72141e-07    0.00240831     4.812e-06      4.28246e-14    5.48203e-08    4.28246e-23    8.77426e-07    
2.83855e-06    42689.6        41.5015        1.05646e+15    3.7226e-07     0.00240831     4.812e-06      4.20569e-14    5.48203e-08    4.20569e-23    8.77426e-07    
2.83955e-06    42692.4        41.5064        1.06169e+15    3.7226e-07     0.00240831     4.812e-06      4.13025e-14    5.48203e-08    4.13025e-23    8.77426e-07    
2.84055e-06    42695.2        41.5113        1.06693e+15    3.7226e-07     0.00240831     4.812e-06      4.05616e-14    5.48203e-08    4.05616e-23    8.77426e-07    
2.84155e-06    42698          41.5162        1.0722e+15     3.72284e-07    0.00240831     4.812e-06      3.98339e-14    5.48203e-08    3.98339e-23    8.77426e-07    
2.84255e-06    42700.8        41.5212        1.07749e+15    3.72379e-07    0.00240831     4.812e-06      3.91193e-14    5.48203e-08    3.91193e-23    8.77426e-07    
2.84355e-06    42703.6        41.5261        1.0828e+15     3.72474e-07    0.00240831     4.812e-06      3.84174e-14    5.48203e-08    3.84174e-23    8.77426e-07    
2.84455e-06    42706.4        41.531         1.08813e+15    3.7257e-07     0.00240831     4.812e-06      3.7728e-14     5.48203e-08    3.7728e-23     8.77426e-07    
2.84555e-06    42709.2        41.5359        1.09348e+15    3.73047e-07    0.00240831     4.812e-06      3.70509e-14    5.48203e-08    3.70509e-23    8.77426e-07    
2.84655e-06    42712          41.5408        1.09885e+15    3.73047e-07    0.00240831     4.812e-06      3.6427e-14     5.48203e-08    3.6427e-23     8.77426e-07    
2.84755e-06    42714.8        41.5457        1.10425e+15    3.73452e-07    0.00240831     4.812e-06      3.58861e-14    5.48203e-08    3.58861e-23    8.77426e-07    
2.84855e-06    42717.6        41.5506        1.10966e+15    3.73547e-07    0.00240831     4.812e-06      3.53139e-14    5.48203e-08    3.53139e-23    8.77426e-07    
2.84955e-06    42720.3        41.5555        1.11509e+15    3.73547e-07    0.00240831     4.812e-06      3.46799e-14    5.48203e-08    3.46799e-23    8.77426e-07    
2.85055e-06    42723.1        41.5603        1.12055e+15    3.74024e-07    0.00240831     4.812e-06      3.40572e-14    5.48203e-08    3.40572e-23    8.77426e-07    
2.85155e-06    42725.9        41.5652        1.12602e+15    3.74215e-07    0.00240831     4.812e-06      3.34456e-14    5.48203e-08    3.34456e-23    8.77426e-07    
2.85255e-06    42728.6        41.5701        1.13152e+15    3.74408e-07    0.00242785     4.812e-06      3.2845e-14     5.48203e-08    3.2845e-23     8.77426e-07    
2.85355e-06    42731.4        41.575         1.13703e+15    3.74599e-07    0.00242785     4.812e-06      3.22551e-14    5.48203e-08    3.22551e-23    8.77426e-07    
2.85455e-06    42734.2        41.5798        1.14257e+15    3.74599e-07    0.00242785     4.812e-06      3.16758e-14    5.48203e-08    3.16758e-23    8.77426e-07    
2.85555e-06    42736.9        41.5847        1.14813e+15    3.74599e-07    0.00242785     4.812e-06      3.11068e-14    5.48203e-08    3.11068e-23    8.77426e-07    
2.85655e-06    42739.7        41.5895        1.15371e+15    3.74694e-07    0.00242785     4.812e-06      3.0548e-14     5.48203e-08    3.0548e-23     8.77426e-07    
2.85755e-06    42742.4        41.5944        1.15931e+15    3.74694e-07    0.00242785     4.8181e-06     2.99991e-14    5.48203e-08    2.99991e-23    8.77426e-07    
2.85855e-06    42745.2        41.5992        1.16493e+15    3.74789e-07    0.00242785     4.8181e-06     2.94601e-14    5.48203e-08    2.94601e-23    8.77426e-07    
2.85955e-06    42747.9        41.604         1.17057e+15    3.74908e-07    0.00242785     4.82421e-06    2.89307e-14    5.48203e-08    2.89307e-23    8.77426e-07    
2.86055e-06    42750.7        41.6088        1.17623e+15    3.75004e-07    0.00242785     4.82421e-06    2.84108e-14    5.48203e-08    2.84108e-23    8.77426e-07    
2.86155e-06    42753.4        41.6137        1.18192e+15    3.75004e-07    0.00242785     4.82421e-06    2.79002e-14    5.48203e-08    2.79002e-23    8.77426e-07    
2.86255e-06    42756.1        41.6185        1.18762e+15    3.75004e-07    0.00242785     4.82421e-06    2.73987e-14    5.48203e-08    2.73987e-23    8.77426e-07    
2.86355e-06    42758.9        41.6233        1.19335e+15    3.75004e-07    0.00242785     4.82421e-06    2.69062e-14    5.48203e-08    2.69062e-23    8.77426e-07    
2.86455e-06    42761.6        41.6281        1.1991e+15     3.75099e-07    0.00242785     4.83031e-06    2.64225e-14    5.48203e-08    2.64225e-23    8.77426e-07    
2.86555e-06    42764.3        41.6329        1.20486e+15    3.75099e-07    0.00242785     4.83031e-06    2.59474e-14    5.48203e-08    2.59474e-23    8.77426e-07    
2.86655e-06    42767.1        41.6377        1.21065e+15    3.75099e-07    0.00242785     4.83031e-06    2.54809e-14    5.48203e-08    2.54809e-23    8.77426e-07    
2.86755e-06    42769.8        41.6425        1.21647e+15    3.75123e-07    0.00242785     4.83031e-06    2.50227e-14    5.48203e-08    2.50227e-23    8.77426e-07    
2.86855e-06    42772.5        41.6473        1.2223e+15     3.75123e-07    0.00242785     4.83031e-06    2.45727e-14    5.48203e-08    2.45727e-23    8.77426e-07    
2.86955e-06    42775.2        41.652         1.22815e+15    3.75123e-07    0.00242785     4.83641e-06    2.41308e-14    5.48203e-08    2.41308e-23    8.77426e-07    
2.87055e-06    42777.9        41.6568        1.23403e+15    3.75147e-07    0.00242785     4.83641e-06    2.36968e-14    5.48203e-08    2.36968e-23    8.77426e-07    
2.87155e-06    42780.6        41.6616        1.23993e+15    3.75147e-07    0.00242785     4.83641e-06    2.32705e-14    5.48203e-08    2.32705e-23    8.77426e-07    
2.87255e-06    42783.4        41.6663        1.24585e+15    3.75242e-07    0.00242785     4.84862e-06    2.28519e-14    5.48203e-08    2.28519e-23    8.77426e-07    
2.87355e-06    42786.1        41.6711        1.25179e+15    3.75338e-07    0.00242785     4.84862e-06    2.24408e-14    5.48203e-08    2.24408e-23    8.77426e-07    
2.87455e-06    42788.8        41.6759        1.25775e+15    3.75361e-07    0.00242785     4.84862e-06    2.2037e-14     5.48203e-08    2.2037e-23     8.77426e-07    
2.87555e-06    42791.5        41.6806        1.26374e+15    3.75409e-07    0.00242785     4.84862e-06    2.16406e-14    5.48203e-08    2.16406e-23    8.77426e-07    
2.87655e-06    42794.1        41.6853        1.26975e+15    3.75409e-07    0.00242785     4.84862e-06    2.12515e-14    5.48203e-08    2.12515e-23    8.77426e-07    
2.87755e-06    42796.8        41.6901        1.27577e+15    3.75409e-07    0.00242785     4.84862e-06    2.08691e-14    5.48203e-08    2.08691e-23    8.77426e-07    
2.87855e-06    42799.5        41.6948        1.28182e+15    3.75433e-07    0.00242785     4.84862e-06    2.04935e-14    5.48203e-08    2.04935e-23    8.77426e-07    
2.87955e-06    42802.2        41.6995        1.28789e+15    3.75528e-07    0.00242785     4.84862e-06    2.01246e-14    5.48203e-08    2.01246e-23    8.77426e-07    
2.88055e-06    42804.9        41.7043        1.29398e+15    3.7562e-07     0.00244738     4.84862e-06    1.97624e-14    5.48203e-08    1.97624e-23    8.77426e-07    
2.88155e-06    42807.6        41.709         1.3001e+15     3.75811e-07    0.00244738     4.84862e-06    1.94066e-14    5.48203e-08    1.94066e-23    8.77426e-07    
2.88255e-06    42810.3        41.7137        1.30623e+15    3.75811e-07    0.00244738     4.84862e-06    1.90572e-14    5.48203e-08    1.90572e-23    8.77426e-07    
2.88355e-06    42812.9        41.7184        1.31238e+15    3.7593e-07     0.00244738     4.84862e-06    1.87141e-14    5.48203e-08    1.87141e-23    8.77426e-07    
2.88455e-06    42815.6        41.7231        1.31856e+15    3.76407e-07    0.00244738     4.84862e-06    1.83808e-14    5.48203e-08    1.83808e-23    8.77426e-07    
2.88555e-06    42818.3        41.7278        1.32476e+15    3.76431e-07    0.00244738     4.85472e-06    1.80498e-14    5.48203e-08    1.80498e-23    8.77426e-07    
2.88655e-06    42820.9        41.7325        1.33099e+15    3.76621e-07    0.00244738     4.85472e-06    1.77247e-14    5.48203e-08    1.77247e-23    8.77426e-07    
2.88755e-06    42823.6        41.7371        1.33724e+15    3.76621e-07    0.00244738     4.86083e-06    1.74054e-14    5.48203e-08    1.74054e-23    8.77426e-07    
2.88855e-06    42826.2        41.7418        1.3435e+15     3.77098e-07    0.00244738     4.86083e-06    1.71623e-14    5.48203e-08    1.71623e-23    8.77426e-07    
2.88955e-06    42828.9        41.7465        1.3498e+15     3.77193e-07    0.00244738     4.86083e-06    1.68532e-14    5.48203e-08    1.68532e-23    8.77426e-07    
2.89055e-06    42831.6        41.7512        1.35611e+15    3.77193e-07    0.00244738     4.86083e-06    1.65495e-14    5.48203e-08    1.65495e-23    8.77426e-07    
2.89155e-06    42834.2        41.7558        1.36245e+15    3.77193e-07    0.00244738     4.86083e-06    1.62513e-14    5.48203e-08    1.62513e-23    8.77426e-07    
2.89255e-06    42836.9        41.7605        1.36881e+15    3.77384e-07    0.00244738     4.86083e-06    1.59585e-14    5.48203e-08    1.59585e-23    8.77426e-07    
2.89355e-06    42839.5        41.7651        1.37519e+15    3.77408e-07    0.00244738     4.86083e-06    1.56709e-14    5.48203e-08    1.56709e-23    8.77426e-07    
2.89455e-06    42842.1        41.7698        1.3816e+15     3.77432e-07    0.00244738     4.86083e-06    1.53884e-14    5.48203e-08    1.53884e-23    8.77426e-07    
2.89555e-06    42844.8        41.7744        1.38802e+15    3.77551e-07    0.00244738     4.86083e-06    1.51111e-14    5.48203e-08    1.51111e-23    8.77426e-07    
2.89655e-06    42847.4        41.779         1.39447e+15    3.78028e-07    0.00244738     4.86083e-06    1.48387e-14    5.48203e-08    1.48387e-23    8.77426e-07    
2.89755e-06    42850          41.7837        1.40095e+15    3.78409e-07    0.00244738     4.86083e-06    1.45711e-14    5.48203e-08    1.45711e-23    8.77426e-07    
2.89855e-06    42852.7        41.7883        1.40744e+15    3.78409e-07    0.00244738     4.86083e-06    1.43084e-14    5.48203e-08    1.43084e-23    8.77426e-07    
2.89955e-06    42855.3        41.7929        1.41396e+15    3.78505e-07    0.00244738     4.86083e-06    1.40504e-14    5.48203e-08    1.40504e-23    8.77426e-07    
2.90055e-06    42857.9        41.7975        1.4205e+15     3.78886e-07    0.00244738     4.86083e-06    1.37971e-14    5.48203e-08    1.3797e-23     8.77426e-07    
2.90155e-06    42860.5        41.8022        1.42707e+15    3.79268e-07    0.00244738     4.86083e-06    1.35482e-14    5.48203e-08    1.35482e-23    8.77426e-07    
2.90255e-06    42863.2        41.8068        1.43366e+15    3.79363e-07    0.00244738     4.86083e-06    1.33039e-14    5.48203e-08    1.33039e-23    8.77426e-07    
2.90355e-06    42865.8        41.8114        1.44027e+15    3.79435e-07    0.00244738     4.86083e-06    1.30639e-14    5.48203e-08    1.30639e-23    8.77426e-07    
2.90455e-06    42868.4        41.816         1.4469e+15     3.7953e-07     0.00244738     4.86083e-06    1.28282e-14    5.48203e-08    1.28282e-23    8.77426e-07    
2.90555e-06    42871          41.8205        1.45356e+15    3.79935e-07    0.00244738     4.86083e-06    1.25968e-14    5.48203e-08    1.25968e-23    8.77426e-07    
2.90655e-06    42873.6        41.8251        1.46024e+15    3.79935e-07    0.00244738     4.86693e-06    1.23699e-14    5.48203e-08    1.23699e-23    8.77426e-07    
2.90755e-06    42876.2        41.8297        1.46694e+15    3.80055e-07    0.00244738     4.86693e-06    1.21467e-14    5.48203e-08    1.21467e-23    8.77426e-07    
2.90855e-06    42878.8        41.8343        1.47367e+15    3.80055e-07    0.00244738     4.86693e-06    1.19275e-14    5.48203e-08    1.19275e-23    8.77426e-07    
2.90955e-06    42881.4        41.8389        1.48042e+15    3.80055e-07    0.00244738     4.86693e-06    1.17229e-14    5.48203e-08    1.17229e-23    8.77426e-07    
2.91055e-06    42884          41.8434        1.4872e+15     3.8015e-07     0.00244738     4.86693e-06    1.15113e-14    5.48203e-08    1.15113e-23    8.77426e-07    
2.91155e-06    42886.6        41.848         1.494e+15      3.80913e-07    0.00244738     4.86693e-06    1.13035e-14    5.48203e-08    1.13035e-23    8.77426e-07    
2.91255e-06    42889.2        41.8525        1.50082e+15    3.81294e-07    0.00244738     4.86693e-06    1.10994e-14    5.48203e-08    1.10994e-23    8.77426e-07    
2.91355e-06    42891.7        41.8571        1.50767e+15    3.81294e-07    0.00244738     4.86693e-06    1.0899e-14     5.48203e-08    1.0899e-23     8.77426e-07    
2.91455e-06    42894.3        41.8616        1.51454e+15    3.81294e-07    0.00244738     4.86693e-06    1.07022e-14    5.48203e-08    1.07022e-23    8.77426e-07    
2.91555e-06    42896.9        41.8662        1.52143e+15    3.81413e-07    0.00244738     4.86693e-06    1.05089e-14    5.48203e-08    1.05089e-23    8.77426e-07    
2.91655e-06    42899.5        41.8707        1.52835e+15    3.81413e-07    0.00244738     4.87303e-06    1.03191e-14    5.48203e-08    1.03191e-23    8.77426e-07    
2.91755e-06    42902.1        41.8752        1.53529e+15    3.81557e-07    0.00244738     4.87303e-06    1.01327e-14    5.48203e-08    1.01327e-23    8.77426e-07    
2.91855e-06    42904.6        41.8798        1.54225e+15    3.81938e-07    0.00244738     4.87303e-06    9.94959e-15    5.48203e-08    9.94959e-24    8.77426e-07    
2.91955e-06    42907.2        41.8843        1.54924e+15    3.82033e-07    0.00244738     4.87303e-06    9.76982e-15    5.48203e-08    9.76982e-24    8.77426e-07    
2.92055e-06    42909.8        41.8888        1.55625e+15    3.82033e-07    0.00244738     4.87303e-06    9.59327e-15    5.48203e-08    9.59327e-24    8.77426e-07    
2.92155e-06    42912.3        41.8933        1.56328e+15    3.82057e-07    0.00244738     4.87303e-06    9.4199e-15     5.48203e-08    9.4199e-24     8.77426e-07    
2.92255e-06    42914.9        41.8978        1.57034e+15    3.82057e-07    0.00244738     4.87303e-06    9.24964e-15    5.48203e-08    9.24964e-24    8.77426e-07    
2.92355e-06    42917.4        41.9023        1.57742e+15    3.82153e-07    0.00244738     4.87914e-06    9.08245e-15    5.48203e-08    9.08245e-24    8.77426e-07    
2.92455e-06    42920          41.9068        1.58453e+15    3.822e-07      0.00244738     4.87914e-06    8.91826e-15    5.48203e-08    8.91826e-24    8.77426e-07    
2.92555e-06    42922.5        41.9113        1.59166e+15    3.822e-07      0.00244738     4.87953e-06    8.75702e-15    5.48203e-08    8.75702e-24    8.77426e-07    
2.92655e-06    42925.1        41.9158        1.59881e+15    3.822e-07      0.00244738     4.87953e-06    8.59868e-15    5.48203e-08    8.59868e-24    8.77426e-07    
2.92755e-06    42927.6        41.9203        1.60599e+15    3.822e-07      0.00244738     4.87953e-06    8.4432e-15     5.48203e-08    8.4432e-24     8.77426e-07    
2.92855e-06    42930.2        41.9247        1.6132e+15     3.82677e-07    0.00244738     4.88563e-06    8.29051e-15    5.48203e-08    8.29051e-24    8.77426e-07    
2.92955e-06    42932.7        41.9292        1.62042e+15    3.82772e-07    0.00244738     4.88563e-06    8.14056e-15    5.48203e-08    8.14056e-24    8.77426e-07    
2.93055e-06    42935.2        41.9337        1.62768e+15    3.83154e-07    0.00244738     4.89174e-06    7.99332e-15    5.48203e-08    7.99332e-24    8.77426e-07    
2.93155e-06    42937.8        41.9381        1.63495e+15    3.83154e-07    0.00244738     4.89174e-06    7.84873e-15    5.48203e-08    7.84873e-24    8.77426e-07    
2.93255e-06    42940.3        41.9426        1.64225e+15    3.83249e-07    0.00244738     4.89174e-06    7.70674e-15    5.48203e-08    7.70674e-24    8.77426e-07    
2.93355e-06    42942.8        41.9471        1.64958e+15    3.83273e-07    0.00244738     4.89174e-06    7.59145e-15    5.48203e-08    7.59145e-24    8.77426e-07    
2.93455e-06    42945.4        41.9515        1.65693e+15    3.83655e-07    0.00244738     4.89174e-06    7.45411e-15    5.48203e-08    7.45411e-24    8.77426e-07    
2.93555e-06    42947.9        41.9559        1.6643e+15     3.8375e-07     0.00244738     4.89174e-06    7.31923e-15    5.48203e-08    7.31923e-24    8.77426e-07    
2.93655e-06    42950.4        41.9604        1.6717e+15     3.8375e-07     0.00244738     4.89174e-06    7.18851e-15    5.48203e-08    7.18851e-24    8.77426e-07    
2.93755e-06    42952.9        41.9648        1.67912e+15    3.83869e-07    0.00244738     4.89174e-06    7.05841e-15    5.48203e-08    7.05841e-24    8.77426e-07    
2.93855e-06    42955.4        41.9692        1.68656e+15    3.83869e-07    0.00244738     4.89174e-06    6.93066e-15    5.48203e-08    6.93066e-24    8.77426e-07    
2.93955e-06    42957.9        41.9736        1.69404e+15    3.83869e-07    0.00244738     4.89174e-06    6.80521e-15    5.48203e-08    6.80521e-24    8.77426e-07    
2.94055e-06    42960.4        41.9781        1.70153e+15    3.83869e-07    0.00244738     4.89174e-06    6.68202e-15    5.48203e-08    6.68202e-24    8.77426e-07    
2.94155e-06    42962.9        41.9825        1.70906e+15    3.8406e-07     0.00244738     4.89174e-06    6.56104e-15    5.48203e-08    6.56104e-24    8.77426e-07    
2.94255e-06    42965.4        41.9869        1.7166e+15     3.8406e-07     0.00244738     4.89784e-06    6.44225e-15    5.48203e-08    6.44225e-24    8.77426e-07    
2.94355e-06    42967.9        41.9913        1.72418e+15    3.84346e-07    0.00244738     4.89784e-06    6.32561e-15    5.48203e-08    6.32561e-24    8.77426e-07    
2.94455e-06    42970.4        41.9957        1.73177e+15    3.84346e-07    0.00244738     4.89784e-06    6.21106e-15    5.48203e-08    6.21106e-24    8.77426e-07    
2.94555e-06    42972.9        42.0001        1.73939e+15    3.84346e-07    0.00244738     4.89784e-06    6.09858e-15    5.48203e-08    6.09858e-24    8.77426e-07    
2.94655e-06    42975.4        42.0045        1.74704e+15    3.84346e-07    0.00244738     4.89784e-06    5.98813e-15    5.48203e-08    5.98813e-24    8.77426e-07    
2.94755e-06    42977.9        42.0088        1.75471e+15    3.85228e-07    0.00244738     4.89784e-06    5.87967e-15    5.48203e-08    5.87967e-24    8.77426e-07    
2.94855e-06    42980.4        42.0132        1.76241e+15    3.85228e-07    0.00244738     4.89784e-06    5.77316e-15    5.48203e-08    5.77316e-24    8.77426e-07    
2.94955e-06    42982.9        42.0176        1.77013e+15    3.85228e-07    0.00244738     4.89784e-06    5.66858e-15    5.48203e-08    5.66858e-24    8.77426e-07    
2.95055e-06    42985.3        42.022         1.77788e+15    3.85228e-07    0.00244738     4.89784e-06    5.56588e-15    5.48203e-08    5.56588e-24    8.77426e-07    
2.95155e-06    42987.8        42.0263        1.78565e+15    3.85228e-07    0.00244738     4.89784e-06    5.46504e-15    5.48203e-08    5.46503e-24    8.77426e-07    
2.95255e-06    42990.3        42.0307        1.79345e+15    3.85228e-07    0.00244738     4.89784e-06    5.36601e-15    5.48203e-08    5.36601e-24    8.77426e-07    
2.95355e-06    42992.8        42.035         1.80127e+15    3.85228e-07    0.00244738     4.89784e-06    5.26877e-15    5.48203e-08    5.26877e-24    8.77426e-07    
2.95455e-06    42995.2        42.0394        1.80912e+15    3.85228e-07    0.00244738     4.89784e-06    5.17329e-15    5.48203e-08    5.17329e-24    8.77426e-07    
2.95555e-06    42997.7        42.0437        1.81699e+15    3.8561e-07     0.00244738     4.89784e-06    5.07953e-15    5.48203e-08    5.07952e-24    8.77426e-07    
2.95655e-06    43000.2        42.0481        1.82489e+15    3.85705e-07    0.00244738     4.89784e-06    4.98746e-15    5.48203e-08    4.98746e-24    8.77426e-07    
2.95755e-06    43002.6        42.0524        1.83282e+15    3.85824e-07    0.00244738     4.89784e-06    4.89705e-15    5.48203e-08    4.89705e-24    8.77426e-07    
2.95855e-06    43005.1        42.0567        1.84077e+15    3.85943e-07    0.00244738     4.89784e-06    4.80827e-15    5.48203e-08    4.80827e-24    8.77426e-07    
2.95955e-06    43007.5        42.061         1.84875e+15    3.85943e-07    0.00244738     4.90394e-06    4.7211e-15     5.48203e-08    4.7211e-24     8.77426e-07    
2.96055e-06    43010          42.0654        1.85675e+15    3.85943e-07    0.00244738     4.90394e-06    4.6355e-15     5.48203e-08    4.6355e-24     8.77426e-07    
2.96155e-06    43012.4        42.0697        1.86477e+15    3.85967e-07    0.00244738     4.90394e-06    4.55145e-15    5.48203e-08    4.55145e-24    8.77426e-07    
2.96255e-06    43014.9        42.074         1.87282e+15    3.86063e-07    0.00244738     4.91005e-06    4.47055e-15    5.48203e-08    4.47055e-24    8.77426e-07    
2.96355e-06    43017.3        42.0783        1.88089e+15    3.86063e-07    0.00244738     4.91615e-06    4.38947e-15    5.48203e-08    4.38947e-24    8.77426e-07    
2.96455e-06    43019.7        42.0826        1.88899e+15    3.86635e-07    0.00244738     4.91615e-06    4.30986e-15    5.48203e-08    4.30986e-24    8.77426e-07    
2.96555e-06    43022.2        42.0869        1.89711e+15    3.86659e-07    0.00244738     4.92225e-06    4.23169e-15    5.48203e-08    4.23169e-24    8.77426e-07    
2.96655e-06    43024.6        42.0912        1.90526e+15    3.86778e-07    0.00244738     4.92225e-06    4.15492e-15    5.48203e-08    4.15492e-24    8.77426e-07    
2.96755e-06    43027          42.0954        1.91344e+15    3.86873e-07    0.00244738     4.92225e-06    4.07955e-15    5.48203e-08    4.07955e-24    8.77426e-07    
2.96855e-06    43029.5        42.0997        1.92164e+15    3.87255e-07    0.00244738     4.92225e-06    4.00553e-15    5.48203e-08    4.00553e-24    8.77426e-07    
2.96955e-06    43031.9        42.104         1.92987e+15    3.8735e-07     0.00244738     4.92225e-06    3.93286e-15    5.48203e-08    3.93286e-24    8.77426e-07    
2.97055e-06    43034.3        42.1083        1.93812e+15    3.8735e-07     0.00244738     4.92225e-06    3.8615e-15     5.48203e-08    3.8615e-24     8.77426e-07    
2.97155e-06    43036.7        42.1125        1.9464e+15     3.87442e-07    0.00246691     4.92225e-06    3.79143e-15    5.48203e-08    3.79143e-24    8.77426e-07    
2.97255e-06    43039.2        42.1168        1.95471e+15    3.87466e-07    0.00246691     4.92225e-06    3.72262e-15    5.48203e-08    3.72262e-24    8.77426e-07    
2.97355e-06    43041.6        42.121         1.96304e+15    3.87466e-07    0.00246691     4.92225e-06    3.65505e-15    5.48203e-08    3.65505e-24    8.77426e-07    
2.97455e-06    43044          42.1253        1.9714e+15     3.87466e-07    0.00246691     4.92225e-06    3.58871e-15    5.48203e-08    3.58871e-24    8.77426e-07    
2.97555e-06    43046.4        42.1295        1.97978e+15    3.87466e-07    0.00246691     4.92225e-06    3.52357e-15    5.48203e-08    3.52357e-24    8.77426e-07    
2.97655e-06    43048.8        42.1338        1.98819e+15    3.87561e-07    0.00246691     4.92225e-06    3.4596e-15     5.48203e-08    3.4596e-24     8.77426e-07    
2.97755e-06    43051.2        42.138         1.99663e+15    3.87966e-07    0.00246691     4.92836e-06    3.39679e-15    5.48203e-08    3.39679e-24    8.77426e-07    
2.97855e-06    43053.6        42.1422        2.00509e+15    3.87966e-07    0.00246691     4.92836e-06    3.33536e-15    5.48203e-08    3.33536e-24    8.77426e-07    
2.97955e-06    43056          42.1464        2.01358e+15    3.87966e-07    0.00246691     4.92836e-06    3.2748e-15     5.48203e-08    3.2748e-24     8.77426e-07    
2.98055e-06    43058.4        42.1507        2.02209e+15    3.8799e-07     0.00246691     4.92836e-06    3.21533e-15    5.48203e-08    3.21533e-24    8.77426e-07    
2.98155e-06    43060.8        42.1549        2.03063e+15    3.88109e-07    0.00246691     4.92836e-06    3.15693e-15    5.48203e-08    3.15693e-24    8.77426e-07    
2.98255e-06    43063.2        42.1591        2.0392e+15     3.88109e-07    0.00246691     4.92836e-06    3.0996e-15     5.48203e-08    3.0996e-24     8.77426e-07    
2.98355e-06    43065.6        42.1633        2.0478e+15     3.88205e-07    0.00246691     4.92836e-06    3.0433e-15     5.48203e-08    3.0433e-24     8.77426e-07    
2.98455e-06    43067.9        42.1675        2.05642e+15    3.88205e-07    0.00246691     4.92836e-06    2.99276e-15    5.48203e-08    2.99276e-24    8.77426e-07    
2.98555e-06    43070.3        42.1717        2.06506e+15    3.88395e-07    0.00246691     4.92836e-06    2.93839e-15    5.48203e-08    2.93839e-24    8.77426e-07    
2.98655e-06    43072.7        42.1759        2.07374e+15    3.88395e-07    0.00246691     4.92836e-06    2.88501e-15    5.48203e-08    2.88501e-24    8.77426e-07    
2.98755e-06    43075.1        42.1801        2.08244e+15    3.88777e-07    0.00246691     4.93446e-06    2.83259e-15    5.48203e-08    2.83259e-24    8.77426e-07    
2.98855e-06    43077.4        42.1843        2.09116e+15    3.89158e-07    0.00246691     4.93446e-06    2.78112e-15    5.48203e-08    2.78112e-24    8.77426e-07    
2.98955e-06    43079.8        42.1884        2.09992e+15    3.89254e-07    0.00246691     4.93446e-06    2.74038e-15    5.48203e-08    2.74038e-24    8.77426e-07    
2.99055e-06    43082.2        42.1926        2.1087e+15     3.89349e-07    0.00246691     4.93446e-06    2.69058e-15    5.48203e-08    2.69058e-24    8.77426e-07    
2.99155e-06    43084.5        42.1968        2.1175e+15     3.8973e-07     0.00246691     4.94056e-06    2.64168e-15    5.48203e-08    2.64168e-24    8.77426e-07    
2.99255e-06    43086.9        42.2009        2.12633e+15    3.89828e-07    0.00248644     4.94056e-06    2.60442e-15    5.48203e-08    2.60442e-24    8.77426e-07    
2.99355e-06    43089.3        42.2051        2.13519e+15    3.89924e-07    0.00248644     4.94056e-06    2.55708e-15    5.48203e-08    2.55708e-24    8.77426e-07    
2.99455e-06    43091.6        42.2092        2.14407e+15    3.89924e-07    0.00248644     4.94056e-06    2.5106e-15     5.48203e-08    2.5106e-24     8.77426e-07    
2.99555e-06    43094          42.2134        2.15298e+15    3.89947e-07    0.00248644     4.94667e-06    2.46496e-15    5.48203e-08    2.46496e-24    8.77426e-07    
2.99655e-06    43096.3        42.2175        2.16191e+15    3.89947e-07    0.00248644     4.95277e-06    2.42015e-15    5.48203e-08    2.42015e-24    8.77426e-07    
2.99755e-06    43098.7        42.2217        2.17087e+15    3.90043e-07    0.00248644     4.95277e-06    2.37615e-15    5.48203e-08    2.37615e-24    8.77426e-07    
2.99855e-06    43101          42.2258        2.17986e+15    3.90138e-07    0.00248644     4.95277e-06    2.33294e-15    5.48203e-08    2.33294e-24    8.77426e-07    
2.99955e-06    43103.4        42.2299        2.18887e+15    3.90233e-07    0.00248644     4.95277e-06    2.29052e-15    5.48203e-08    2.29052e-24    8.77426e-07    
3.00055e-06    43105.7        42.234         2.19792e+15    3.90329e-07    0.00248644     4.95277e-06    2.24887e-15    5.48203e-08    2.24887e-24    8.77426e-07    
3.00155e-06    43108          42.2382        2.20699e+15    3.90424e-07    0.00248644     4.96498e-06    2.20797e-15    5.48203e-08    2.20797e-24    8.77426e-07    
3.00255e-06    43110.4        42.2423        2.21608e+15    3.90472e-07    0.00248644     4.96498e-06    2.16782e-15    5.48203e-08    2.16782e-24    8.77426e-07    
3.00355e-06    43112.7        42.2464        2.2252e+15     3.90472e-07    0.00248644     4.97108e-06    2.12839e-15    5.48203e-08    2.12839e-24    8.77426e-07    
3.00455e-06    43115          42.2505        2.23435e+15    3.90472e-07    0.00248644     4.97108e-06    2.08968e-15    5.48203e-08    2.08968e-24    8.77426e-07    
3.00555e-06    43117.4        42.2546        2.24353e+15    3.90472e-07    0.00248644     4.97108e-06    2.05167e-15    5.48203e-08    2.05167e-24    8.77426e-07    
3.00655e-06    43119.7        42.2587        2.25274e+15    3.90472e-07    0.00248644     4.97108e-06    2.01435e-15    5.48203e-08    2.01435e-24    8.77426e-07    
3.00755e-06    43122          42.2628        2.26197e+15    3.9052e-07     0.00248644     4.98329e-06    1.97771e-15    5.48203e-08    1.97771e-24    8.77426e-07    
3.00855e-06    43124.3        42.2669        2.27123e+15    3.91092e-07    0.00248644     4.98329e-06    1.94173e-15    5.48203e-08    1.94173e-24    8.77426e-07    
3.00955e-06    43126.6        42.2709        2.28051e+15    3.91092e-07    0.00248644     4.98329e-06    1.90641e-15    5.48203e-08    1.90641e-24    8.77426e-07    
3.01055e-06    43129          42.275         2.28983e+15    3.91092e-07    0.00248644     4.98329e-06    1.87172e-15    5.48203e-08    1.87172e-24    8.77426e-07    
3.01155e-06    43131.3        42.2791        2.29917e+15    3.91092e-07    0.00248644     4.98329e-06    1.83766e-15    5.48203e-08    1.83766e-24    8.77426e-07    
3.01255e-06    43133.6        42.2831        2.30854e+15    3.91092e-07    0.00248644     4.98939e-06    1.80423e-15    5.48203e-08    1.80423e-24    8.77426e-07    
3.01355e-06    43135.9        42.2872        2.31793e+15    3.91116e-07    0.00248644     4.98939e-06    1.77139e-15    5.48203e-08    1.77139e-24    8.77426e-07    
3.01455e-06    43138.2        42.2913        2.32736e+15    3.91211e-07    0.00248644     4.98939e-06    1.73916e-15    5.48203e-08    1.73916e-24    8.77426e-07    
3.01555e-06    43140.5        42.2953        2.33681e+15    3.91688e-07    0.00248644     4.98939e-06    1.70751e-15    5.48203e-08    1.70751e-24    8.77426e-07    
3.01655e-06    43142.8        42.2994        2.34629e+15    3.91688e-07    0.00248644     4.98939e-06    1.67643e-15    5.48203e-08    1.67643e-24    8.77426e-07    
3.01755e-06    43145.1        42.3034        2.35579e+15    3.91688e-07    0.00248644     4.98939e-06    1.64592e-15    5.48203e-08    1.64592e-24    8.77426e-07    
3.01855e-06    43147.4        42.3074        2.36533e+15    3.91688e-07    0.00248644     4.99549e-06    1.62031e-15    5.48203e-08    1.62031e-24    8.77426e-07    
3.01955e-06    43149.6        42.3115        2.37489e+15    3.91688e-07    0.00248644     4.99549e-06    1.59082e-15    5.48203e-08    1.59082e-24    8.77426e-07    
3.02055e-06    43151.9        42.3155        2.38448e+15    3.91783e-07    0.00248644     4.99549e-06    1.56186e-15    5.48203e-08    1.56186e-24    8.77426e-07    
3.02155e-06    43154.2        42.3195        2.3941e+15     3.91783e-07    0.00248644     4.99549e-06    1.53342e-15    5.48203e-08    1.53342e-24    8.77426e-07    
3.02255e-06    43156.5        42.3236        2.40374e+15    3.91783e-07    0.00248644     4.99549e-06    1.50778e-15    5.48203e-08    1.50778e-24    8.77426e-07    
3.02355e-06    43158.8        42.3276        2.41341e+15    3.91783e-07    0.00248644     4.99549e-06    1.48033e-15    5.48203e-08    1.48033e-24    8.77426e-07    
3.02455e-06    43161          42.3316        2.42311e+15    3.91783e-07    0.00248644     4.99549e-06    1.45338e-15    5.48203e-08    1.45338e-24    8.77426e-07    
3.02555e-06    43163.3        42.3356        2.43284e+15    3.91783e-07    0.00248644     4.99549e-06    1.42691e-15    5.48203e-08    1.42691e-24    8.77426e-07    
3.02655e-06    43165.6        42.3396        2.44259e+15    3.91783e-07    0.00248644     4.99549e-06    1.40093e-15    5.48203e-08    1.40093e-24    8.77426e-07    
3.02755e-06    43167.9        42.3436        2.45238e+15    3.91783e-07    0.00248644     4.99549e-06    1.37542e-15    5.48203e-08    1.37542e-24    8.77426e-07    
3.02855e-06    43170.1        42.3476        2.46219e+15    3.91783e-07    0.00248644     4.99549e-06    1.35037e-15    5.48203e-08    1.35037e-24    8.77426e-07    
3.02955e-06    43172.4        42.3516        2.47203e+15    3.91783e-07    0.00248644     4.99549e-06    1.32578e-15    5.48203e-08    1.32578e-24    8.77426e-07    
3.03055e-06    43174.6        42.3556        2.48189e+15    3.91783e-07    0.00248644     4.99549e-06    1.30163e-15    5.48203e-08    1.30163e-24    8.77426e-07    
3.03155e-06    43176.9        42.3595        2.49179e+15    3.91902e-07    0.00248644     5.0016e-06     1.27793e-15    5.48203e-08    1.27793e-24    8.77426e-07    
3.03255e-06    43179.2        42.3635        2.50171e+15    3.91902e-07    0.00248644     5.0016e-06     1.25465e-15    5.48203e-08    1.25465e-24    8.77426e-07    
3.03355e-06    43181.4        42.3675        2.51165e+15    3.91902e-07    0.00248644     5.0016e-06     1.2318e-15     5.48203e-08    1.2318e-24     8.77426e-07    
3.03455e-06    43183.7        42.3714        2.52162e+15    3.91998e-07    0.00248644     5.0016e-06     1.20936e-15    5.48203e-08    1.20936e-24    8.77426e-07    
3.03555e-06    43185.9        42.3754        2.53162e+15    3.92093e-07    0.00248644     5.0016e-06     1.18733e-15    5.48203e-08    1.18733e-24    8.77426e-07    
3.03655e-06    43188.1        42.3793        2.54165e+15    3.92475e-07    0.00248644     5.0016e-06     1.1657e-15     5.48203e-08    1.1657e-24     8.77426e-07    
3.03755e-06    43190.4        42.3833        2.55171e+15    3.92475e-07    0.00248644     5.0016e-06     1.14446e-15    5.48203e-08    1.14446e-24    8.77426e-07    
3.03855e-06    43192.6        42.3872        2.56179e+15    3.92475e-07    0.00248644     5.0077e-06     1.12361e-15    5.48203e-08    1.12361e-24    8.77426e-07    
3.03955e-06    43194.9        42.3912        2.57191e+15    3.92475e-07    0.00248644     5.01381e-06    1.10313e-15    5.48203e-08    1.10313e-24    8.77426e-07    
3.04055e-06    43197.1        42.3951        2.58205e+15    3.92594e-07    0.00248644     5.01381e-06    1.08303e-15    5.48203e-08    1.08303e-24    8.77426e-07    
3.04155e-06    43199.3        42.399         2.59222e+15    3.93071e-07    0.00248644     5.01381e-06    1.0633e-15     5.48203e-08    1.0633e-24     8.77426e-07    
3.04255e-06    43201.5        42.403         2.60242e+15    3.93071e-07    0.00248644     5.01381e-06    1.04392e-15    5.48203e-08    1.04392e-24    8.77426e-07    
3.04355e-06    43203.8        42.4069        2.61264e+15    3.93166e-07    0.00248644     5.01381e-06    1.02489e-15    5.48203e-08    1.02489e-24    8.77426e-07    
3.04455e-06    43206          42.4108        2.6229e+15     3.93166e-07    0.00248644     5.01381e-06    1.00621e-15    5.48203e-08    1.00621e-24    8.77426e-07    
3.04555e-06    43208.2        42.4147        2.63318e+15    3.93166e-07    0.00248644     5.01381e-06    9.87869e-16    5.48203e-08    9.87869e-25    8.77426e-07    
3.04655e-06    43210.4        42.4186        2.6435e+15     3.93261e-07    0.00248644     5.01991e-06    9.6986e-16     5.48203e-08    9.6986e-25     8.77426e-07    
3.04755e-06    43212.6        42.4225        2.65383e+15    3.93643e-07    0.00248644     5.01991e-06    9.52178e-16    5.48203e-08    9.52178e-25    8.77426e-07    
3.04855e-06    43214.9        42.4264        2.66419e+15    3.94024e-07    0.00248644     5.01991e-06    9.34817e-16    5.48203e-08    9.34817e-25    8.77426e-07    
3.04955e-06    43217.1        42.4303        2.67458e+15    3.94072e-07    0.00248644     5.02601e-06    9.17772e-16    5.48203e-08    9.17771e-25    8.77426e-07    
3.05055e-06    43219.3        42.4342        2.685e+15      3.94453e-07    0.00248644     5.02601e-06    9.01036e-16    5.48203e-08    9.01036e-25    8.77426e-07    
3.05155e-06    43221.5        42.4381        2.69545e+15    3.94453e-07    0.00248644     5.02601e-06    8.84604e-16    5.48203e-08    8.84604e-25    8.77426e-07    
3.05255e-06    43223.7        42.442         2.70592e+15    3.94453e-07    0.00248644     5.02601e-06    8.6847e-16     5.48203e-08    8.6847e-25     8.77426e-07    
3.05355e-06    43225.9        42.4458        2.71642e+15    3.94573e-07    0.00248644     5.02601e-06    8.52635e-16    5.48203e-08    8.52635e-25    8.77426e-07    
3.05455e-06    43228.1        42.4497        2.72696e+15    3.94692e-07    0.00248644     5.02601e-06    8.37092e-16    5.48203e-08    8.37092e-25    8.77426e-07    
3.05555e-06    43230.3        42.4536        2.73752e+15    3.94787e-07    0.00248644     5.02601e-06    8.21821e-16    5.48203e-08    8.21821e-25    8.77426e-07    
3.05655e-06    43232.5        42.4574        2.74811e+15    3.94811e-07    0.00248644     5.02601e-06    8.06828e-16    5.48203e-08    8.06828e-25    8.77426e-07    
3.05755e-06    43234.6        42.4613        2.75872e+15    3.95407e-07    0.00248644     5.02601e-06    7.92108e-16    5.48203e-08    7.92108e-25    8.77426e-07    
3.05855e-06    43236.8        42.4651        2.76936e+15    3.95407e-07    0.00248644     5.02601e-06    7.77655e-16    5.48203e-08    7.77655e-25    8.77426e-07    
3.05955e-06    43239          42.469         2.78003e+15    3.95407e-07    0.00248644     5.02601e-06    7.63464e-16    5.48203e-08    7.63464e-25    8.77426e-07    
3.06055e-06    43241.2        42.4728        2.79073e+15    3.95407e-07    0.00248644     5.03212e-06    7.49532e-16    5.48203e-08    7.49532e-25    8.77426e-07    
3.06155e-06    43243.4        42.4767        2.80146e+15    3.95407e-07    0.00248644     5.03212e-06    7.35852e-16    5.48203e-08    7.35852e-25    8.77426e-07    
3.06255e-06    43245.6        42.4805        2.81222e+15    3.95407e-07    0.00248644     5.03212e-06    7.22422e-16    5.48203e-08    7.22422e-25    8.77426e-07    
3.06355e-06    43247.7        42.4843        2.82301e+15    3.95431e-07    0.00248644     5.03212e-06    7.09235e-16    5.48203e-08    7.09235e-25    8.77426e-07    
3.06455e-06    43249.9        42.4882        2.83382e+15    3.95431e-07    0.00248644     5.03212e-06    6.96288e-16    5.48203e-08    6.96288e-25    8.77426e-07    
3.06555e-06    43252.1        42.492         2.84466e+15    3.95526e-07    0.00248644     5.03212e-06    6.83577e-16    5.48203e-08    6.83577e-25    8.77426e-07    
3.06655e-06    43254.2        42.4958        2.85554e+15    3.95526e-07    0.00248644     5.03212e-06    6.73784e-16    5.48203e-08    6.73784e-25    8.77426e-07    
3.06755e-06    43256.4        42.4996        2.86644e+15    3.95908e-07    0.00248644     5.03212e-06    6.61482e-16    5.48203e-08    6.61482e-25    8.77426e-07    
3.06855e-06    43258.6        42.5034        2.87737e+15    3.96003e-07    0.00248644     5.03212e-06    6.49403e-16    5.48203e-08    6.49403e-25    8.77426e-07    
3.06955e-06    43260.7        42.5072        2.88833e+15    3.96003e-07    0.00248644     5.03212e-06    6.37544e-16    5.48203e-08    6.37544e-25    8.77426e-07    
3.07055e-06    43262.9        42.511         2.89931e+15    3.96003e-07    0.00248644     5.03212e-06    6.25901e-16    5.48203e-08    6.25901e-25    8.77426e-07    
3.07155e-06    43265          42.5148        2.91033e+15    3.96095e-07    0.00250597     5.03212e-06    6.14469e-16    5.48203e-08    6.14469e-25    8.77426e-07    
3.07255e-06    43267.2        42.5186        2.92138e+15    3.96095e-07    0.00250597     5.03212e-06    6.03246e-16    5.48203e-08    6.03246e-25    8.77426e-07    
3.07355e-06    43269.3        42.5224        2.93245e+15    3.96095e-07    0.00250597     5.03822e-06    5.92226e-16    5.48203e-08    5.92226e-25    8.77426e-07    
3.07455e-06    43271.5        42.5261        2.94355e+15    3.96095e-07    0.00250597     5.04432e-06    5.81407e-16    5.48203e-08    5.81407e-25    8.77426e-07    
3.07555e-06    43273.6        42.5299        2.95469e+15    3.9619e-07     0.00250597     5.05043e-06    5.70785e-16    5.48203e-08    5.70785e-25    8.77426e-07    
3.07655e-06    43275.7        42.5337        2.96585e+15    3.9619e-07     0.00250597     5.05043e-06    5.60356e-16    5.48203e-08    5.60356e-25    8.77426e-07    
3.07755e-06    43277.9        42.5375        2.97704e+15    3.96285e-07    0.00250597     5.05043e-06    5.50434e-16    5.48203e-08    5.50434e-25    8.77426e-07    
3.07855e-06    43280          42.5412        2.98827e+15    3.96285e-07    0.00250597     5.05043e-06    5.40375e-16    5.48203e-08    5.40375e-25    8.77426e-07    
3.07955e-06    43282.1        42.545         2.99952e+15    3.96667e-07    0.00250597     5.05043e-06    5.30499e-16    5.48203e-08    5.30499e-25    8.77426e-07    
3.08055e-06    43284.3        42.5487        3.0108e+15     3.96667e-07    0.00250597     5.05043e-06    5.20803e-16    5.48203e-08    5.20803e-25    8.77426e-07    
3.08155e-06    43286.4        42.5525        3.02211e+15    3.97144e-07    0.00250597     5.05653e-06    5.11284e-16    5.48203e-08    5.11284e-25    8.77426e-07    
3.08255e-06    43288.5        42.5562        3.03346e+15    3.97144e-07    0.00250597     5.05653e-06    5.01937e-16    5.48203e-08    5.01937e-25    8.77426e-07    
3.08355e-06    43290.6        42.56          3.04483e+15    3.97144e-07    0.00250597     5.05653e-06    4.92761e-16    5.48203e-08    4.92761e-25    8.77426e-07    
3.08455e-06    43292.8        42.5637        3.05623e+15    3.97144e-07    0.00250597     5.05653e-06    4.83752e-16    5.48203e-08    4.83752e-25    8.77426e-07    
3.08555e-06    43294.9        42.5674        3.06766e+15    3.97144e-07    0.00250597     5.05653e-06    4.74906e-16    5.48203e-08    4.74906e-25    8.77426e-07    
3.08655e-06    43297          42.5712        3.07911e+15    3.97168e-07    0.00250597     5.05653e-06    4.66222e-16    5.48203e-08    4.66222e-25    8.77426e-07    
3.08755e-06    43299.1        42.5749        3.09059e+15    3.97168e-07    0.00250597     5.05653e-06    4.57695e-16    5.48203e-08    4.57695e-25    8.77426e-07    
3.08855e-06    43301.2        42.5786        3.1021e+15     3.97764e-07    0.00250597     5.05653e-06    4.49324e-16    5.48203e-08    4.49324e-25    8.77426e-07    
3.08955e-06    43303.3        42.5823        3.11363e+15    3.97764e-07    0.00250597     5.05653e-06    4.41105e-16    5.48203e-08    4.41105e-25    8.77426e-07    
3.09055e-06    43305.4        42.586         3.1252e+15     3.97764e-07    0.00250597     5.05653e-06    4.33036e-16    5.48203e-08    4.33036e-25    8.77426e-07    
3.09155e-06    43307.5        42.5897        3.13679e+15    3.98145e-07    0.00250597     5.06263e-06    4.25113e-16    5.48203e-08    4.25113e-25    8.77426e-07    
3.09255e-06    43309.6        42.5934        3.14842e+15    3.98145e-07    0.00250597     5.06263e-06    4.17335e-16    5.48203e-08    4.17335e-25    8.77426e-07    
3.09355e-06    43311.7        42.5971        3.16007e+15    3.98145e-07    0.00250597     5.06263e-06    4.09699e-16    5.48203e-08    4.09699e-25    8.77426e-07    
3.09455e-06    43313.8        42.6008        3.17175e+15    3.98241e-07    0.00250597     5.06263e-06    4.02212e-16    5.48203e-08    4.02212e-25    8.77426e-07    
3.09555e-06    43315.9        42.6045        3.18346e+15    3.98264e-07    0.00250597     5.06874e-06    3.94851e-16    5.48203e-08    3.94851e-25    8.77426e-07    
3.09655e-06    43318          42.6082        3.1952e+15     3.98264e-07    0.00250597     5.07557e-06    3.87624e-16    5.48203e-08    3.87624e-25    8.77426e-07    
3.09755e-06    43320.1        42.6119        3.20697e+15    3.98264e-07    0.00250597     5.07557e-06    3.80528e-16    5.48203e-08    3.80528e-25    8.77426e-07    
3.09855e-06    43322.2        42.6155        3.21876e+15    3.98264e-07    0.00250597     5.07557e-06    3.73802e-16    5.48203e-08    3.73802e-25    8.77426e-07    
3.09955e-06    43324.3        42.6192        3.23058e+15    3.98407e-07    0.00250597     5.07557e-06    3.66958e-16    5.48203e-08    3.66958e-25    8.77426e-07    
3.10055e-06    43326.3        42.6229        3.24244e+15    3.98908e-07    0.00250597     5.07557e-06    3.60239e-16    5.48203e-08    3.60239e-25    8.77426e-07    
3.10155e-06    43328.4        42.6265        3.25432e+15    3.99003e-07    0.00250597     5.07557e-06    3.53643e-16    5.48203e-08    3.53643e-25    8.77426e-07    
3.10255e-06    43330.5        42.6302        3.26623e+15    3.99123e-07    0.00250597     5.07557e-06    3.47167e-16    5.48203e-08    3.47167e-25    8.77426e-07    
3.10355e-06    43332.6        42.6338        3.27817e+15    3.99123e-07    0.00250597     5.07557e-06    3.40808e-16    5.48203e-08    3.40808e-25    8.77426e-07    
3.10455e-06    43334.6        42.6375        3.29014e+15    3.99504e-07    0.00250597     5.07557e-06    3.35772e-16    5.48203e-08    3.35772e-25    8.77426e-07    
3.10555e-06    43336.7        42.6411        3.30214e+15    3.99504e-07    0.00250597     5.07557e-06    3.29622e-16    5.48203e-08    3.29622e-25    8.77426e-07    
3.10655e-06    43338.8        42.6447        3.31417e+15    3.99504e-07    0.00250597     5.07557e-06    3.23583e-16    5.48203e-08    3.23583e-25    8.77426e-07    
3.10755e-06    43340.8        42.6484        3.32623e+15    3.99504e-07    0.00250597     5.07557e-06    3.17655e-16    5.48203e-08    3.17655e-25    8.77426e-07    
3.10855e-06    43342.9        42.652         3.33832e+15    3.99981e-07    0.00250597     5.07557e-06    3.11834e-16    5.48203e-08    3.11834e-25    8.77426e-07    
3.10955e-06    43344.9        42.6556        3.35044e+15    4.00005e-07    0.00250597     5.07557e-06    3.0612e-16     5.48203e-08    3.0612e-25     8.77426e-07    
3.11055e-06    43347          42.6592        3.36259e+15    4.00005e-07    0.00250597     5.07557e-06    3.0051e-16     5.48203e-08    3.0051e-25     8.77426e-07    
3.11155e-06    43349          42.6629        3.37476e+15    4.00482e-07    0.00250597     5.07557e-06    2.95002e-16    5.48203e-08    2.95002e-25    8.77426e-07    
3.11255e-06    43351.1        42.6665        3.38697e+15    4.00577e-07    0.00250597     5.07557e-06    2.89594e-16    5.48203e-08    2.89594e-25    8.77426e-07    
3.11355e-06    43353.1        42.6701        3.39921e+15    4.00577e-07    0.00250597     5.07557e-06    2.84285e-16    5.48203e-08    2.84285e-25    8.77426e-07    
3.11455e-06    43355.2        42.6737        3.41148e+15    4.00577e-07    0.00250597     5.07573e-06    2.79073e-16    5.48203e-08    2.79073e-25    8.77426e-07    
3.11555e-06    43357.2        42.6773        3.42377e+15    4.00577e-07    0.00250597     5.07573e-06    2.73956e-16    5.48203e-08    2.73956e-25    8.77426e-07    
3.11655e-06    43359.3        42.6809        3.4361e+15     4.00672e-07    0.00250597     5.08183e-06    2.68933e-16    5.48203e-08    2.68933e-25    8.77426e-07    
3.11755e-06    43361.3        42.6845        3.44846e+15    4.00672e-07    0.00250597     5.08183e-06    2.64001e-16    5.48203e-08    2.64001e-25    8.77426e-07    
3.11855e-06    43363.3        42.688         3.46084e+15    4.00696e-07    0.00250597     5.08183e-06    2.59159e-16    5.48203e-08    2.59159e-25    8.77426e-07    
3.11955e-06    43365.4        42.6916        3.47326e+15    4.00696e-07    0.00250597     5.08183e-06    2.54405e-16    5.48203e-08    2.54405e-25    8.77426e-07    
3.12055e-06    43367.4        42.6952        3.4857e+15     4.00696e-07    0.00250597     5.08183e-06    2.49738e-16    5.48203e-08    2.49738e-25    8.77426e-07    
3.12155e-06    43369.4        42.6988        3.49817e+15    4.0072e-07     0.00250597     5.08183e-06    2.45156e-16    5.48203e-08    2.45156e-25    8.77426e-07    
3.12255e-06    43371.5        42.7023        3.51067e+15    4.00744e-07    0.00250597     5.08183e-06    2.40658e-16    5.48203e-08    2.40658e-25    8.77426e-07    
3.12355e-06    43373.5        42.7059        3.5232e+15     4.00744e-07    0.00250597     5.08183e-06    2.36242e-16    5.48203e-08    2.36242e-25    8.77426e-07    
3.12455e-06    43375.5        42.7095        3.53576e+15    4.00744e-07    0.00250597     5.10625e-06    2.31907e-16    5.48203e-08    2.31907e-25    8.77426e-07    
3.12555e-06    43377.5        42.713         3.54835e+15    4.00744e-07    0.00250597     5.10625e-06    2.27651e-16    5.48203e-08    2.27651e-25    8.77426e-07    
3.12655e-06    43379.5        42.7166        3.56097e+15    4.00744e-07    0.00250597     5.10625e-06    2.23472e-16    5.48203e-08    2.23472e-25    8.77426e-07    
3.12755e-06    43381.5        42.7201        3.57362e+15    4.00744e-07    0.00250597     5.10625e-06    2.1937e-16     5.48203e-08    2.1937e-25     8.77426e-07    
3.12855e-06    43383.5        42.7237        3.5863e+15     4.00744e-07    0.00250597     5.10625e-06    2.15343e-16    5.48203e-08    2.15343e-25    8.77426e-07    
3.12955e-06    43385.6        42.7272        3.59901e+15    4.00744e-07    0.00250597     5.10625e-06    2.1139e-16     5.48203e-08    2.1139e-25     8.77426e-07    
3.13055e-06    43387.6        42.7307        3.61174e+15    4.00744e-07    0.00250597     5.10625e-06    2.07508e-16    5.48203e-08    2.07508e-25    8.77426e-07    
3.13155e-06    43389.6        42.7343        3.62451e+15    4.00744e-07    0.00250597     5.11235e-06    2.03698e-16    5.48203e-08    2.03698e-25    8.77426e-07    
3.13255e-06    43391.6        42.7378        3.63731e+15    4.00744e-07    0.00250597     5.11235e-06    1.99958e-16    5.48203e-08    1.99958e-25    8.77426e-07    
3.13355e-06    43393.6        42.7413        3.65014e+15    4.00744e-07    0.00250597     5.11235e-06    1.96285e-16    5.48203e-08    1.96285e-25    8.77426e-07    
3.13455e-06    43395.6        42.7448        3.663e+15      4.00839e-07    0.00250597     5.11235e-06    1.9268e-16     5.48203e-08    1.9268e-25     8.77426e-07    
3.13555e-06    43397.6        42.7483        3.67589e+15    4.00839e-07    0.00250597     5.11235e-06    1.89141e-16    5.48203e-08    1.89141e-25    8.77426e-07    
3.13655e-06    43399.5        42.7518        3.68881e+15    4.00839e-07    0.00250597     5.11235e-06    1.85667e-16    5.48203e-08    1.85667e-25    8.77426e-07    
3.13755e-06    43401.5        42.7553        3.70176e+15    4.00839e-07    0.00250597     5.11235e-06    1.82256e-16    5.48203e-08    1.82256e-25    8.77426e-07    
3.13855e-06    43403.5        42.7588        3.71474e+15    4.0103e-07     0.00250597     5.11235e-06    1.78908e-16    5.48203e-08    1.78908e-25    8.77426e-07    
3.13955e-06    43405.5        42.7623        3.72774e+15    4.0103e-07     0.00250597     5.11235e-06    1.7562e-16     5.48203e-08    1.7562e-25     8.77426e-07    
3.14055e-06    43407.5        42.7658        3.74078e+15    4.0103e-07     0.00250597     5.11845e-06    1.72393e-16    5.48203e-08    1.72393e-25    8.77426e-07    
3.14155e-06    43409.5        42.7693        3.75385e+15    4.0103e-07     0.00250597     5.11845e-06    1.69225e-16    5.48203e-08    1.69225e-25    8.77426e-07    
3.14255e-06    43411.4        42.7728        3.76695e+15    4.01125e-07    0.00250597     5.11845e-06    1.66115e-16    5.48203e-08    1.66115e-25    8.77426e-07    
3.14355e-06    43413.4        42.7763        3.78008e+15    4.01125e-07    0.00250597     5.11845e-06    1.63062e-16    5.48203e-08    1.63062e-25    8.77426e-07    
3.14455e-06    43415.4        42.7798        3.79324e+15    4.01125e-07    0.00250597     5.11845e-06    1.60065e-16    5.48203e-08    1.60065e-25    8.77426e-07    
3.14555e-06    43417.4        42.7832        3.80642e+15    4.01316e-07    0.00250597     5.12456e-06    1.57123e-16    5.48203e-08    1.57123e-25    8.77426e-07    
3.14655e-06    43419.3        42.7867        3.81964e+15    4.01316e-07    0.00250597     5.12456e-06    1.54235e-16    5.48203e-08    1.54235e-25    8.77426e-07    
3.14755e-06    43421.3        42.7902        3.83289e+15    4.01411e-07    0.00250597     5.12456e-06    1.51399e-16    5.48203e-08    1.51399e-25    8.77426e-07    
3.14855e-06    43423.2        42.7936        3.84617e+15    4.01411e-07    0.00250597     5.12456e-06    1.48616e-16    5.48203e-08    1.48616e-25    8.77426e-07    
3.14955e-06    43425.2        42.7971        3.85948e+15    4.01411e-07    0.00250597     5.12456e-06    1.45883e-16    5.48203e-08    1.45883e-25    8.77426e-07    
3.15055e-06    43427.2        42.8005        3.87282e+15    4.01817e-07    0.00250597     5.12456e-06    1.43201e-16    5.48203e-08    1.43201e-25    8.77426e-07    
3.15155e-06    43429.1        42.804         3.88618e+15    4.01841e-07    0.00250597     5.12456e-06    1.40567e-16    5.48203e-08    1.40567e-25    8.77426e-07    
3.15255e-06    43431.1        42.8074        3.89958e+15    4.01888e-07    0.00250597     5.12456e-06    1.37982e-16    5.48203e-08    1.37982e-25    8.77426e-07    
3.15355e-06    43433          42.8108        3.91301e+15    4.01888e-07    0.00250597     5.12456e-06    1.35444e-16    5.48203e-08    1.35444e-25    8.77426e-07    
3.15455e-06    43435          42.8143        3.92647e+15    4.0227e-07     0.00250597     5.12456e-06    1.32953e-16    5.48203e-08    1.32953e-25    8.77426e-07    
3.15555e-06    43436.9        42.8177        3.93993e+15    4.02651e-07    0.00250597     5.12456e-06    1.30508e-16    5.48203e-08    1.30508e-25    8.77426e-07    
3.15655e-06    43438.9        42.8211        3.95343e+15    4.02842e-07    0.00250597     5.12456e-06    1.28644e-16    5.48203e-08    1.28644e-25    8.77426e-07    
3.15755e-06    43440.8        42.8245        3.96695e+15    4.03035e-07    0.0025255      5.12456e-06    1.2654e-16     5.48203e-08    1.2654e-25     8.77426e-07    
3.15855e-06    43442.7        42.8279        3.98051e+15    4.03035e-07    0.0025255      5.12456e-06    1.24212e-16    5.48203e-08    1.24212e-25    8.77426e-07    
3.15955e-06    43444.7        42.8313        3.99409e+15    4.03035e-07    0.0025255      5.12456e-06    1.21927e-16    5.48203e-08    1.21927e-25    8.77426e-07    
3.16055e-06    43446.6        42.8348        4.00771e+15    4.03035e-07    0.0025255      5.12456e-06    1.19683e-16    5.48203e-08    1.19683e-25    8.77426e-07    
3.16155e-06    43448.5        42.8381        4.02135e+15    4.03154e-07    0.0025255      5.12456e-06    1.17481e-16    5.48203e-08    1.17481e-25    8.77426e-07    
3.16255e-06    43450.5        42.8415        4.03503e+15    4.03154e-07    0.0025255      5.12456e-06    1.15319e-16    5.48203e-08    1.15319e-25    8.77426e-07    
3.16355e-06    43452.4        42.8449        4.04873e+15    4.0325e-07     0.0025255      5.13066e-06    1.13197e-16    5.48203e-08    1.13197e-25    8.77426e-07    
3.16455e-06    43454.3        42.8483        4.06246e+15    4.0325e-07     0.0025255      5.13066e-06    1.11114e-16    5.48203e-08    1.11114e-25    8.77426e-07    
3.16555e-06    43456.2        42.8517        4.07623e+15    4.03273e-07    0.0025255      5.13066e-06    1.09069e-16    5.48203e-08    1.09069e-25    8.77426e-07    
3.16655e-06    43458.1        42.8551        4.09003e+15    4.03273e-07    0.0025255      5.13066e-06    1.07089e-16    5.48203e-08    1.07089e-25    8.77426e-07    
3.16755e-06    43460.1        42.8585        4.10386e+15    4.03273e-07    0.0025255      5.13066e-06    1.05118e-16    5.48203e-08    1.05118e-25    8.77426e-07    
3.16855e-06    43462          42.8618        4.11772e+15    4.03273e-07    0.0025255      5.13676e-06    1.03183e-16    5.48203e-08    1.03183e-25    8.77426e-07    
3.16955e-06    43463.9        42.8652        4.13161e+15    4.03273e-07    0.0025255      5.13676e-06    1.01284e-16    5.48203e-08    1.01284e-25    8.77426e-07    
3.17055e-06    43465.8        42.8686        4.14553e+15    4.03369e-07    0.0025255      5.13676e-06    9.94189e-17    5.48203e-08    9.94189e-26    8.77426e-07    
3.17155e-06    43467.7        42.8719        4.15948e+15    4.03369e-07    0.0025255      5.13676e-06    9.75884e-17    5.48203e-08    9.75884e-26    8.77426e-07    
3.17255e-06    43469.6        42.8753        4.17346e+15    4.03464e-07    0.0025255      5.13676e-06    9.57915e-17    5.48203e-08    9.57915e-26    8.77426e-07    
3.17355e-06    43471.5        42.8786        4.18747e+15    4.0356e-07     0.0025255      5.13676e-06    9.40276e-17    5.48203e-08    9.40276e-26    8.77426e-07    
3.17455e-06    43473.4        42.882         4.2015e+15     4.03607e-07    0.0025255      5.13676e-06    9.22961e-17    5.48203e-08    9.22961e-26    8.77426e-07    
3.17555e-06    43475.3        42.8853        4.21557e+15    4.03607e-07    0.0025255      5.13676e-06    9.05963e-17    5.48203e-08    9.05963e-26    8.77426e-07    
3.17655e-06    43477.2        42.8887        4.22967e+15    4.03703e-07    0.0025255      5.14287e-06    8.89278e-17    5.48203e-08    8.89278e-26    8.77426e-07    
3.17755e-06    43479.1        42.892         4.24379e+15    4.03703e-07    0.0025255      5.14287e-06    8.72899e-17    5.48203e-08    8.72899e-26    8.77426e-07    
3.17855e-06    43481          42.8953        4.25795e+15    4.03703e-07    0.0025255      5.14287e-06    8.5682e-17     5.48203e-08    8.5682e-26     8.77426e-07    
3.17955e-06    43482.9        42.8986        4.27214e+15    4.03703e-07    0.0025255      5.14287e-06    8.41037e-17    5.48203e-08    8.41037e-26    8.77426e-07    
3.18055e-06    43484.8        42.902         4.28635e+15    4.03703e-07    0.0025255      5.14287e-06    8.25544e-17    5.48203e-08    8.25544e-26    8.77426e-07    
3.18155e-06    43486.7        42.9053        4.30059e+15    4.03703e-07    0.0025255      5.14287e-06    8.10335e-17    5.48203e-08    8.10335e-26    8.77426e-07    
3.18255e-06    43488.5        42.9086        4.31487e+15    4.03798e-07    0.0025255      5.14287e-06    7.95405e-17    5.48203e-08    7.95405e-26    8.77426e-07    
3.18355e-06    43490.4        42.9119        4.32917e+15    4.03798e-07    0.0025255      5.14287e-06    7.8075e-17     5.48203e-08    7.8075e-26     8.77426e-07    
3.18455e-06    43492.3        42.9152        4.34351e+15    4.03798e-07    0.0025255      5.14287e-06    7.66363e-17    5.48203e-08    7.66363e-26    8.77426e-07    
3.18555e-06    43494.2        42.9185        4.35787e+15    4.03798e-07    0.0025255      5.14287e-06    7.52282e-17    5.48203e-08    7.52282e-26    8.77426e-07    
3.18655e-06    43496          42.9218        4.37227e+15    4.0389e-07     0.00254503     5.14287e-06    7.38419e-17    5.48203e-08    7.38418e-26    8.77426e-07    
3.18755e-06    43497.9        42.9251        4.38669e+15    4.0389e-07     0.00254503     5.14287e-06    7.2481e-17     5.48203e-08    7.2481e-26     8.77426e-07    
3.18855e-06    43499.8        42.9284        4.40114e+15    4.03985e-07    0.00254503     5.14287e-06    7.11451e-17    5.48203e-08    7.11451e-26    8.77426e-07    
3.18955e-06    43501.6        42.9317        4.41563e+15    4.03985e-07    0.00254503     5.14287e-06    6.98338e-17    5.48203e-08    6.98338e-26    8.77426e-07    
3.19055e-06    43503.5        42.935         4.43014e+15    4.03985e-07    0.00254503     5.14287e-06    6.85465e-17    5.48203e-08    6.85465e-26    8.77426e-07    
3.19155e-06    43505.4        42.9382        4.44468e+15    4.04009e-07    0.00254503     5.14897e-06    6.72829e-17    5.48203e-08    6.72829e-26    8.77426e-07    
3.19255e-06    43507.2        42.9415        4.45925e+15    4.0439e-07     0.00254503     5.14897e-06    6.60426e-17    5.48203e-08    6.60426e-26    8.77426e-07    
3.19355e-06    43509.1        42.9448        4.47386e+15    4.04486e-07    0.00254503     5.14897e-06    6.4825e-17     5.48203e-08    6.4825e-26     8.77426e-07    
3.19455e-06    43510.9        42.948         4.48849e+15    4.04581e-07    0.00254503     5.14897e-06    6.36298e-17    5.48203e-08    6.36298e-26    8.77426e-07    
3.19555e-06    43512.8        42.9513        4.50315e+15    4.04581e-07    0.00254503     5.14897e-06    6.26576e-17    5.48203e-08    6.26576e-26    8.77426e-07    
3.19655e-06    43514.6        42.9546        4.51785e+15    4.04962e-07    0.00254503     5.14897e-06    6.15022e-17    5.48203e-08    6.15022e-26    8.77426e-07    
3.19755e-06    43516.5        42.9578        4.53258e+15    4.05058e-07    0.00254503     5.15507e-06    6.03681e-17    5.48203e-08    6.03681e-26    8.77426e-07    
3.19855e-06    43518.3        42.9611        4.54733e+15    4.05058e-07    0.00254503     5.15507e-06    5.92559e-17    5.48203e-08    5.92559e-26    8.77426e-07    
3.19955e-06    43520.2        42.9643        4.56212e+15    4.05439e-07    0.00254503     5.15507e-06    5.81631e-17    5.48203e-08    5.81631e-26    8.77426e-07    
3.20055e-06    43522          42.9676        4.57693e+15    4.05439e-07    0.00254503     5.15507e-06    5.70903e-17    5.48203e-08    5.70903e-26    8.77426e-07    
3.20155e-06    43523.8        42.9708        4.59178e+15    4.05439e-07    0.00254503     5.15507e-06    5.60373e-17    5.48203e-08    5.60372e-26    8.77426e-07    
3.20255e-06    43525.7        42.974         4.60666e+15    4.05439e-07    0.00254503     5.15507e-06    5.50036e-17    5.48203e-08    5.50036e-26    8.77426e-07    
3.20355e-06    43527.5        42.9773        4.62156e+15    4.05439e-07    0.00254503     5.16118e-06    5.39889e-17    5.48203e-08    5.39889e-26    8.77426e-07    
3.20455e-06    43529.3        42.9805        4.6365e+15     4.05463e-07    0.00254503     5.16118e-06    5.29929e-17    5.48203e-08    5.29929e-26    8.77426e-07    
3.20555e-06    43531.2        42.9837        4.65146e+15    4.05463e-07    0.00254503     5.16118e-06    5.20152e-17    5.48203e-08    5.20152e-26    8.77426e-07    
3.20655e-06    43533          42.9869        4.66646e+15    4.05463e-07    0.00254503     5.16118e-06    5.10555e-17    5.48203e-08    5.10555e-26    8.77426e-07    
3.20755e-06    43534.8        42.9901        4.68148e+15    4.05463e-07    0.00254503     5.16118e-06    5.01134e-17    5.48203e-08    5.01134e-26    8.77426e-07    
3.20855e-06    43536.6        42.9934        4.69653e+15    4.05845e-07    0.00254503     5.16118e-06    4.91887e-17    5.48203e-08    4.91887e-26    8.77426e-07    
3.20955e-06    43538.5        42.9966        4.71162e+15    4.05964e-07    0.00254503     5.16118e-06    4.8281e-17     5.48203e-08    4.8281e-26     8.77426e-07    
3.21055e-06    43540.3        42.9998        4.72673e+15    4.05988e-07    0.00254503     5.16118e-06    4.73899e-17    5.48203e-08    4.73899e-26    8.77426e-07    
3.21155e-06    43542.1        43.003         4.74188e+15    4.05988e-07    0.00254503     5.16118e-06    4.65153e-17    5.48203e-08    4.65153e-26    8.77426e-07    
3.21255e-06    43543.9        43.0062        4.75705e+15    4.05988e-07    0.00254503     5.16728e-06    4.56568e-17    5.48203e-08    4.56568e-26    8.77426e-07    
3.21355e-06    43545.7        43.0094        4.77225e+15    4.05988e-07    0.00254503     5.17339e-06    4.4814e-17     5.48203e-08    4.4814e-26     8.77426e-07    
3.21455e-06    43547.5        43.0125        4.78748e+15    4.06369e-07    0.00254503     5.17339e-06    4.39868e-17    5.48203e-08    4.39868e-26    8.77426e-07    
3.21555e-06    43549.3        43.0157        4.80275e+15    4.06751e-07    0.00254503     5.17339e-06    4.31748e-17    5.48203e-08    4.31748e-26    8.77426e-07    
3.21655e-06    43551.1        43.0189        4.81804e+15    4.06751e-07    0.00254503     5.17339e-06    4.23777e-17    5.48203e-08    4.23777e-26    8.77426e-07    
3.21755e-06    43552.9        43.0221        4.83336e+15    4.06751e-07    0.00254503     5.17339e-06    4.15953e-17    5.48203e-08    4.15953e-26    8.77426e-07    
3.21855e-06    43554.7        43.0252        4.84871e+15    4.06941e-07    0.00254503     5.17339e-06    4.08273e-17    5.48203e-08    4.08273e-26    8.77426e-07    
3.21955e-06    43556.5        43.0284        4.86409e+15    4.06941e-07    0.00254503     5.17949e-06    4.00735e-17    5.48203e-08    4.00735e-26    8.77426e-07    
3.22055e-06    43558.3        43.0316        4.8795e+15     4.06941e-07    0.00254503     5.17949e-06    3.93335e-17    5.48203e-08    3.93335e-26    8.77426e-07    
3.22155e-06    43560.1        43.0347        4.89494e+15    4.06941e-07    0.00254503     5.17949e-06    3.86071e-17    5.48203e-08    3.86071e-26    8.77426e-07    
3.22255e-06    43561.9        43.0379        4.91041e+15    4.06941e-07    0.00254503     5.18559e-06    3.78941e-17    5.48203e-08    3.78941e-26    8.77426e-07    
3.22355e-06    43563.7        43.041         4.92591e+15    4.07323e-07    0.00254503     5.18559e-06    3.71942e-17    5.48203e-08    3.71942e-26    8.77426e-07    
3.22455e-06    43565.5        43.0442        4.94144e+15    4.07418e-07    0.00254503     5.18559e-06    3.65072e-17    5.48203e-08    3.65072e-26    8.77426e-07    
3.22555e-06    43567.3        43.0473        4.957e+15      4.07418e-07    0.00254503     5.18559e-06    3.58329e-17    5.48203e-08    3.58329e-26    8.77426e-07    
3.22655e-06    43569          43.0505        4.97259e+15    4.07537e-07    0.00254503     5.18559e-06    3.5171e-17     5.48203e-08    3.5171e-26     8.77426e-07    
3.22755e-06    43570.8        43.0536        4.98821e+15    4.07633e-07    0.00254503     5.18559e-06    3.45212e-17    5.48203e-08    3.45212e-26    8.77426e-07    
3.22855e-06    43572.6        43.0567        5.00385e+15    4.07728e-07    0.00254503     5.18559e-06    3.38835e-17    5.48203e-08    3.38835e-26    8.77426e-07    
3.22955e-06    43574.4        43.0599        5.01953e+15    4.07919e-07    0.00254503     5.18559e-06    3.32574e-17    5.48203e-08    3.32574e-26    8.77426e-07    
3.23055e-06    43576.1        43.063         5.03524e+15    4.08682e-07    0.00254503     5.18559e-06    3.26429e-17    5.48203e-08    3.26429e-26    8.77426e-07    
3.23155e-06    43577.9        43.0661        5.05097e+15    4.08682e-07    0.00254503     5.1917e-06     3.20398e-17    5.48203e-08    3.20398e-26    8.77426e-07    
3.23255e-06    43579.7        43.0692        5.06674e+15    4.08682e-07    0.00254503     5.1917e-06     3.14477e-17    5.48203e-08    3.14477e-26    8.77426e-07    
3.23355e-06    43581.4        43.0723        5.08253e+15    4.08777e-07    0.00254503     5.1917e-06     3.08665e-17    5.48203e-08    3.08665e-26    8.77426e-07    
3.23455e-06    43583.2        43.0755        5.09836e+15    4.09159e-07    0.00254503     5.1917e-06     3.02961e-17    5.48203e-08    3.02961e-26    8.77426e-07    
3.23555e-06    43585          43.0786        5.11421e+15    4.09159e-07    0.00254503     5.1917e-06     2.97361e-17    5.48203e-08    2.97361e-26    8.77426e-07    
3.23655e-06    43586.7        43.0817        5.1301e+15     4.09159e-07    0.00254503     5.1917e-06     2.92505e-17    5.48203e-08    2.92505e-26    8.77426e-07    
3.23755e-06    43588.5        43.0848        5.14601e+15    4.09159e-07    0.00254503     5.1917e-06     2.87098e-17    5.48203e-08    2.87098e-26    8.77426e-07    
3.23855e-06    43590.2        43.0878        5.16195e+15    4.09159e-07    0.00254503     5.1917e-06     2.8179e-17     5.48203e-08    2.8179e-26     8.77426e-07    
3.23955e-06    43592          43.0909        5.17792e+15    4.09254e-07    0.00254503     5.1917e-06     2.76581e-17    5.48203e-08    2.76581e-26    8.77426e-07    
3.24055e-06    43593.7        43.094         5.19392e+15    4.09254e-07    0.00254503     5.1917e-06     2.71467e-17    5.48203e-08    2.71467e-26    8.77426e-07    
3.24155e-06    43595.5        43.0971        5.20995e+15    4.09349e-07    0.00254503     5.1917e-06     2.66447e-17    5.48203e-08    2.66447e-26    8.77426e-07    
3.24255e-06    43597.2        43.1002        5.22601e+15    4.09349e-07    0.00254503     5.1917e-06     2.6152e-17     5.48203e-08    2.6152e-26     8.77426e-07    
3.24355e-06    43599          43.1033        5.2421e+15     4.09349e-07    0.00254503     5.1917e-06     2.56958e-17    5.48203e-08    2.56958e-26    8.77426e-07    
3.24455e-06    43600.7        43.1063        5.25822e+15    4.09349e-07    0.00254503     5.1917e-06     2.52205e-17    5.48203e-08    2.52205e-26    8.77426e-07    
3.24555e-06    43602.4        43.1094        5.27437e+15    4.09349e-07    0.00254503     5.1917e-06     2.4754e-17     5.48203e-08    2.4754e-26     8.77426e-07    
3.24655e-06    43604.2        43.1125        5.29054e+15    4.09349e-07    0.00254503     5.1917e-06     2.42961e-17    5.48203e-08    2.42961e-26    8.77426e-07    
3.24755e-06    43605.9        43.1155        5.30675e+15    4.09349e-07    0.00254503     5.1917e-06     2.38467e-17    5.48203e-08    2.38467e-26    8.77426e-07    
3.24855e-06    43607.6        43.1186        5.32299e+15    4.09349e-07    0.00254503     5.1917e-06     2.34055e-17    5.48203e-08    2.34055e-26    8.77426e-07    
3.24955e-06    43609.4        43.1216        5.33925e+15    4.09349e-07    0.00254503     5.19788e-06    2.29724e-17    5.48203e-08    2.29724e-26    8.77426e-07    
3.25055e-06    43611.1        43.1247        5.35555e+15    4.09349e-07    0.00254503     5.19788e-06    2.25473e-17    5.48203e-08    2.25473e-26    8.77426e-07    
3.25155e-06    43612.8        43.1277        5.37187e+15    4.09349e-07    0.00254503     5.19788e-06    2.21301e-17    5.48203e-08    2.21301e-26    8.77426e-07    
3.25255e-06    43614.6        43.1307        5.38823e+15    4.09731e-07    0.00254503     5.19788e-06    2.1736e-17     5.48203e-08    2.1736e-26     8.77426e-07    
3.25355e-06    43616.3        43.1338        5.40461e+15    4.09826e-07    0.00254503     5.19788e-06    2.13337e-17    5.48203e-08    2.13337e-26    8.77426e-07    
3.25455e-06    43618          43.1368        5.42102e+15    4.10017e-07    0.00254503     5.19788e-06    2.09388e-17    5.48203e-08    2.09388e-26    8.77426e-07    
3.25555e-06    43619.7        43.1398        5.43746e+15    4.10017e-07    0.00254503     5.19788e-06    2.05512e-17    5.48203e-08    2.05512e-26    8.77426e-07    
3.25655e-06    43621.4        43.1429        5.45393e+15    4.10041e-07    0.00254503     5.19788e-06    2.01708e-17    5.48203e-08    2.01708e-26    8.77426e-07    
3.25755e-06    43623.1        43.1459        5.47043e+15    4.10041e-07    0.00254503     5.19788e-06    1.97973e-17    5.48203e-08    1.97973e-26    8.77426e-07    
3.25855e-06    43624.8        43.1489        5.48695e+15    4.10041e-07    0.00254503     5.19788e-06    1.94308e-17    5.48203e-08    1.94308e-26    8.77426e-07    
3.25955e-06    43626.6        43.1519        5.50351e+15    4.10518e-07    0.00254503     5.19788e-06    1.9071e-17     5.48203e-08    1.9071e-26     8.77426e-07    
3.26055e-06    43628.3        43.1549        5.52009e+15    4.10518e-07    0.00254503     5.19788e-06    1.87178e-17    5.48203e-08    1.87178e-26    8.77426e-07    
3.26155e-06    43630          43.1579        5.53671e+15    4.10518e-07    0.00254503     5.20398e-06    1.83711e-17    5.48203e-08    1.83711e-26    8.77426e-07    
3.26255e-06    43631.7        43.1609        5.55335e+15    4.11018e-07    0.00254503     5.20398e-06    1.80309e-17    5.48203e-08    1.80309e-26    8.77426e-07    
3.26355e-06    43633.4        43.1639        5.57002e+15    4.11018e-07    0.00254503     5.20398e-06    1.76969e-17    5.48203e-08    1.76969e-26    8.77426e-07    
3.26455e-06    43635.1        43.1669        5.58672e+15    4.11018e-07    0.00254503     5.20398e-06    1.73691e-17    5.48203e-08    1.73691e-26    8.77426e-07    
3.26555e-06    43636.8        43.1699        5.60344e+15    4.114e-07      0.00254503     5.20398e-06    1.70473e-17    5.48203e-08    1.70473e-26    8.77426e-07    
3.26655e-06    43638.4        43.1729        5.62019e+15    4.114e-07      0.00254503     5.20398e-06    1.67314e-17    5.48203e-08    1.67314e-26    8.77426e-07    
3.26755e-06    43640.1        43.1759        5.63698e+15    4.114e-07      0.00254503     5.20398e-06    1.64214e-17    5.48203e-08    1.64214e-26    8.77426e-07    
3.26855e-06    43641.8        43.1789        5.65378e+15    4.114e-07      0.00254503     5.20398e-06    1.61171e-17    5.48203e-08    1.61171e-26    8.77426e-07    
3.26955e-06    43643.5        43.1818        5.67062e+15    4.11781e-07    0.00254503     5.21008e-06    1.58184e-17    5.48203e-08    1.58184e-26    8.77426e-07    
3.27055e-06    43645.2        43.1848        5.68749e+15    4.11805e-07    0.00254503     5.21008e-06    1.55252e-17    5.48203e-08    1.55252e-26    8.77426e-07    
3.27155e-06    43646.9        43.1878        5.70439e+15    4.12186e-07    0.00254503     5.21008e-06    1.52375e-17    5.48203e-08    1.52375e-26    8.77426e-07    
3.27255e-06    43648.6        43.1907        5.72131e+15    4.12186e-07    0.00254503     5.21008e-06    1.4955e-17     5.48203e-08    1.4955e-26     8.77426e-07    
3.27355e-06    43650.2        43.1937        5.73826e+15    4.12234e-07    0.00254503     5.21008e-06    1.46777e-17    5.48203e-08    1.46777e-26    8.77426e-07    
3.27455e-06    43651.9        43.1966        5.75524e+15    4.12234e-07    0.00254503     5.21008e-06    1.44056e-17    5.48203e-08    1.44056e-26    8.77426e-07    
3.27555e-06    43653.6        43.1996        5.77225e+15    4.12234e-07    0.00254503     5.21008e-06    1.41385e-17    5.48203e-08    1.41385e-26    8.77426e-07    
3.27655e-06    43655.3        43.2025        5.78929e+15    4.12234e-07    0.00254503     5.21008e-06    1.38763e-17    5.48203e-08    1.38763e-26    8.77426e-07    
3.27755e-06    43656.9        43.2055        5.80635e+15    4.12234e-07    0.00254503     5.21008e-06    1.3619e-17     5.48203e-08    1.3619e-26     8.77426e-07    
3.27855e-06    43658.6        43.2084        5.82344e+15    4.12711e-07    0.00254503     5.21008e-06    1.33664e-17    5.48203e-08    1.33664e-26    8.77426e-07    
3.27955e-06    43660.3        43.2114        5.84056e+15    4.12711e-07    0.00254503     5.21008e-06    1.31185e-17    5.48203e-08    1.31185e-26    8.77426e-07    
3.28055e-06    43661.9        43.2143        5.8577e+15     4.12711e-07    0.00254503     5.21008e-06    1.28752e-17    5.48203e-08    1.28752e-26    8.77426e-07    
3.28155e-06    43663.6        43.2172        5.87488e+15    4.12735e-07    0.00254503     5.21008e-06    1.26363e-17    5.48203e-08    1.26363e-26    8.77426e-07    
3.28255e-06    43665.2        43.2201        5.89208e+15    4.12735e-07    0.00254503     5.21008e-06    1.24019e-17    5.48203e-08    1.24019e-26    8.77426e-07    
3.28355e-06    43666.9        43.2231        5.90931e+15    4.12735e-07    0.00254503     5.21008e-06    1.21718e-17    5.48203e-08    1.21718e-26    8.77426e-07    
3.28455e-06    43668.5        43.226         5.92656e+15    4.12735e-07    0.00254503     5.21008e-06    1.19472e-17    5.48203e-08    1.19472e-26    8.77426e-07    
3.28555e-06    43670.2        43.2289        5.94385e+15    4.12735e-07    0.00254503     5.21008e-06    1.17255e-17    5.48203e-08    1.17255e-26    8.77426e-07    
3.28655e-06    43671.8        43.2318        5.96117e+15    4.12735e-07    0.00254503     5.21008e-06    1.15079e-17    5.48203e-08    1.15079e-26    8.77426e-07    
3.28755e-06    43673.5        43.2347        5.97851e+15    4.12735e-07    0.00254503     5.21008e-06    1.12943e-17    5.48203e-08    1.12943e-26    8.77426e-07    
3.28855e-06    43675.1        43.2376        5.99589e+15    4.12759e-07    0.00254503     5.21008e-06    1.10847e-17    5.48203e-08    1.10847e-26    8.77426e-07    
3.28955e-06    43676.8        43.2405        6.01329e+15    4.12783e-07    0.00254503     5.21008e-06    1.0879e-17     5.48203e-08    1.0879e-26     8.77426e-07    
3.29055e-06    43678.4        43.2434        6.03072e+15    4.12783e-07    0.00254503     5.21008e-06    1.06771e-17    5.48203e-08    1.06771e-26    8.77426e-07    
3.29155e-06    43680.1        43.2463        6.04818e+15    4.12806e-07    0.00254503     5.21008e-06    1.05191e-17    5.48203e-08    1.05191e-26    8.77426e-07    
3.29255e-06    43681.7        43.2492        6.06567e+15    4.12806e-07    0.00254503     5.21008e-06    1.03239e-17    5.48203e-08    1.03239e-26    8.77426e-07    
3.29355e-06    43683.3        43.2521        6.08318e+15    4.12902e-07    0.00254503     5.21008e-06    1.01322e-17    5.48203e-08    1.01322e-26    8.77426e-07    
3.29455e-06    43685          43.2549        6.10073e+15    4.12902e-07    0.00254503     5.21619e-06    9.94416e-18    5.48203e-08    9.94416e-27    8.77426e-07    
3.29555e-06    43686.6        43.2578        6.1183e+15     4.13665e-07    0.00254503     5.21619e-06    9.75956e-18    5.48203e-08    9.75956e-27    8.77426e-07    
3.29655e-06    43688.2        43.2943        6.34559e+15    4.13784e-07    0.00254503     5.21619e-06    9.57839e-18    5.48203e-08    9.57839e-27    8.77426e-07    
3.29755e-06    43689.8        43.2971        6.3632e+15     4.13784e-07    0.00254503     5.21619e-06    9.40058e-18    5.48203e-08    9.40058e-27    8.77426e-07    
3.29855e-06    43691.5        43.2998        6.38084e+15    4.13879e-07    0.00254503     5.21619e-06    9.22607e-18    5.48203e-08    9.22607e-27    8.77426e-07    
3.29955e-06    43693.1        43.3026        6.3985e+15     4.1407e-07     0.00254503     5.21619e-06    9.05479e-18    5.48203e-08    9.05479e-27    8.77426e-07    
3.30055e-06    43694.7        43.3054        6.41619e+15    4.14094e-07    0.00254503     5.22229e-06    8.8867e-18     5.48203e-08    8.8867e-27     8.77426e-07    
3.30155e-06    43696.3        43.3081        6.43391e+15    4.14475e-07    0.00254503     5.22229e-06    8.72172e-18    5.48203e-08    8.72172e-27    8.77426e-07    
3.30255e-06    43697.9        43.3109        6.45165e+15    4.14475e-07    0.00254503     5.22229e-06    8.55981e-18    5.48203e-08    8.55981e-27    8.77426e-07    
3.30355e-06    43699.6        43.3136        6.46942e+15    4.14475e-07    0.00254503     5.22229e-06    8.4009e-18     5.48203e-08    8.4009e-27     8.77426e-07    
3.30455e-06    43701.2        43.3164        6.48721e+15    4.14571e-07    0.00254503     5.22229e-06    8.24494e-18    5.48203e-08    8.24494e-27    8.77426e-07    
3.30555e-06    43702.8        43.3191        6.50503e+15    4.14571e-07    0.00254503     5.22229e-06    8.09188e-18    5.48203e-08    8.09188e-27    8.77426e-07    
3.30655e-06    43704.4        43.3218        6.52288e+15    4.14571e-07    0.00254503     5.22229e-06    7.94166e-18    5.48203e-08    7.94166e-27    8.77426e-07    
3.30755e-06    43706          43.3246        6.54075e+15    4.14571e-07    0.00254503     5.22229e-06    7.79423e-18    5.48203e-08    7.79423e-27    8.77426e-07    
3.30855e-06    43707.6        43.3273        6.55865e+15    4.14571e-07    0.00254503     5.22229e-06    7.64954e-18    5.48203e-08    7.64954e-27    8.77426e-07    
3.30955e-06    43709.2        43.33          6.57657e+15    4.14571e-07    0.00254503     5.22229e-06    7.50753e-18    5.48203e-08    7.50753e-27    8.77426e-07    
3.31055e-06    43710.8        43.3328        6.59452e+15    4.14571e-07    0.00254503     5.22229e-06    7.36816e-18    5.48203e-08    7.36816e-27    8.77426e-07    
3.31155e-06    43712.4        43.3355        6.6125e+15     4.14594e-07    0.00254503     5.22229e-06    7.23138e-18    5.48203e-08    7.23138e-27    8.77426e-07    
3.31255e-06    43714          43.3382        6.63051e+15    4.14618e-07    0.00254503     5.22229e-06    7.09714e-18    5.48203e-08    7.09714e-27    8.77426e-07    
3.31355e-06    43715.6        43.3409        6.64854e+15    4.14618e-07    0.00254503     5.22229e-06    6.9654e-18     5.48203e-08    6.9654e-27     8.77426e-07    
3.31455e-06    43717.2        43.3436        6.6666e+15     4.14642e-07    0.00254503     5.22229e-06    6.8361e-18     5.48203e-08    6.8361e-27     8.77426e-07    
3.31555e-06    43718.8        43.3463        6.68468e+15    4.14833e-07    0.00254503     5.22229e-06    6.7092e-18     5.48203e-08    6.7092e-27     8.77426e-07    
3.31655e-06    43720.3        43.3491        6.70278e+15    4.14833e-07    0.00254503     5.22229e-06    6.58466e-18    5.48203e-08    6.58466e-27    8.77426e-07    
3.31755e-06    43721.9        43.3518        6.72092e+15    4.14857e-07    0.00254503     5.22229e-06    6.46243e-18    5.48203e-08    6.46243e-27    8.77426e-07    
3.31855e-06    43723.5        43.3545        6.73907e+15    4.14881e-07    0.00254503     5.22229e-06    6.34248e-18    5.48203e-08    6.34248e-27    8.77426e-07    
3.31955e-06    43725.1        43.3571        6.75726e+15    4.14996e-07    0.00256456     5.22229e-06    6.22475e-18    5.48203e-08    6.22475e-27    8.77426e-07    
3.32055e-06    43726.7        43.3598        6.77546e+15    4.14996e-07    0.00256456     5.22229e-06    6.10921e-18    5.48203e-08    6.10921e-27    8.77426e-07    
3.32155e-06    43728.2        43.3625        6.7937e+15     4.15377e-07    0.00256456     5.2284e-06     5.99581e-18    5.48203e-08    5.99581e-27    8.77426e-07    
3.32255e-06    43729.8        43.3652        6.81195e+15    4.15473e-07    0.00256456     5.2345e-06     5.88453e-18    5.48203e-08    5.88453e-27    8.77426e-07    
3.32355e-06    43731.4        43.3679        6.83024e+15    4.15497e-07    0.00256456     5.2345e-06     5.77531e-18    5.48203e-08    5.77531e-27    8.77426e-07    
3.32455e-06    43733          43.3706        6.84854e+15    4.15521e-07    0.00256456     5.2345e-06     5.69052e-18    5.48203e-08    5.69052e-27    8.77426e-07    
3.32555e-06    43734.5        43.3732        6.86688e+15    4.15521e-07    0.00256456     5.2345e-06     5.58491e-18    5.48203e-08    5.58491e-27    8.77426e-07    
3.32655e-06    43736.1        43.3759        6.88524e+15    4.15521e-07    0.00256456     5.2345e-06     5.48126e-18    5.48203e-08    5.48126e-27    8.77426e-07    
3.32755e-06    43737.6        43.3786        6.90362e+15    4.15521e-07    0.00256456     5.2345e-06     5.37953e-18    5.48203e-08    5.37953e-27    8.77426e-07    
3.32855e-06    43739.2        43.3812        6.92203e+15    4.15997e-07    0.00256456     5.2345e-06     5.27969e-18    5.48203e-08    5.27969e-27    8.77426e-07    
3.32955e-06    43740.8        43.3839        6.94046e+15    4.15997e-07    0.00256456     5.2345e-06     5.18171e-18    5.48203e-08    5.18171e-27    8.77426e-07    
3.33055e-06    43742.3        43.3866        6.95892e+15    4.15997e-07    0.00256456     5.2345e-06     5.08554e-18    5.48203e-08    5.08554e-27    8.77426e-07    
3.33155e-06    43743.9        43.3892        6.9774e+15     4.16021e-07    0.00256456     5.2345e-06     4.99116e-18    5.48203e-08    4.99116e-27    8.77426e-07    
3.33255e-06    43745.4        43.3919        6.99591e+15    4.16021e-07    0.00256456     5.2345e-06     4.89854e-18    5.48203e-08    4.89854e-27    8.77426e-07    
3.33355e-06    43747          43.3945        7.01444e+15    4.16021e-07    0.00256456     5.2345e-06     4.80763e-18    5.48203e-08    4.80763e-27    8.77426e-07    
3.33455e-06    43748.5        43.3971        7.03299e+15    4.16117e-07    0.00256456     5.2345e-06     4.7184e-18     5.48203e-08    4.7184e-27     8.77426e-07    
3.33555e-06    43750.1        43.3998        7.05157e+15    4.16117e-07    0.00256456     5.2345e-06     4.63083e-18    5.48203e-08    4.63083e-27    8.77426e-07    
3.33655e-06    43751.6        43.4024        7.07018e+15    4.16164e-07    0.00256456     5.2345e-06     4.54489e-18    5.48203e-08    4.54489e-27    8.77426e-07    
3.33755e-06    43753.2        43.405         7.08881e+15    4.16164e-07    0.00256456     5.2345e-06     4.46062e-18    5.48203e-08    4.46062e-27    8.77426e-07    
3.33855e-06    43754.7        43.4077        7.10746e+15    4.16164e-07    0.00256456     5.2345e-06     4.37783e-18    5.48203e-08    4.37783e-27    8.77426e-07    
3.33955e-06    43756.2        43.4103        7.12614e+15    4.16546e-07    0.00256456     5.2345e-06     4.29657e-18    5.48203e-08    4.29657e-27    8.77426e-07    
3.34055e-06    43757.8        43.4129        7.14485e+15    4.16927e-07    0.00256456     5.2345e-06     4.21682e-18    5.48203e-08    4.21682e-27    8.77426e-07    
3.34155e-06    43759.3        43.4155        7.16357e+15    4.16927e-07    0.00256456     5.2345e-06     4.13855e-18    5.48203e-08    4.13855e-27    8.77426e-07    
3.34255e-06    43760.9        43.4182        7.18232e+15    4.16927e-07    0.00256456     5.2345e-06     4.06173e-18    5.48203e-08    4.06173e-27    8.77426e-07    
3.34355e-06    43762.4        43.4208        7.2011e+15     4.16951e-07    0.00256456     5.2345e-06     3.98633e-18    5.48203e-08    3.98633e-27    8.77426e-07    
3.34455e-06    43763.9        43.4234        7.2199e+15     4.16951e-07    0.00256456     5.2345e-06     3.91233e-18    5.48203e-08    3.91233e-27    8.77426e-07    
3.34555e-06    43765.4        43.426         7.23872e+15    4.16951e-07    0.00256456     5.2345e-06     3.84142e-18    5.48203e-08    3.84142e-27    8.77426e-07    
3.34655e-06    43767          43.4286        7.25757e+15    4.16951e-07    0.00256456     5.2345e-06     3.77011e-18    5.48203e-08    3.77011e-27    8.77426e-07    
3.34755e-06    43768.5        43.4312        7.27644e+15    4.16951e-07    0.00256456     5.2406e-06     3.70012e-18    5.48203e-08    3.70012e-27    8.77426e-07    
3.34855e-06    43770          43.4338        7.29534e+15    4.16951e-07    0.00256456     5.2406e-06     3.63143e-18    5.48203e-08    3.63143e-27    8.77426e-07    
3.34955e-06    43771.5        43.4364        7.31426e+15    4.17428e-07    0.00256456     5.2406e-06     3.56401e-18    5.48203e-08    3.56401e-27    8.77426e-07    
3.35055e-06    43773          43.4389        7.3332e+15     4.17833e-07    0.00256456     5.2406e-06     3.49784e-18    5.48203e-08    3.49784e-27    8.77426e-07    
3.35155e-06    43774.6        43.4415        7.35217e+15    4.17833e-07    0.00256456     5.2406e-06     3.4329e-18     5.48203e-08    3.4329e-27     8.77426e-07    
3.35255e-06    43776.1        43.4441        7.37116e+15    4.17833e-07    0.00256456     5.2406e-06     3.36916e-18    5.48203e-08    3.36916e-27    8.77426e-07    
3.35355e-06    43777.6        43.4467        7.39018e+15    4.17929e-07    0.00256456     5.2406e-06     3.3066e-18     5.48203e-08    3.3066e-27     8.77426e-07    
3.35455e-06    43779.1        43.4493        7.40922e+15    4.17952e-07    0.00256456     5.2406e-06     3.2452e-18     5.48203e-08    3.2452e-27     8.77426e-07    
3.35555e-06    43780.6        43.4518        7.42828e+15    4.18334e-07    0.00256456     5.2406e-06     3.18494e-18    5.48203e-08    3.18494e-27    8.77426e-07    
3.35655e-06    43782.1        43.4544        7.44737e+15    4.18334e-07    0.00256456     5.26502e-06    3.12579e-18    5.48203e-08    3.12579e-27    8.77426e-07    
3.35755e-06    43783.6        43.457         7.46648e+15    4.18334e-07    0.00256456     5.26502e-06    3.06775e-18    5.48203e-08    3.06775e-27    8.77426e-07    
3.35855e-06    43785.1        43.4595        7.48561e+15    4.18432e-07    0.0025841      5.26502e-06    3.01077e-18    5.48203e-08    3.01077e-27    8.77426e-07    
3.35955e-06    43786.6        43.4621        7.50477e+15    4.18432e-07    0.0025841      5.26502e-06    2.95486e-18    5.48203e-08    2.95486e-27    8.77426e-07    
3.36055e-06    43788.1        43.4646        7.52395e+15    4.18432e-07    0.0025841      5.26502e-06    2.89998e-18    5.48203e-08    2.89998e-27    8.77426e-07    
3.36155e-06    43789.6        43.4672        7.54315e+15    4.18432e-07    0.0025841      5.26502e-06    2.84611e-18    5.48203e-08    2.84611e-27    8.77426e-07    
3.36255e-06    43791.1        43.4697        7.56238e+15    4.18455e-07    0.0025841      5.26502e-06    2.79325e-18    5.48203e-08    2.79325e-27    8.77426e-07    
3.36355e-06    43792.6        43.4723        7.58163e+15    4.18455e-07    0.0025841      5.26502e-06    2.74136e-18    5.48203e-08    2.74136e-27    8.77426e-07    
3.36455e-06    43794.1        43.4748        7.6009e+15     4.18455e-07    0.0025841      5.26502e-06    2.69043e-18    5.48203e-08    2.69043e-27    8.77426e-07    
3.36555e-06    43795.5        43.4773        7.6202e+15     4.18455e-07    0.0025841      5.27112e-06    2.64045e-18    5.48203e-08    2.64045e-27    8.77426e-07    
3.36655e-06    43797          43.4799        7.63952e+15    4.18479e-07    0.0025841      5.27112e-06    2.5914e-18     5.48203e-08    2.5914e-27     8.77426e-07    
3.36755e-06    43798.5        43.4824        7.65886e+15    4.18479e-07    0.0025841      5.27112e-06    2.54325e-18    5.48203e-08    2.54325e-27    8.77426e-07    
3.36855e-06    43800          43.4849        7.67823e+15    4.18479e-07    0.0025841      5.27112e-06    2.496e-18      5.48203e-08    2.496e-27      8.77426e-07    
3.36955e-06    43801.5        43.4874        7.69762e+15    4.18479e-07    0.0025841      5.27112e-06    2.44962e-18    5.48203e-08    2.44962e-27    8.77426e-07    
3.37055e-06    43802.9        43.49          7.71703e+15    4.18479e-07    0.0025841      5.27112e-06    2.4041e-18     5.48203e-08    2.4041e-27     8.77426e-07    
3.37155e-06    43804.4        43.4925        7.73646e+15    4.18479e-07    0.0025841      5.27112e-06    2.35943e-18    5.48203e-08    2.35943e-27    8.77426e-07    
3.37255e-06    43805.9        43.495         7.75592e+15    4.18479e-07    0.0025841      5.27112e-06    2.31558e-18    5.48203e-08    2.31558e-27    8.77426e-07    
3.37355e-06    43807.4        43.4975        7.7754e+15     4.18479e-07    0.0025841      5.27112e-06    2.27255e-18    5.48203e-08    2.27255e-27    8.77426e-07    
3.37455e-06    43808.8        43.5           7.7949e+15     4.18479e-07    0.0025841      5.27112e-06    2.23031e-18    5.48203e-08    2.23031e-27    8.77426e-07    
3.37555e-06    43810.3        43.5025        7.81441e+15    4.18503e-07    0.0025841      5.27112e-06    2.18886e-18    5.48203e-08    2.18886e-27    8.77426e-07    
3.37655e-06    43811.8        43.505         7.83394e+15    4.18503e-07    0.0025841      5.27112e-06    2.14817e-18    5.48203e-08    2.14817e-27    8.77426e-07    
3.37755e-06    43813.2        43.5075        7.85349e+15    4.18527e-07    0.0025841      5.27112e-06    2.10824e-18    5.48203e-08    2.10824e-27    8.77426e-07    
3.37855e-06    43814.7        43.51          7.87306e+15    4.18622e-07    0.0025841      5.27112e-06    2.06905e-18    5.48203e-08    2.06905e-27    8.77426e-07    
3.37955e-06    43816.1        43.5125        7.89265e+15    4.18718e-07    0.0025841      5.27112e-06    2.03058e-18    5.48203e-08    2.03058e-27    8.77426e-07    
3.38055e-06    43817.6        43.5149        7.91227e+15    4.18718e-07    0.0025841      5.27722e-06    1.99283e-18    5.48203e-08    1.99283e-27    8.77426e-07    
3.38155e-06    43819          43.5174        7.93191e+15    4.18813e-07    0.0025841      5.27722e-06    1.95578e-18    5.48203e-08    1.95578e-27    8.77426e-07    
3.38255e-06    43820.5        43.5199        7.95157e+15    4.18908e-07    0.0025841      5.27722e-06    1.91941e-18    5.48203e-08    1.91941e-27    8.77426e-07    
3.38355e-06    43822          43.5224        7.97125e+15    4.19004e-07    0.0025841      5.27722e-06    1.88372e-18    5.48203e-08    1.88372e-27    8.77426e-07    
3.38455e-06    43823.4        43.5248        7.99096e+15    4.19004e-07    0.0025841      5.27722e-06    1.85352e-18    5.48203e-08    1.85352e-27    8.77426e-07    
3.38555e-06    43824.8        43.5273        8.01069e+15    4.19004e-07    0.0025841      5.27722e-06    1.81914e-18    5.48203e-08    1.81914e-27    8.77426e-07    
3.38655e-06    43826.3        43.5298        8.03044e+15    4.19099e-07    0.0025841      5.27722e-06    1.78531e-18    5.48203e-08    1.78531e-27    8.77426e-07    
3.38755e-06    43827.7        43.5322        8.05021e+15    4.19099e-07    0.0025841      5.27722e-06    1.75211e-18    5.48203e-08    1.75211e-27    8.77426e-07    
3.38855e-06    43829.2        43.5347        8.07e+15       4.19099e-07    0.0025841      5.278e-06      1.71952e-18    5.48203e-08    1.71952e-27    8.77426e-07    
3.38955e-06    43830.6        43.5371        8.08981e+15    4.19194e-07    0.0025841      5.278e-06      1.68753e-18    5.48203e-08    1.68753e-27    8.77426e-07    
3.39055e-06    43832.1        43.5396        8.10966e+15    4.19194e-07    0.0025841      5.278e-06      1.65614e-18    5.48203e-08    1.65614e-27    8.77426e-07    
3.39155e-06    43833.5        43.542         8.12951e+15    4.19218e-07    0.0025841      5.278e-06      1.62533e-18    5.48203e-08    1.62533e-27    8.77426e-07    
3.39255e-06    43834.9        43.5445        8.14938e+15    4.19218e-07    0.0025841      5.278e-06      1.59509e-18    5.48203e-08    1.59509e-27    8.77426e-07    
3.39355e-06    43836.3        43.5469        8.16927e+15    4.19218e-07    0.0025841      5.28411e-06    1.56542e-18    5.48203e-08    1.56542e-27    8.77426e-07    
3.39455e-06    43837.8        43.5493        8.18919e+15    4.19218e-07    0.0025841      5.28411e-06    1.53629e-18    5.48203e-08    1.53629e-27    8.77426e-07    
3.39555e-06    43839.2        43.5518        8.20912e+15    4.19218e-07    0.0025841      5.28411e-06    1.5077e-18     5.48203e-08    1.5077e-27     8.77426e-07    
3.39655e-06    43840.6        43.5542        8.22908e+15    4.19314e-07    0.0025841      5.28411e-06    1.47964e-18    5.48203e-08    1.47964e-27    8.77426e-07    
3.39755e-06    43842.1        43.5566        8.24906e+15    4.1979e-07     0.0025841      5.28411e-06    1.45211e-18    5.48203e-08    1.45211e-27    8.77426e-07    
3.39855e-06    43843.5        43.5591        8.26906e+15    4.1979e-07     0.0025841      5.28411e-06    1.42508e-18    5.48203e-08    1.42508e-27    8.77426e-07    
3.39955e-06    43844.9        43.5615        8.28908e+15    4.1979e-07     0.0025841      5.28411e-06    1.39856e-18    5.48203e-08    1.39856e-27    8.77426e-07    
3.40055e-06    43846.3        43.5639        8.30912e+15    4.1979e-07     0.0025841      5.28411e-06    1.37253e-18    5.48203e-08    1.37253e-27    8.77426e-07    
3.40155e-06    43847.7        43.5663        8.32918e+15    4.1979e-07     0.0025841      5.28411e-06    1.34698e-18    5.48203e-08    1.34698e-27    8.77426e-07    
3.40255e-06    43849.1        43.5687        8.34927e+15    4.19886e-07    0.0025841      5.28411e-06    1.3219e-18     5.48203e-08    1.3219e-27     8.77426e-07    
3.40355e-06    43850.6        43.5711        8.36937e+15    4.19886e-07    0.0025841      5.28411e-06    1.29729e-18    5.48203e-08    1.29729e-27    8.77426e-07    
3.40455e-06    43852          43.5735        8.3895e+15     4.19886e-07    0.0025841      5.28411e-06    1.27314e-18    5.48203e-08    1.27314e-27    8.77426e-07    
3.40555e-06    43853.4        43.5759        8.40965e+15    4.20291e-07    0.0025841      5.29021e-06    1.24943e-18    5.48203e-08    1.24943e-27    8.77426e-07    
3.40655e-06    43854.8        43.5783        8.42982e+15    4.20291e-07    0.0025841      5.29021e-06    1.22617e-18    5.48203e-08    1.22617e-27    8.77426e-07    
3.40755e-06    43856.2        43.5807        8.45001e+15    4.20291e-07    0.0025841      5.29021e-06    1.20333e-18    5.48203e-08    1.20333e-27    8.77426e-07    
3.40855e-06    43857.6        43.5831        8.47022e+15    4.20291e-07    0.0025841      5.29021e-06    1.18092e-18    5.48203e-08    1.18092e-27    8.77426e-07    
3.40955e-06    43859          43.5855        8.49045e+15    4.20339e-07    0.0025841      5.29021e-06    1.15893e-18    5.48203e-08    1.15893e-27    8.77426e-07    
3.41055e-06    43860.4        43.5879        8.5107e+15     4.20339e-07    0.0025841      5.29021e-06    1.13735e-18    5.48203e-08    1.13735e-27    8.77426e-07    
3.41155e-06    43861.8        43.5902        8.53097e+15    4.2072e-07     0.0025841      5.29021e-06    1.11616e-18    5.48203e-08    1.11616e-27    8.77426e-07    
3.41255e-06    43863.2        43.5926        8.55124e+15    4.2072e-07     0.0025841      5.29021e-06    1.09537e-18    5.48203e-08    1.09537e-27    8.77426e-07    
3.41355e-06    43864.6        43.595         8.57154e+15    4.2072e-07     0.0025841      5.29021e-06    1.07497e-18    5.48203e-08    1.07497e-27    8.77426e-07    
3.41455e-06    43865.9        43.5973        8.59186e+15    4.2072e-07     0.0025841      5.29021e-06    1.05494e-18    5.48203e-08    1.05494e-27    8.77426e-07    
3.41555e-06    43867.3        43.5997        8.6122e+15     4.2072e-07     0.0025841      5.29021e-06    1.03529e-18    5.48203e-08    1.03529e-27    8.77426e-07    
3.41655e-06    43868.7        43.6021        8.63255e+15    4.2072e-07     0.0025841      5.29021e-06    1.016e-18      5.48203e-08    1.016e-27      8.77426e-07    
3.41755e-06    43870.1        43.6044        8.65293e+15    4.2072e-07     0.0025841      5.29021e-06    9.97074e-19    5.48203e-08    9.97074e-28    8.77426e-07    
3.41855e-06    43871.5        43.6068        8.67333e+15    4.2072e-07     0.0025841      5.31463e-06    9.78496e-19    5.48203e-08    9.78496e-28    8.77426e-07    
3.41955e-06    43872.9        43.6091        8.69375e+15    4.21102e-07    0.0025841      5.31463e-06    9.60264e-19    5.48203e-08    9.60264e-28    8.77426e-07    
3.42055e-06    43874.3        43.6115        8.71418e+15    4.21126e-07    0.0025841      5.31463e-06    9.42371e-19    5.48203e-08    9.4237e-28     8.77426e-07    
3.42155e-06    43875.6        43.6138        8.73464e+15    4.21602e-07    0.0025841      5.31463e-06    9.2481e-19     5.48203e-08    9.2481e-28     8.77426e-07    
3.42255e-06    43877          43.6162        8.75512e+15    4.21602e-07    0.0025841      5.31463e-06    9.07576e-19    5.48203e-08    9.07575e-28    8.77426e-07    
3.42355e-06    43878.4        43.6185        8.77561e+15    4.22079e-07    0.0025841      5.31463e-06    8.90662e-19    5.48203e-08    8.90661e-28    8.77426e-07    
3.42455e-06    43879.7        43.6208        8.79613e+15    4.22079e-07    0.0025841      5.31463e-06    8.74062e-19    5.48203e-08    8.74062e-28    8.77426e-07    
3.42555e-06    43881.1        43.6232        8.81666e+15    4.22461e-07    0.0025841      5.31463e-06    8.57771e-19    5.48203e-08    8.57771e-28    8.77426e-07    
3.42655e-06    43882.5        43.6255        8.83722e+15    4.22461e-07    0.0025841      5.31463e-06    8.41783e-19    5.48203e-08    8.41783e-28    8.77426e-07    
3.42755e-06    43883.8        43.6278        8.85779e+15    4.22461e-07    0.0025841      5.31463e-06    8.26092e-19    5.48203e-08    8.26092e-28    8.77426e-07    
3.42855e-06    43885.2        43.6302        8.87838e+15    4.22461e-07    0.0025841      5.31463e-06    8.10693e-19    5.48203e-08    8.10693e-28    8.77426e-07    
3.42955e-06    43886.6        43.6325        8.899e+15      4.22461e-07    0.0025841      5.31463e-06    7.95581e-19    5.48203e-08    7.95581e-28    8.77426e-07    
3.43055e-06    43887.9        43.6348        8.91963e+15    4.22461e-07    0.0025841      5.31463e-06    7.80749e-19    5.48203e-08    7.80749e-28    8.77426e-07    
3.43155e-06    43889.3        43.6371        8.94028e+15    4.22485e-07    0.0025841      5.31463e-06    7.66194e-19    5.48203e-08    7.66194e-28    8.77426e-07    
3.43255e-06    43890.6        43.6394        8.96095e+15    4.22485e-07    0.0025841      5.31463e-06    7.51909e-19    5.48203e-08    7.51909e-28    8.77426e-07    
3.43355e-06    43892          43.6417        8.98164e+15    4.22485e-07    0.0025841      5.31463e-06    7.3789e-19     5.48203e-08    7.3789e-28     8.77426e-07    
3.43455e-06    43893.4        43.644         9.00234e+15    4.22961e-07    0.0025841      5.31463e-06    7.24131e-19    5.48203e-08    7.24131e-28    8.77426e-07    
3.43555e-06    43894.7        43.6463        9.02307e+15    4.22961e-07    0.0025841      5.31463e-06    7.10629e-19    5.48203e-08    7.10629e-28    8.77426e-07    
3.43655e-06    43896.1        43.6486        9.04381e+15    4.22961e-07    0.0025841      5.31463e-06    6.97378e-19    5.48203e-08    6.97378e-28    8.77426e-07    
3.43755e-06    43897.4        43.6509        9.06458e+15    4.22961e-07    0.0025841      5.31463e-06    6.84373e-19    5.48203e-08    6.84373e-28    8.77426e-07    
3.43855e-06    43898.7        43.6532        9.08536e+15    4.23009e-07    0.0025841      5.31463e-06    6.7161e-19     5.48203e-08    6.7161e-28     8.77426e-07    
3.43955e-06    43900.1        43.6555        9.10616e+15    4.23009e-07    0.0025841      5.31463e-06    6.59084e-19    5.48203e-08    6.59084e-28    8.77426e-07    
3.44055e-06    43901.4        43.6578        9.12698e+15    4.23009e-07    0.0025841      5.31463e-06    6.46792e-19    5.48203e-08    6.46792e-28    8.77426e-07    
3.44155e-06    43902.8        43.66          9.14782e+15    4.23033e-07    0.0025841      5.31463e-06    6.34853e-19    5.48203e-08    6.34853e-28    8.77426e-07    
3.44255e-06    43904.1        43.6623        9.16867e+15    4.23033e-07    0.0025841      5.31463e-06    6.23011e-19    5.48203e-08    6.23011e-28    8.77426e-07    
3.44355e-06    43905.4        43.6646        9.18955e+15    4.23033e-07    0.0025841      5.31463e-06    6.11389e-19    5.48203e-08    6.11389e-28    8.77426e-07    
3.44455e-06    43906.8        43.6669        9.21044e+15    4.23128e-07    0.0025841      5.31463e-06    6.02451e-19    5.48203e-08    6.02451e-28    8.77426e-07    
3.44555e-06    43908.1        43.6691        9.23135e+15    4.2351e-07     0.0025841      5.31463e-06    5.91212e-19    5.48203e-08    5.91212e-28    8.77426e-07    
3.44655e-06    43909.4        43.6714        9.25228e+15    4.2351e-07     0.0025841      5.31463e-06    5.80182e-19    5.48203e-08    5.80182e-28    8.77426e-07    
3.44755e-06    43910.8        43.6737        9.27323e+15    4.2351e-07     0.0025841      5.31463e-06    5.69357e-19    5.48203e-08    5.69357e-28    8.77426e-07    
3.44855e-06    43912.1        43.6759        9.29419e+15    4.23987e-07    0.0025841      5.31463e-06    5.58733e-19    5.48203e-08    5.58733e-28    8.77426e-07    
3.44955e-06    43913.4        43.6782        9.31517e+15    4.23987e-07    0.0025841      5.31463e-06    5.48308e-19    5.48203e-08    5.48308e-28    8.77426e-07    
3.45055e-06    43914.7        43.6804        9.33617e+15    4.23987e-07    0.0025841      5.31463e-06    5.38076e-19    5.48203e-08    5.38076e-28    8.77426e-07    
3.45155e-06    43916.1        43.6827        9.3572e+15     4.23987e-07    0.0025841      5.31463e-06    5.28035e-19    5.48203e-08    5.28035e-28    8.77426e-07    
3.45255e-06    43917.4        43.6849        9.37824e+15    4.24011e-07    0.0025841      5.31463e-06    5.1818e-19     5.48203e-08    5.1818e-28     8.77426e-07    
3.45355e-06    43918.7        43.6872        9.39929e+15    4.24011e-07    0.0025841      5.31463e-06    5.08509e-19    5.48203e-08    5.08509e-28    8.77426e-07    
3.45455e-06    43920          43.6894        9.42037e+15    4.24011e-07    0.0025841      5.31463e-06    4.99018e-19    5.48203e-08    4.99018e-28    8.77426e-07    
3.45555e-06    43921.3        43.6916        9.44146e+15    4.24034e-07    0.0025841      5.32073e-06    4.89704e-19    5.48203e-08    4.89704e-28    8.77426e-07    
3.45655e-06    43922.6        43.6939        9.46257e+15    4.24034e-07    0.0025841      5.32073e-06    4.80564e-19    5.48203e-08    4.80564e-28    8.77426e-07    
3.45755e-06    43923.9        43.6961        9.4837e+15     4.24034e-07    0.0025841      5.32683e-06    4.71593e-19    5.48203e-08    4.71593e-28    8.77426e-07    
3.45855e-06    43925.2        43.6983        9.50484e+15    4.24034e-07    0.0025841      5.32683e-06    4.62789e-19    5.48203e-08    4.62789e-28    8.77426e-07    
3.45955e-06    43926.6        43.7006        9.52601e+15    4.2413e-07     0.0025841      5.32683e-06    4.5415e-19     5.48203e-08    4.5415e-28     8.77426e-07    
3.46055e-06    43927.9        43.7028        9.54719e+15    4.2413e-07     0.0025841      5.32683e-06    4.45671e-19    5.48203e-08    4.45671e-28    8.77426e-07    
3.46155e-06    43929.2        43.705         9.56838e+15    4.2413e-07     0.0025841      5.32683e-06    4.37351e-19    5.48203e-08    4.37351e-28    8.77426e-07    
3.46255e-06    43930.5        43.7072        9.5896e+15     4.2413e-07     0.0025841      5.32683e-06    4.29185e-19    5.48203e-08    4.29185e-28    8.77426e-07    
3.46355e-06    43931.8        43.7094        9.61083e+15    4.2413e-07     0.0025841      5.32683e-06    4.21171e-19    5.48203e-08    4.21171e-28    8.77426e-07    
3.46455e-06    43933.1        43.7116        9.63207e+15    4.2413e-07     0.0025841      5.32683e-06    4.13307e-19    5.48203e-08    4.13307e-28    8.77426e-07    
3.46555e-06    43934.3        43.7138        9.65334e+15    4.24154e-07    0.0025841      5.32683e-06    4.05589e-19    5.48203e-08    4.05589e-28    8.77426e-07    
3.46655e-06    43935.6        43.716         9.67462e+15    4.24154e-07    0.0025841      5.32683e-06    3.98032e-19    5.48203e-08    3.98032e-28    8.77426e-07    
3.46755e-06    43936.9        43.7182        9.69592e+15    4.24154e-07    0.0025841      5.32683e-06    3.90598e-19    5.48203e-08    3.90598e-28    8.77426e-07    
3.46855e-06    43938.2        43.7204        9.71723e+15    4.24154e-07    0.0025841      5.32683e-06    3.83304e-19    5.48203e-08    3.83303e-28    8.77426e-07    
3.46955e-06    43939.5        43.7226        9.73856e+15    4.24154e-07    0.0025841      5.32683e-06    3.76145e-19    5.48203e-08    3.76145e-28    8.77426e-07    
3.47055e-06    43940.8        43.7248        9.75991e+15    4.24535e-07    0.0025841      5.33294e-06    3.69119e-19    5.48203e-08    3.69119e-28    8.77426e-07    
3.47155e-06    43942.1        43.727         9.7813e+15     4.24535e-07    0.0025841      5.33294e-06    3.62225e-19    5.48203e-08    3.62225e-28    8.77426e-07    
3.47255e-06    43943.4        43.7292        9.80271e+15    4.24535e-07    0.0025841      5.33294e-06    3.55459e-19    5.48203e-08    3.55459e-28    8.77426e-07    
3.47355e-06    43944.6        43.7314        9.82414e+15    4.2463e-07     0.0025841      5.33904e-06    3.48819e-19    5.48203e-08    3.48819e-28    8.77426e-07    
3.47455e-06    43945.9        43.7336        9.84558e+15    4.2463e-07     0.0025841      5.34514e-06    3.42302e-19    5.48203e-08    3.42302e-28    8.77426e-07    
3.47555e-06    43947.2        43.7357        9.86704e+15    4.2463e-07     0.0025841      5.34514e-06    3.35907e-19    5.48203e-08    3.35907e-28    8.77426e-07    
3.47655e-06    43948.5        43.7379        9.88851e+15    4.2463e-07     0.0025841      5.34514e-06    3.29632e-19    5.48203e-08    3.29632e-28    8.77426e-07    
3.47755e-06    43949.7        43.7401        9.90999e+15    4.2463e-07     0.0025841      5.34514e-06    3.23473e-19    5.48203e-08    3.23473e-28    8.77426e-07    
3.47855e-06    43951          43.7422        9.93149e+15    4.24654e-07    0.0025841      5.34514e-06    3.17429e-19    5.48203e-08    3.17429e-28    8.77426e-07    
3.47955e-06    43952.3        43.7444        9.95301e+15    4.2475e-07     0.0025841      5.35125e-06    3.12366e-19    5.48203e-08    3.12366e-28    8.77426e-07    
3.48055e-06    43953.5        43.7466        9.97453e+15    4.2475e-07     0.0025841      5.35125e-06    3.0653e-19     5.48203e-08    3.0653e-28     8.77426e-07    
3.48155e-06    43954.8        43.7487        9.99608e+15    4.24937e-07    0.00260363     5.35125e-06    3.00801e-19    5.48203e-08    3.00801e-28    8.77426e-07    
3.48255e-06    43956.1        43.7509        1.00176e+16    4.25032e-07    0.00260363     5.35125e-06    2.9518e-19     5.48203e-08    2.9518e-28     8.77426e-07    
3.48355e-06    43957.3        43.753         1.00392e+16    4.25032e-07    0.00260363     5.35125e-06    2.89664e-19    5.48203e-08    2.89664e-28    8.77426e-07    
3.48455e-06    43958.6        43.7552        1.00608e+16    4.25032e-07    0.00260363     5.35125e-06    2.8425e-19     5.48203e-08    2.8425e-28     8.77426e-07    
3.48555e-06    43959.9        43.7573        1.00824e+16    4.25032e-07    0.00260363     5.35125e-06    2.78937e-19    5.48203e-08    2.78937e-28    8.77426e-07    
3.48655e-06    43961.1        43.7595        1.0104e+16     4.25032e-07    0.00260363     5.35125e-06    2.74019e-19    5.48203e-08    2.74019e-28    8.77426e-07    
3.48755e-06    43962.4        43.7616        1.01257e+16    4.25032e-07    0.00260363     5.35125e-06    2.68897e-19    5.48203e-08    2.68897e-28    8.77426e-07    
3.48855e-06    43963.6        43.7637        1.01474e+16    4.25032e-07    0.00260363     5.35125e-06    2.6387e-19     5.48203e-08    2.6387e-28     8.77426e-07    
3.48955e-06    43964.9        43.7659        1.0169e+16     4.25437e-07    0.00260363     5.35125e-06    2.58938e-19    5.48203e-08    2.58938e-28    8.77426e-07    
3.49055e-06    43966.1        43.768         1.01907e+16    4.25533e-07    0.00260363     5.35125e-06    2.54097e-19    5.48203e-08    2.54097e-28    8.77426e-07    
3.49155e-06    43967.4        43.7701        1.02124e+16    4.25533e-07    0.00260363     5.35125e-06    2.49347e-19    5.48203e-08    2.49347e-28    8.77426e-07    
3.49255e-06    43968.6        43.7723        1.02341e+16    4.25533e-07    0.00260363     5.35125e-06    2.44686e-19    5.48203e-08    2.44686e-28    8.77426e-07    
3.49355e-06    43969.9        43.7744        1.02559e+16    4.25723e-07    0.00260363     5.35125e-06    2.40111e-19    5.48203e-08    2.40111e-28    8.77426e-07    
3.49455e-06    43971.1        43.7765        1.02776e+16    4.25723e-07    0.00260363     5.36345e-06    2.35622e-19    5.48203e-08    2.35622e-28    8.77426e-07    
3.49555e-06    43972.3        43.7786        1.02994e+16    4.26105e-07    0.00260363     5.36345e-06    2.31216e-19    5.48203e-08    2.31216e-28    8.77426e-07    
3.49655e-06    43973.6        43.7807        1.03212e+16    4.262e-07      0.00260363     5.36345e-06    2.26893e-19    5.48203e-08    2.26893e-28    8.77426e-07    
3.49755e-06    43974.8        43.7828        1.0343e+16     4.262e-07      0.00260363     5.36345e-06    2.22651e-19    5.48203e-08    2.22651e-28    8.77426e-07    
3.49855e-06    43976          43.7849        1.03648e+16    4.262e-07      0.00260363     5.36345e-06    2.18487e-19    5.48203e-08    2.18487e-28    8.77426e-07    
3.49955e-06    43977.3        43.787         1.03866e+16    4.262e-07      0.00260363     5.36345e-06    2.14402e-19    5.48203e-08    2.14402e-28    8.77426e-07    
3.50055e-06    43978.5        43.7891        1.04084e+16    4.262e-07      0.00260363     5.36345e-06    2.10393e-19    5.48203e-08    2.10393e-28    8.77426e-07    
3.50155e-06    43979.7        43.7912        1.04303e+16    4.262e-07      0.00260363     5.36345e-06    2.06458e-19    5.48203e-08    2.06458e-28    8.77426e-07    
3.50255e-06    43981          43.7933        1.04521e+16    4.262e-07      0.00260363     5.36345e-06    2.02597e-19    5.48203e-08    2.02597e-28    8.77426e-07    
3.50355e-06    43982.2        43.7954        1.0474e+16     4.262e-07      0.00260363     5.36345e-06    1.98808e-19    5.48203e-08    1.98808e-28    8.77426e-07    
3.50455e-06    43983.4        43.7975        1.04959e+16    4.262e-07      0.00260363     5.36345e-06    1.9509e-19     5.48203e-08    1.9509e-28     8.77426e-07    
3.50555e-06    43984.6        43.7996        1.05178e+16    4.262e-07      0.00260363     5.36956e-06    1.91441e-19    5.48203e-08    1.91441e-28    8.77426e-07    
3.50655e-06    43985.9        43.8017        1.05397e+16    4.26248e-07    0.00260363     5.36956e-06    1.87861e-19    5.48203e-08    1.87861e-28    8.77426e-07    
3.50755e-06    43987.1        43.8038        1.05617e+16    4.26248e-07    0.00260363     5.36956e-06    1.84347e-19    5.48203e-08    1.84347e-28    8.77426e-07    
3.50855e-06    43988.3        43.8058        1.05836e+16    4.26629e-07    0.00260363     5.36956e-06    1.80899e-19    5.48203e-08    1.80899e-28    8.77426e-07    
3.50955e-06    43989.5        43.8079        1.06056e+16    4.26629e-07    0.00260363     5.36956e-06    1.77515e-19    5.48203e-08    1.77515e-28    8.77426e-07    
3.51055e-06    43990.7        43.81          1.06276e+16    4.27011e-07    0.00260363     5.36956e-06    1.74194e-19    5.48203e-08    1.74194e-28    8.77426e-07    
3.51155e-06    43991.9        43.812         1.06495e+16    4.27011e-07    0.00260363     5.36956e-06    1.70936e-19    5.48203e-08    1.70936e-28    8.77426e-07    
3.51255e-06    43993.1        43.8141        1.06715e+16    4.27011e-07    0.00260363     5.36956e-06    1.67738e-19    5.48203e-08    1.67738e-28    8.77426e-07    
3.51355e-06    43994.4        43.8162        1.06936e+16    4.27011e-07    0.00260363     5.36956e-06    1.646e-19      5.48203e-08    1.646e-28      8.77426e-07    
3.51455e-06    43995.6        43.8182        1.07156e+16    4.27011e-07    0.00260363     5.36956e-06    1.6152e-19     5.48203e-08    1.6152e-28     8.77426e-07    
3.51555e-06    43996.8        43.8203        1.07376e+16    4.27011e-07    0.00260363     5.36956e-06    1.58498e-19    5.48203e-08    1.58498e-28    8.77426e-07    
3.51655e-06    43998          43.8223        1.07597e+16    4.27392e-07    0.00260363     5.37566e-06    1.55533e-19    5.48203e-08    1.55533e-28    8.77426e-07    
3.51755e-06    43999.2        43.8244        1.07818e+16    4.27392e-07    0.00260363     5.37566e-06    1.52623e-19    5.48203e-08    1.52623e-28    8.77426e-07    
3.51855e-06    44000.4        43.8264        1.08039e+16    4.27392e-07    0.00260363     5.37566e-06    1.49767e-19    5.48203e-08    1.49767e-28    8.77426e-07    
3.51955e-06    44001.6        43.8285        1.0826e+16     4.27392e-07    0.00260363     5.37566e-06    1.46964e-19    5.48203e-08    1.46964e-28    8.77426e-07    
3.52055e-06    44002.8        43.8305        1.08481e+16    4.27416e-07    0.00260363     5.37566e-06    1.44214e-19    5.48203e-08    1.44214e-28    8.77426e-07    
3.52155e-06    44004          43.8326        1.08702e+16    4.27416e-07    0.00260363     5.37566e-06    1.41516e-19    5.48203e-08    1.41516e-28    8.77426e-07    
3.52255e-06    44005.1        43.8346        1.08923e+16    4.27798e-07    0.00260363     5.37566e-06    1.38867e-19    5.48203e-08    1.38867e-28    8.77426e-07    
3.52355e-06    44006.3        43.8366        1.09145e+16    4.27798e-07    0.00260363     5.37566e-06    1.36268e-19    5.48203e-08    1.36268e-28    8.77426e-07    
3.52455e-06    44007.5        43.8387        1.09367e+16    4.27917e-07    0.00260363     5.38176e-06    1.33718e-19    5.48203e-08    1.33718e-28    8.77426e-07    
3.52555e-06    44008.7        43.8407        1.09588e+16    4.27917e-07    0.00260363     5.38176e-06    1.31215e-19    5.48203e-08    1.31215e-28    8.77426e-07    
3.52655e-06    44009.9        43.8427        1.0981e+16     4.27917e-07    0.00260363     5.38176e-06    1.28759e-19    5.48203e-08    1.28759e-28    8.77426e-07    
3.52755e-06    44011.1        43.8447        1.10032e+16    4.27917e-07    0.00260363     5.38176e-06    1.26349e-19    5.48203e-08    1.26349e-28    8.77426e-07    
3.52855e-06    44012.3        43.8467        1.10254e+16    4.27917e-07    0.00260363     5.38176e-06    1.23984e-19    5.48203e-08    1.23984e-28    8.77426e-07    
3.52955e-06    44013.4        43.8488        1.10477e+16    4.27917e-07    0.00260363     5.38176e-06    1.21664e-19    5.48203e-08    1.21664e-28    8.77426e-07    
3.53055e-06    44014.6        43.8508        1.10699e+16    4.27941e-07    0.00260363     5.38176e-06    1.19386e-19    5.48203e-08    1.19386e-28    8.77426e-07    
3.53155e-06    44015.8        43.8528        1.10922e+16    4.27941e-07    0.00260363     5.38176e-06    1.17151e-19    5.48203e-08    1.17151e-28    8.77426e-07    
3.53255e-06    44017          43.8548        1.11144e+16    4.27941e-07    0.00260363     5.38176e-06    1.14958e-19    5.48203e-08    1.14958e-28    8.77426e-07    
3.53355e-06    44018.1        43.8568        1.11367e+16    4.27941e-07    0.00260363     5.38787e-06    1.12806e-19    5.48203e-08    1.12806e-28    8.77426e-07    
3.53455e-06    44019.3        43.8588        1.1159e+16     4.27941e-07    0.00260363     5.38787e-06    1.10694e-19    5.48203e-08    1.10694e-28    8.77426e-07    
3.53555e-06    44020.5        43.8608        1.11813e+16    4.28322e-07    0.00260363     5.38787e-06    1.08622e-19    5.48203e-08    1.08622e-28    8.77426e-07    
3.53655e-06    44021.7        43.8628        1.12036e+16    4.28322e-07    0.00260363     5.38787e-06    1.06588e-19    5.48203e-08    1.06588e-28    8.77426e-07    
3.53755e-06    44022.8        43.8648        1.1226e+16     4.28322e-07    0.00260363     5.38787e-06    1.04592e-19    5.48203e-08    1.04592e-28    8.77426e-07    
3.53855e-06    44024          43.8667        1.12483e+16    4.28704e-07    0.00260363     5.38787e-06    1.02634e-19    5.48203e-08    1.02634e-28    8.77426e-07    
3.53955e-06    44025.1        43.8687        1.12706e+16    4.28704e-07    0.00260363     5.38787e-06    1.00712e-19    5.48203e-08    1.00712e-28    8.77426e-07    
3.54055e-06    44026.3        43.8707        1.1293e+16     4.28704e-07    0.00260363     5.40007e-06    9.88261e-20    5.48203e-08    9.88261e-29    8.77426e-07    
3.54155e-06    44027.5        43.8727        1.13154e+16    4.28704e-07    0.00260363     5.40618e-06    9.69755e-20    5.48203e-08    9.69755e-29    8.77426e-07    
3.54255e-06    44028.6        43.8747        1.13377e+16    4.28704e-07    0.00260363     5.40618e-06    9.51594e-20    5.48203e-08    9.51594e-29    8.77426e-07    
3.54355e-06    44029.8        43.8766        1.13601e+16    4.29085e-07    0.00260363     5.40618e-06    9.33773e-20    5.48203e-08    9.33773e-29    8.77426e-07    
3.54455e-06    44030.9        43.8786        1.13825e+16    4.29085e-07    0.00260363     5.40618e-06    9.17781e-20    5.48203e-08    9.17781e-29    8.77426e-07    
3.54555e-06    44032.1        43.8806        1.14049e+16    4.29085e-07    0.00260363     5.40618e-06    9.00592e-20    5.48203e-08    9.00592e-29    8.77426e-07    
3.54655e-06    44033.2        43.8825        1.14274e+16    4.29085e-07    0.00260363     5.40618e-06    8.83724e-20    5.48203e-08    8.83724e-29    8.77426e-07    
3.54755e-06    44034.4        43.8845        1.14498e+16    4.29085e-07    0.00260363     5.40618e-06    8.67171e-20    5.48203e-08    8.67171e-29    8.77426e-07    
3.54855e-06    44035.5        43.8865        1.14722e+16    4.2949e-07     0.00260363     5.40618e-06    8.50928e-20    5.48203e-08    8.50928e-29    8.77426e-07    
3.54955e-06    44036.7        43.8884        1.14947e+16    4.2949e-07     0.00260363     5.40618e-06    8.34988e-20    5.48203e-08    8.34988e-29    8.77426e-07    
3.55055e-06    44037.8        43.8904        1.15171e+16    4.2949e-07     0.00260363     5.40618e-06    8.19346e-20    5.48203e-08    8.19346e-29    8.77426e-07    
3.55155e-06    44039          43.8923        1.15396e+16    4.2949e-07     0.00260363     5.40618e-06    8.03997e-20    5.48203e-08    8.03997e-29    8.77426e-07    
3.55255e-06    44040.1        43.8943        1.15621e+16    4.29586e-07    0.00260363     5.40618e-06    7.88934e-20    5.48203e-08    7.88934e-29    8.77426e-07    
3.55355e-06    44041.2        43.8962        1.15846e+16    4.29586e-07    0.00260363     5.40618e-06    7.74153e-20    5.48203e-08    7.74153e-29    8.77426e-07    
3.55455e-06    44042.4        43.8981        1.16071e+16    4.29586e-07    0.00260363     5.41228e-06    7.59649e-20    5.48203e-08    7.59649e-29    8.77426e-07    
3.55555e-06    44043.5        43.9001        1.16296e+16    4.29586e-07    0.00260363     5.41228e-06    7.45415e-20    5.48203e-08    7.45415e-29    8.77426e-07    
3.55655e-06    44044.7        43.902         1.16521e+16    4.29586e-07    0.00260363     5.41228e-06    7.31448e-20    5.48203e-08    7.31448e-29    8.77426e-07    
3.55755e-06    44045.8        43.904         1.16747e+16    4.29586e-07    0.00260363     5.41228e-06    7.18277e-20    5.48203e-08    7.18277e-29    8.77426e-07    
3.55855e-06    44046.9        43.9059        1.16972e+16    4.2961e-07     0.00260363     5.41228e-06    7.04817e-20    5.48203e-08    7.04817e-29    8.77426e-07    
3.55955e-06    44048          43.9078        1.17198e+16    4.2961e-07     0.00260363     5.41228e-06    6.91609e-20    5.48203e-08    6.91609e-29    8.77426e-07    
3.56055e-06    44049.2        43.9097        1.17423e+16    4.2961e-07     0.00260363     5.41228e-06    6.78647e-20    5.48203e-08    6.78647e-29    8.77426e-07    
3.56155e-06    44050.3        43.9117        1.17649e+16    4.2961e-07     0.00260363     5.41228e-06    6.65928e-20    5.48203e-08    6.65928e-29    8.77426e-07    
3.56255e-06    44051.4        43.9136        1.17875e+16    4.2961e-07     0.00260363     5.4367e-06     6.53446e-20    5.48203e-08    6.53446e-29    8.77426e-07    
3.56355e-06    44052.5        43.9155        1.18101e+16    4.2961e-07     0.00260363     5.4367e-06     6.41198e-20    5.48203e-08    6.41198e-29    8.77426e-07    
3.56455e-06    44053.7        43.9174        1.18327e+16    4.2961e-07     0.00260363     5.4367e-06     6.29179e-20    5.48203e-08    6.29179e-29    8.77426e-07    
3.56555e-06    44054.8        43.9193        1.18553e+16    4.2961e-07     0.00260363     5.4428e-06     6.17385e-20    5.48203e-08    6.17385e-29    8.77426e-07    
3.56655e-06    44055.9        43.9212        1.18779e+16    4.2961e-07     0.00260363     5.4428e-06     6.05811e-20    5.48203e-08    6.05811e-29    8.77426e-07    
3.56755e-06    44057          43.9231        1.19005e+16    4.2961e-07     0.00260363     5.4428e-06     5.94454e-20    5.48203e-08    5.94454e-29    8.77426e-07    
3.56855e-06    44058.1        43.925         1.19232e+16    4.2961e-07     0.00260363     5.4428e-06     5.83309e-20    5.48203e-08    5.83309e-29    8.77426e-07    
3.56955e-06    44059.2        43.9269        1.19458e+16    4.2961e-07     0.00260363     5.4428e-06     5.72373e-20    5.48203e-08    5.72373e-29    8.77426e-07    
3.57055e-06    44060.3        43.9288        1.19685e+16    4.2961e-07     0.00260363     5.4428e-06     5.61641e-20    5.48203e-08    5.61641e-29    8.77426e-07    
3.57155e-06    44061.5        43.9307        1.19911e+16    4.2961e-07     0.00260363     5.4428e-06     5.5111e-20     5.48203e-08    5.5111e-29     8.77426e-07    
3.57255e-06    44062.6        43.9326        1.20138e+16    4.2961e-07     0.00260363     5.4428e-06     5.40776e-20    5.48203e-08    5.40776e-29    8.77426e-07    
3.57355e-06    44063.7        43.9345        1.20365e+16    4.2961e-07     0.00260363     5.4428e-06     5.30635e-20    5.48203e-08    5.30635e-29    8.77426e-07    
3.57455e-06    44064.8        43.9364        1.20592e+16    4.2961e-07     0.00260363     5.4428e-06     5.20684e-20    5.48203e-08    5.20684e-29    8.77426e-07    
3.57555e-06    44065.9        43.9382        1.20819e+16    4.29633e-07    0.00260363     5.4428e-06     5.10919e-20    5.48203e-08    5.10919e-29    8.77426e-07    
3.57655e-06    44067          43.9401        1.21046e+16    4.29633e-07    0.00260363     5.4428e-06     5.01337e-20    5.48203e-08    5.01337e-29    8.77426e-07    
3.57755e-06    44068.1        43.942         1.21273e+16    4.29633e-07    0.00260363     5.4428e-06     4.91934e-20    5.48203e-08    4.91934e-29    8.77426e-07    
3.57855e-06    44069.2        43.9439        1.215e+16      4.29657e-07    0.00260363     5.4428e-06     4.82707e-20    5.48203e-08    4.82707e-29    8.77426e-07    
3.57955e-06    44070.3        43.9457        1.21727e+16    4.29657e-07    0.00260363     5.4428e-06     4.73692e-20    5.48203e-08    4.73692e-29    8.77426e-07    
3.58055e-06    44071.4        43.9476        1.21955e+16    4.29776e-07    0.00260363     5.4428e-06     4.64806e-20    5.48203e-08    4.64806e-29    8.77426e-07    
3.58155e-06    44072.4        43.9495        1.22182e+16    4.29776e-07    0.00260363     5.4428e-06     4.56087e-20    5.48203e-08    4.56087e-29    8.77426e-07    
3.58255e-06    44073.5        43.9513        1.2241e+16     4.29872e-07    0.00260363     5.4428e-06     4.47531e-20    5.48203e-08    4.47531e-29    8.77426e-07    
3.58355e-06    44074.6        43.9532        1.22637e+16    4.29872e-07    0.00260363     5.4428e-06     4.39135e-20    5.48203e-08    4.39135e-29    8.77426e-07    
3.58455e-06    44075.7        43.955         1.22865e+16    4.29896e-07    0.00260363     5.4428e-06     4.30896e-20    5.48203e-08    4.30896e-29    8.77426e-07    
3.58555e-06    44076.8        43.9569        1.23093e+16    4.30372e-07    0.00260363     5.4428e-06     4.22814e-20    5.48203e-08    4.22814e-29    8.77426e-07    
3.58655e-06    44077.9        43.9587        1.23321e+16    4.30372e-07    0.00260363     5.4428e-06     4.14881e-20    5.48203e-08    4.14881e-29    8.77426e-07    
3.58755e-06    44079          43.9606        1.23548e+16    4.30372e-07    0.00260363     5.4428e-06     4.07096e-20    5.48203e-08    4.07096e-29    8.77426e-07    
3.58855e-06    44080          43.9624        1.23776e+16    4.30372e-07    0.00260363     5.4428e-06     3.99457e-20    5.48203e-08    3.99457e-29    8.77426e-07    
3.58955e-06    44081.1        43.9643        1.24005e+16    4.30372e-07    0.00260363     5.4428e-06     3.91961e-20    5.48203e-08    3.91961e-29    8.77426e-07    
3.59055e-06    44082.2        43.9661        1.24233e+16    4.30372e-07    0.00260363     5.4428e-06     3.84605e-20    5.48203e-08    3.84605e-29    8.77426e-07    
3.59155e-06    44083.3        43.9679        1.24461e+16    4.30372e-07    0.00260363     5.4428e-06     3.77387e-20    5.48203e-08    3.77387e-29    8.77426e-07    
3.59255e-06    44084.3        43.9698        1.2469e+16     4.30396e-07    0.00260363     5.4428e-06     3.70304e-20    5.48203e-08    3.70304e-29    8.77426e-07    
3.59355e-06    44085.4        43.9716        1.24918e+16    4.3042e-07     0.00260363     5.4428e-06     3.63354e-20    5.48203e-08    3.63354e-29    8.77426e-07    
3.59455e-06    44086.5        43.9734        1.25147e+16    4.3042e-07     0.00260363     5.4428e-06     3.56534e-20    5.48203e-08    3.56533e-29    8.77426e-07    
3.59555e-06    44087.5        43.9753        1.25376e+16    4.30444e-07    0.00260363     5.4428e-06     3.49841e-20    5.48203e-08    3.49841e-29    8.77426e-07    
3.59655e-06    44088.6        43.9771        1.25605e+16    4.30635e-07    0.00260363     5.4428e-06     3.43274e-20    5.48203e-08    3.43274e-29    8.77426e-07    
3.59755e-06    44089.7        43.9789        1.25834e+16    4.30635e-07    0.00260363     5.4428e-06     3.3683e-20     5.48203e-08    3.3683e-29     8.77426e-07    
3.59855e-06    44090.7        43.9807        1.26063e+16    4.30635e-07    0.00260363     5.4428e-06     3.30507e-20    5.48203e-08    3.30507e-29    8.77426e-07    
3.59955e-06    44091.8        43.9825        1.26292e+16    4.30635e-07    0.00260363     5.4428e-06     3.24302e-20    5.48203e-08    3.24302e-29    8.77426e-07    
3.60055e-06    44092.9        43.9844        1.26521e+16    4.30635e-07    0.00260363     5.4428e-06     3.18213e-20    5.48203e-08    3.18213e-29    8.77426e-07    
3.60155e-06    44093.9        43.9862        1.2675e+16     4.30635e-07    0.00260363     5.4428e-06     3.12238e-20    5.48203e-08    3.12238e-29    8.77426e-07    
3.60255e-06    44095          43.988         1.26979e+16    4.30635e-07    0.00260363     5.4428e-06     3.06376e-20    5.48203e-08    3.06376e-29    8.77426e-07    
3.60355e-06    44096          43.9898        1.27208e+16    4.30635e-07    0.00260363     5.4428e-06     3.00623e-20    5.48203e-08    3.00623e-29    8.77426e-07    
3.60455e-06    44097.1        43.9916        1.27438e+16    4.30635e-07    0.00260363     5.4428e-06     2.94978e-20    5.48203e-08    2.94978e-29    8.77426e-07    
3.60555e-06    44098.1        43.9934        1.27667e+16    4.30635e-07    0.00260363     5.4428e-06     2.89438e-20    5.48203e-08    2.89438e-29    8.77426e-07    
3.60655e-06    44099.2        43.9952        1.27897e+16    4.30659e-07    0.00260363     5.4428e-06     2.84003e-20    5.48203e-08    2.84003e-29    8.77426e-07    
3.60755e-06    44100.2        43.997         1.28126e+16    4.30659e-07    0.00260363     5.4428e-06     2.78669e-20    5.48203e-08    2.78669e-29    8.77426e-07    
3.60855e-06    44101.3        43.9988        1.28356e+16    4.30659e-07    0.00260363     5.4428e-06     2.73435e-20    5.48203e-08    2.73435e-29    8.77426e-07    
3.60955e-06    44102.3        44.0005        1.28585e+16    4.30754e-07    0.00260363     5.4428e-06     2.683e-20      5.48203e-08    2.683e-29      8.77426e-07    
3.61055e-06    44103.4        44.0023        1.28815e+16    4.30778e-07    0.00260363     5.4428e-06     2.6326e-20     5.48203e-08    2.6326e-29     8.77426e-07    
3.61155e-06    44104.4        44.0041        1.29045e+16    4.30778e-07    0.00260363     5.4428e-06     2.58315e-20    5.48203e-08    2.58315e-29    8.77426e-07    
3.61255e-06    44105.5        44.0059        1.29275e+16    4.30778e-07    0.00260363     5.4428e-06     2.53463e-20    5.48203e-08    2.53463e-29    8.77426e-07    
3.61355e-06    44106.5        44.0077        1.29504e+16    4.30778e-07    0.00260363     5.4428e-06     2.48702e-20    5.48203e-08    2.48702e-29    8.77426e-07    
3.61455e-06    44107.5        44.0094        1.29734e+16    4.30873e-07    0.00260363     5.4428e-06     2.4403e-20     5.48203e-08    2.4403e-29     8.77426e-07    
3.61555e-06    44108.6        44.0112        1.29964e+16    4.31255e-07    0.00260363     5.4428e-06     2.39445e-20    5.48203e-08    2.39445e-29    8.77426e-07    
3.61655e-06    44109.6        44.013         1.30194e+16    4.31255e-07    0.00260363     5.4428e-06     2.34948e-20    5.48203e-08    2.34948e-29    8.77426e-07    
3.61755e-06    44110.6        44.0147        1.30424e+16    4.31636e-07    0.00260363     5.4428e-06     2.30533e-20    5.48203e-08    2.30533e-29    8.77426e-07    
3.61855e-06    44111.7        44.0165        1.30654e+16    4.31636e-07    0.00260363     5.4428e-06     2.26202e-20    5.48203e-08    2.26202e-29    8.77426e-07    
3.61955e-06    44112.7        44.0183        1.30884e+16    4.31731e-07    0.00260363     5.4428e-06     2.22749e-20    5.48203e-08    2.22749e-29    8.77426e-07    
3.62055e-06    44113.7        44.02          1.31115e+16    4.31731e-07    0.00260363     5.4428e-06     2.18563e-20    5.48203e-08    2.18563e-29    8.77426e-07    
3.62155e-06    44114.8        44.0218        1.31345e+16    4.31731e-07    0.00260363     5.4428e-06     2.14456e-20    5.48203e-08    2.14456e-29    8.77426e-07    
3.62255e-06    44115.8        44.0235        1.31575e+16    4.31731e-07    0.00260363     5.4428e-06     2.10426e-20    5.48203e-08    2.10426e-29    8.77426e-07    
3.62355e-06    44116.8        44.0253        1.31805e+16    4.31731e-07    0.00260363     5.4428e-06     2.06472e-20    5.48203e-08    2.06472e-29    8.77426e-07    
3.62455e-06    44117.8        44.027         1.32036e+16    4.31731e-07    0.00260363     5.4428e-06     2.02591e-20    5.48203e-08    2.02591e-29    8.77426e-07    
3.62555e-06    44118.8        44.0288        1.32266e+16    4.32113e-07    0.00260363     5.4428e-06     1.98784e-20    5.48203e-08    1.98784e-29    8.77426e-07    
3.62655e-06    44119.9        44.0305        1.32496e+16    4.32113e-07    0.00260363     5.4428e-06     1.95048e-20    5.48203e-08    1.95048e-29    8.77426e-07    
3.62755e-06    44120.9        44.0322        1.32727e+16    4.32113e-07    0.00260363     5.4428e-06     1.91381e-20    5.48203e-08    1.91381e-29    8.77426e-07    
3.62855e-06    44121.9        44.034         1.32957e+16    4.32113e-07    0.00260363     5.4428e-06     1.87784e-20    5.48203e-08    1.87784e-29    8.77426e-07    
3.62955e-06    44122.9        44.0357        1.33188e+16    4.32208e-07    0.00260363     5.4428e-06     1.84254e-20    5.48203e-08    1.84254e-29    8.77426e-07    
3.63055e-06    44123.9        44.0374        1.33418e+16    4.32208e-07    0.00260363     5.4428e-06     1.80791e-20    5.48203e-08    1.80791e-29    8.77426e-07    
3.63155e-06    44124.9        44.0392        1.33649e+16    4.32208e-07    0.00260363     5.4428e-06     1.77392e-20    5.48203e-08    1.77392e-29    8.77426e-07    
3.63255e-06    44125.9        44.0409        1.3388e+16     4.32208e-07    0.00260363     5.4428e-06     1.74057e-20    5.48203e-08    1.74057e-29    8.77426e-07    
3.63355e-06    44126.9        44.0426        1.3411e+16     4.32232e-07    0.00260363     5.4428e-06     1.70785e-20    5.48203e-08    1.70785e-29    8.77426e-07    
3.63455e-06    44127.9        44.0443        1.34341e+16    4.32232e-07    0.00260363     5.4428e-06     1.67574e-20    5.48203e-08    1.67574e-29    8.77426e-07    
3.63555e-06    44128.9        44.046         1.34572e+16    4.32232e-07    0.00260363     5.4428e-06     1.64423e-20    5.48203e-08    1.64423e-29    8.77426e-07    
3.63655e-06    44129.9        44.0478        1.34802e+16    4.32423e-07    0.00260363     5.4428e-06     1.61332e-20    5.48203e-08    1.61332e-29    8.77426e-07    
3.63755e-06    44130.9        44.0495        1.35033e+16    4.32423e-07    0.00260363     5.4428e-06     1.58298e-20    5.48203e-08    1.58298e-29    8.77426e-07    
3.63855e-06    44131.9        44.0512        1.35264e+16    4.32518e-07    0.00260363     5.4428e-06     1.55321e-20    5.48203e-08    1.55321e-29    8.77426e-07    
3.63955e-06    44132.9        44.0529        1.35495e+16    4.32518e-07    0.00260363     5.4489e-06     1.52401e-20    5.48203e-08    1.52401e-29    8.77426e-07    
3.64055e-06    44133.9        44.0546        1.35725e+16    4.32518e-07    0.00260363     5.4489e-06     1.49535e-20    5.48203e-08    1.49535e-29    8.77426e-07    
3.64155e-06    44134.9        44.0563        1.35956e+16    4.32542e-07    0.00260363     5.4489e-06     1.46723e-20    5.48203e-08    1.46723e-29    8.77426e-07    
3.64255e-06    44135.9        44.058         1.36187e+16    4.32566e-07    0.00260363     5.4489e-06     1.43963e-20    5.48203e-08    1.43963e-29    8.77426e-07    
3.64355e-06    44136.9        44.0597        1.36418e+16    4.32566e-07    0.00260363     5.4489e-06     1.41256e-20    5.48203e-08    1.41256e-29    8.77426e-07    
3.64455e-06    44137.9        44.0614        1.36649e+16    4.32661e-07    0.00260363     5.4489e-06     1.38599e-20    5.48203e-08    1.38599e-29    8.77426e-07    
3.64555e-06    44138.9        44.063         1.3688e+16     4.32661e-07    0.00260363     5.4489e-06     1.35992e-20    5.48203e-08    1.35992e-29    8.77426e-07    
3.64655e-06    44139.9        44.0647        1.37111e+16    4.32661e-07    0.00260363     5.4489e-06     1.33434e-20    5.48203e-08    1.33434e-29    8.77426e-07    
3.64755e-06    44140.9        44.0664        1.37342e+16    4.33043e-07    0.00260363     5.4489e-06     1.30924e-20    5.48203e-08    1.30924e-29    8.77426e-07    
3.64855e-06    44141.8        44.0681        1.37573e+16    4.33043e-07    0.00260363     5.4489e-06     1.29008e-20    5.48203e-08    1.29008e-29    8.77426e-07    
3.64955e-06    44142.8        44.0698        1.37804e+16    4.33043e-07    0.00260363     5.4489e-06     1.26581e-20    5.48203e-08    1.26581e-29    8.77426e-07    
3.65055e-06    44143.8        44.0715        1.38035e+16    4.33043e-07    0.00260363     5.4489e-06     1.242e-20      5.48203e-08    1.242e-29      8.77426e-07    
3.65155e-06    44144.8        44.0731        1.38266e+16    4.33043e-07    0.00260363     5.46111e-06    1.21863e-20    5.48203e-08    1.21863e-29    8.77426e-07    
3.65255e-06    44145.8        44.0748        1.38497e+16    4.33043e-07    0.00260363     5.46111e-06    1.19571e-20    5.48203e-08    1.19571e-29    8.77426e-07    
3.65355e-06    44146.7        44.0765        1.38728e+16    4.33043e-07    0.00260363     5.46111e-06    1.17321e-20    5.48203e-08    1.17321e-29    8.77426e-07    
3.65455e-06    44147.7        44.0781        1.38959e+16    4.33043e-07    0.00260363     5.46111e-06    1.15113e-20    5.48203e-08    1.15113e-29    8.77426e-07    
3.65555e-06    44148.7        44.0798        1.3919e+16     4.33043e-07    0.00260363     5.46721e-06    1.12947e-20    5.48203e-08    1.12947e-29    8.77426e-07    
3.65655e-06    44149.7        44.0814        1.39421e+16    4.33043e-07    0.00260363     5.46721e-06    1.10822e-20    5.48203e-08    1.10822e-29    8.77426e-07    
3.65755e-06    44150.6        44.0831        1.39652e+16    4.33067e-07    0.00260363     5.46721e-06    1.08737e-20    5.48203e-08    1.08737e-29    8.77426e-07    
3.65855e-06    44151.6        44.0848        1.39883e+16    4.33067e-07    0.00260363     5.46721e-06    1.06691e-20    5.48203e-08    1.06691e-29    8.77426e-07    
3.65955e-06    44152.6        44.0864        1.40115e+16    4.33067e-07    0.00260363     5.47332e-06    1.04683e-20    5.48203e-08    1.04683e-29    8.77426e-07    
3.66055e-06    44153.5        44.0881        1.40346e+16    4.33067e-07    0.00260363     5.47942e-06    1.02713e-20    5.48203e-08    1.02713e-29    8.77426e-07    
3.66155e-06    44154.5        44.0897        1.40577e+16    4.33067e-07    0.00260363     5.47942e-06    1.0078e-20     5.48203e-08    1.0078e-29     8.77426e-07    
3.66255e-06    44155.4        44.0913        1.40808e+16    4.33067e-07    0.00260363     5.47942e-06    9.88827e-21    5.48203e-08    9.88827e-30    8.77426e-07    
3.66355e-06    44156.4        44.093         1.41039e+16    4.3309e-07     0.00260363     5.47942e-06    9.70215e-21    5.48203e-08    9.70215e-30    8.77426e-07    
3.66455e-06    44157.4        44.0946        1.4127e+16     4.3309e-07     0.00260363     5.47942e-06    9.51953e-21    5.48203e-08    9.51953e-30    8.77426e-07    
3.66555e-06    44158.3        44.0963        1.41501e+16    4.3309e-07     0.00260363     5.47942e-06    9.34034e-21    5.48203e-08    9.34034e-30    8.77426e-07    
3.66655e-06    44159.3        44.0979        1.41733e+16    4.3309e-07     0.00260363     5.47942e-06    9.16452e-21    5.48203e-08    9.16452e-30    8.77426e-07    
3.66755e-06    44160.2        44.0995        1.41964e+16    4.3309e-07     0.00260363     5.47942e-06    8.99199e-21    5.48203e-08    8.99199e-30    8.77426e-07    
3.66855e-06    44161.2        44.1011        1.42195e+16    4.3309e-07     0.00260363     5.47942e-06    8.82271e-21    5.48203e-08    8.82271e-30    8.77426e-07    
3.66955e-06    44162.1        44.1028        1.42426e+16    4.3309e-07     0.00260363     5.47942e-06    8.65661e-21    5.48203e-08    8.65661e-30    8.77426e-07    
3.67055e-06    44163.1        44.1044        1.42658e+16    4.3309e-07     0.00260363     5.47942e-06    8.49363e-21    5.48203e-08    8.49363e-30    8.77426e-07    
3.67155e-06    44164          44.106         1.42889e+16    4.3309e-07     0.00260363     5.47942e-06    8.33372e-21    5.48203e-08    8.33372e-30    8.77426e-07    
3.67255e-06    44165          44.1076        1.4312e+16     4.3309e-07     0.00260363     5.47942e-06    8.1768e-21     5.48203e-08    8.1768e-30     8.77426e-07    
3.67355e-06    44165.9        44.1092        1.43351e+16    4.3309e-07     0.00260363     5.47942e-06    8.02284e-21    5.48203e-08    8.02284e-30    8.77426e-07    
3.67455e-06    44166.9        44.1109        1.43583e+16    4.3309e-07     0.00260363     5.47942e-06    7.87177e-21    5.48203e-08    7.87177e-30    8.77426e-07    
3.67555e-06    44167.8        44.1125        1.43814e+16    4.3309e-07     0.00260363     5.47942e-06    7.72354e-21    5.48203e-08    7.72354e-30    8.77426e-07    
3.67655e-06    44168.7        44.1141        1.44045e+16    4.3309e-07     0.00260363     5.47942e-06    7.57809e-21    5.48203e-08    7.57809e-30    8.77426e-07    
3.67755e-06    44169.7        44.1157        1.44276e+16    4.33114e-07    0.00260363     5.47942e-06    7.43538e-21    5.48203e-08    7.43538e-30    8.77426e-07    
3.67855e-06    44170.6        44.1173        1.44508e+16    4.33114e-07    0.00260363     5.47942e-06    7.29535e-21    5.48203e-08    7.29535e-30    8.77426e-07    
3.67955e-06    44171.5        44.1189        1.44739e+16    4.33114e-07    0.00260363     5.47942e-06    7.15795e-21    5.48203e-08    7.15795e-30    8.77426e-07    
3.68055e-06    44172.5        44.1205        1.4497e+16     4.3321e-07     0.00260363     5.47942e-06    7.02313e-21    5.48203e-08    7.02313e-30    8.77426e-07    
3.68155e-06    44173.4        44.1221        1.45201e+16    4.3321e-07     0.00260363     5.47942e-06    6.89085e-21    5.48203e-08    6.89085e-30    8.77426e-07    
3.68255e-06    44174.3        44.1237        1.45433e+16    4.3321e-07     0.00260363     5.47942e-06    6.76105e-21    5.48203e-08    6.76105e-30    8.77426e-07    
3.68355e-06    44175.3        44.1252        1.45664e+16    4.3321e-07     0.00260363     5.47942e-06    6.6337e-21     5.48203e-08    6.6337e-30     8.77426e-07    
3.68455e-06    44176.2        44.1268        1.45895e+16    4.3321e-07     0.00260363     5.47942e-06    6.50874e-21    5.48203e-08    6.50874e-30    8.77426e-07    
3.68555e-06    44177.1        44.1284        1.46126e+16    4.3321e-07     0.00260363     5.47942e-06    6.38613e-21    5.48203e-08    6.38613e-30    8.77426e-07    
3.68655e-06    44178          44.13          1.46357e+16    4.33233e-07    0.00260363     5.47942e-06    6.26582e-21    5.48203e-08    6.26582e-30    8.77426e-07    
3.68755e-06    44179          44.1316        1.46588e+16    4.33233e-07    0.00260363     5.47942e-06    6.14778e-21    5.48203e-08    6.14777e-30    8.77426e-07    
3.68855e-06    44179.9        44.1332        1.46819e+16    4.33233e-07    0.00260363     5.47942e-06    6.03195e-21    5.48203e-08    6.03195e-30    8.77426e-07    
3.68955e-06    44180.8        44.1347        1.47051e+16    4.33233e-07    0.00260363     5.47942e-06    5.9183e-21     5.48203e-08    5.9183e-30     8.77426e-07    
3.69055e-06    44181.7        44.1363        1.47282e+16    4.33233e-07    0.00260363     5.47942e-06    5.80679e-21    5.48203e-08    5.80679e-30    8.77426e-07    
3.69155e-06    44182.6        44.1379        1.47513e+16    4.33233e-07    0.00260363     5.47942e-06    5.69738e-21    5.48203e-08    5.69738e-30    8.77426e-07    
3.69255e-06    44183.6        44.1394        1.47744e+16    4.33233e-07    0.00260363     5.47942e-06    5.59002e-21    5.48203e-08    5.59002e-30    8.77426e-07    
3.69355e-06    44184.5        44.141         1.47975e+16    4.33325e-07    0.00262316     5.47942e-06    5.48469e-21    5.48203e-08    5.48469e-30    8.77426e-07    
3.69455e-06    44185.4        44.1425        1.48206e+16    4.33325e-07    0.00262316     5.47942e-06    5.38133e-21    5.48203e-08    5.38133e-30    8.77426e-07    
3.69555e-06    44186.3        44.1441        1.48437e+16    4.33325e-07    0.00262316     5.47942e-06    5.27992e-21    5.48203e-08    5.27992e-30    8.77426e-07    
3.69655e-06    44187.2        44.1457        1.48668e+16    4.33325e-07    0.00262316     5.47942e-06    5.18041e-21    5.48203e-08    5.18041e-30    8.77426e-07    
3.69755e-06    44188.1        44.1472        1.48899e+16    4.33325e-07    0.00262316     5.47942e-06    5.08278e-21    5.48203e-08    5.08278e-30    8.77426e-07    
3.69855e-06    44189          44.1488        1.4913e+16     4.33325e-07    0.00262316     5.47942e-06    4.98699e-21    5.48203e-08    4.98699e-30    8.77426e-07    
3.69955e-06    44189.9        44.1503        1.4936e+16     4.33325e-07    0.00262316     5.47942e-06    4.89299e-21    5.48203e-08    4.89299e-30    8.77426e-07    
3.70055e-06    44190.8        44.1519        1.49591e+16    4.33325e-07    0.00262316     5.47942e-06    4.80077e-21    5.48203e-08    4.80077e-30    8.77426e-07    
3.70155e-06    44191.7        44.1534        1.49822e+16    4.33325e-07    0.00262316     5.47942e-06    4.71027e-21    5.48203e-08    4.71027e-30    8.77426e-07    
3.70255e-06    44192.6        44.1549        1.50053e+16    4.33325e-07    0.00262316     5.47942e-06    4.62155e-21    5.48203e-08    4.62155e-30    8.77426e-07    
3.70355e-06    44193.5        44.1565        1.50284e+16    4.33325e-07    0.00262316     5.47942e-06    4.53443e-21    5.48203e-08    4.53443e-30    8.77426e-07    
3.70455e-06    44194.4        44.158         1.50514e+16    4.33707e-07    0.00262316     5.47942e-06    4.44895e-21    5.48203e-08    4.44895e-30    8.77426e-07    
3.70555e-06    44195.3        44.1595        1.50745e+16    4.33707e-07    0.00262316     5.47942e-06    4.36508e-21    5.48203e-08    4.36508e-30    8.77426e-07    
3.70655e-06    44196.2        44.1611        1.50976e+16    4.33707e-07    0.00262316     5.47942e-06    4.28278e-21    5.48203e-08    4.28278e-30    8.77426e-07    
3.70755e-06    44197.1        44.1626        1.51206e+16    4.33707e-07    0.00262316     5.47942e-06    4.20204e-21    5.48203e-08    4.20204e-30    8.77426e-07    
3.70855e-06    44198          44.1641        1.51437e+16    4.33802e-07    0.00262316     5.47942e-06    4.12281e-21    5.48203e-08    4.12281e-30    8.77426e-07    
3.70955e-06    44198.9        44.1656        1.51667e+16    4.33802e-07    0.00262316     5.47942e-06    4.04508e-21    5.48203e-08    4.04508e-30    8.77426e-07    
3.71055e-06    44199.8        44.1672        1.51898e+16    4.33802e-07    0.00262316     5.47942e-06    3.96881e-21    5.48203e-08    3.9688e-30     8.77426e-07    
3.71155e-06    44200.7        44.1687        1.52128e+16    4.33802e-07    0.00262316     5.47942e-06    3.89397e-21    5.48203e-08    3.89397e-30    8.77426e-07    
3.71255e-06    44201.5        44.1702        1.52359e+16    4.33802e-07    0.00262316     5.47942e-06    3.82054e-21    5.48203e-08    3.82054e-30    8.77426e-07    
3.71355e-06    44202.4        44.1717        1.52589e+16    4.33802e-07    0.00262316     5.47942e-06    3.74849e-21    5.48203e-08    3.74849e-30    8.77426e-07    
3.71455e-06    44203.3        44.1732        1.5282e+16     4.33802e-07    0.00262316     5.47942e-06    3.6778e-21     5.48203e-08    3.6778e-30     8.77426e-07    
3.71555e-06    44204.2        44.1747        1.5305e+16     4.33802e-07    0.00262316     5.47942e-06    3.60844e-21    5.48203e-08    3.60844e-30    8.77426e-07    
3.71655e-06    44205.1        44.1762        1.5328e+16     4.33826e-07    0.00262316     5.47942e-06    3.54039e-21    5.48203e-08    3.54039e-30    8.77426e-07    
3.71755e-06    44205.9        44.1777        1.5351e+16     4.33826e-07    0.00262316     5.47942e-06    3.47361e-21    5.48203e-08    3.47361e-30    8.77426e-07    
3.71855e-06    44206.8        44.1792        1.53741e+16    4.34207e-07    0.00262316     5.47942e-06    3.4081e-21     5.48203e-08    3.4081e-30     8.77426e-07    
3.71955e-06    44207.7        44.1807        1.53971e+16    4.34589e-07    0.00262316     5.47942e-06    3.34382e-21    5.48203e-08    3.34381e-30    8.77426e-07    
3.72055e-06    44208.6        44.1822        1.54201e+16    4.34589e-07    0.00262316     5.47942e-06    3.28074e-21    5.48203e-08    3.28074e-30    8.77426e-07    
3.72155e-06    44209.4        44.1837        1.54431e+16    4.34589e-07    0.00262316     5.47942e-06    3.21886e-21    5.48203e-08    3.21886e-30    8.77426e-07    
3.72255e-06    44210.3        44.1852        1.5467e+16     4.34684e-07    0.00262316     5.47942e-06    3.15814e-21    5.48203e-08    3.15814e-30    8.77426e-07    
3.72355e-06    44211.2        44.1868        1.54908e+16    4.34684e-07    0.00262316     5.47942e-06    3.09959e-21    5.48203e-08    3.09959e-30    8.77426e-07    
3.72455e-06    44212          44.1883        1.55147e+16    4.34779e-07    0.00262316     5.47942e-06    3.04112e-21    5.48203e-08    3.04112e-30    8.77426e-07    
3.72555e-06    44212.9        44.1899        1.55386e+16    4.35185e-07    0.00262316     5.47942e-06    2.98375e-21    5.48203e-08    2.98375e-30    8.77426e-07    
3.72655e-06    44213.8        44.1914        1.55624e+16    4.35185e-07    0.00262316     5.47942e-06    2.92745e-21    5.48203e-08    2.92745e-30    8.77426e-07    
3.72755e-06    44214.6        44.1929        1.55862e+16    4.35185e-07    0.00262316     5.47942e-06    2.88117e-21    5.48203e-08    2.88117e-30    8.77426e-07    
3.72855e-06    44215.5        44.1944        1.56101e+16    4.35185e-07    0.00262316     5.47942e-06    2.82681e-21    5.48203e-08    2.82681e-30    8.77426e-07    
3.72955e-06    44216.4        44.196         1.56339e+16    4.35185e-07    0.00262316     5.47942e-06    2.77347e-21    5.48203e-08    2.77347e-30    8.77426e-07    
3.73055e-06    44217.2        44.1975        1.56578e+16    4.35185e-07    0.00262316     5.47942e-06    2.72114e-21    5.48203e-08    2.72114e-30    8.77426e-07    
3.73155e-06    44218.1        44.199         1.56816e+16    4.35185e-07    0.00262316     5.47942e-06    2.66979e-21    5.48203e-08    2.66979e-30    8.77426e-07    
3.73255e-06    44218.9        44.2005        1.57055e+16    4.35185e-07    0.00262316     5.47942e-06    2.61941e-21    5.48203e-08    2.61941e-30    8.77426e-07    
3.73355e-06    44219.8        44.2021        1.57293e+16    4.35185e-07    0.00262316     5.47942e-06    2.56998e-21    5.48203e-08    2.56998e-30    8.77426e-07    
3.73455e-06    44220.6        44.2036        1.57531e+16    4.35209e-07    0.00262316     5.47942e-06    2.52148e-21    5.48203e-08    2.52148e-30    8.77426e-07    
3.73555e-06    44221.5        44.2051        1.5777e+16     4.35304e-07    0.00262316     5.47942e-06    2.47389e-21    5.48203e-08    2.47389e-30    8.77426e-07    
3.73655e-06    44222.3        44.2066        1.58008e+16    4.35399e-07    0.00262316     5.47942e-06    2.4272e-21     5.48203e-08    2.4272e-30     8.77426e-07    
3.73755e-06    44223.2        44.2081        1.58246e+16    4.35399e-07    0.00262316     5.47942e-06    2.38139e-21    5.48203e-08    2.38139e-30    8.77426e-07    
3.73855e-06    44224          44.2096        1.58484e+16    4.35399e-07    0.00262316     5.47942e-06    2.33645e-21    5.48203e-08    2.33645e-30    8.77426e-07    
3.73955e-06    44224.9        44.2111        1.58723e+16    4.35399e-07    0.00262316     5.47942e-06    2.29235e-21    5.48203e-08    2.29235e-30    8.77426e-07    
3.74055e-06    44225.7        44.2126        1.58961e+16    4.35876e-07    0.00262316     5.47942e-06    2.24908e-21    5.48203e-08    2.24908e-30    8.77426e-07    
3.74155e-06    44226.6        44.2141        1.59199e+16    4.35876e-07    0.00262316     5.47942e-06    2.20662e-21    5.48203e-08    2.20662e-30    8.77426e-07    
3.74255e-06    44227.4        44.2156        1.59437e+16    4.35876e-07    0.00262316     5.47942e-06    2.16497e-21    5.48203e-08    2.16497e-30    8.77426e-07    
3.74355e-06    44228.2        44.2171        1.59674e+16    4.35876e-07    0.00262316     5.47942e-06    2.1241e-21     5.48203e-08    2.1241e-30     8.77426e-07    
3.74455e-06    44229.1        44.2186        1.59912e+16    4.35971e-07    0.00262316     5.47942e-06    2.084e-21      5.48203e-08    2.084e-30      8.77426e-07    
3.74555e-06    44229.9        44.2201        1.6015e+16     4.35971e-07    0.00262316     5.47942e-06    2.04465e-21    5.48203e-08    2.04465e-30    8.77426e-07    
3.74655e-06    44230.8        44.2215        1.60388e+16    4.35971e-07    0.00262316     5.47942e-06    2.00605e-21    5.48203e-08    2.00605e-30    8.77426e-07    
3.74755e-06    44231.6        44.223         1.60625e+16    4.35971e-07    0.00262316     5.47942e-06    1.96817e-21    5.48203e-08    1.96817e-30    8.77426e-07    
3.74855e-06    44232.4        44.2245        1.60863e+16    4.35971e-07    0.00262316     5.47942e-06    1.93101e-21    5.48203e-08    1.93101e-30    8.77426e-07    
3.74955e-06    44233.2        44.226         1.61101e+16    4.35971e-07    0.00262316     5.47942e-06    1.89455e-21    5.48203e-08    1.89455e-30    8.77426e-07    
3.75055e-06    44234.1        44.2274        1.61338e+16    4.35971e-07    0.00262316     5.47942e-06    1.85878e-21    5.48203e-08    1.85878e-30    8.77426e-07    
3.75155e-06    44234.9        44.2289        1.61575e+16    4.35971e-07    0.00262316     5.47942e-06    1.82368e-21    5.48203e-08    1.82368e-30    8.77426e-07    
3.75255e-06    44235.7        44.2304        1.61813e+16    4.35971e-07    0.00262316     5.47942e-06    1.78924e-21    5.48203e-08    1.78924e-30    8.77426e-07    
3.75355e-06    44236.6        44.2319        1.6205e+16     4.35995e-07    0.00262316     5.47942e-06    1.75545e-21    5.48203e-08    1.75545e-30    8.77426e-07    
3.75455e-06    44237.4        44.2333        1.62287e+16    4.35995e-07    0.00262316     5.47942e-06    1.7223e-21     5.48203e-08    1.7223e-30     8.77426e-07    
3.75555e-06    44238.2        44.2348        1.62524e+16    4.35995e-07    0.00262316     5.47942e-06    1.68977e-21    5.48203e-08    1.68977e-30    8.77426e-07    
3.75655e-06    44239          44.2362        1.62761e+16    4.36019e-07    0.00262316     5.47942e-06    1.65785e-21    5.48203e-08    1.65785e-30    8.77426e-07    
3.75755e-06    44239.8        44.2377        1.62998e+16    4.36019e-07    0.00262316     5.47942e-06    1.62654e-21    5.48203e-08    1.62654e-30    8.77426e-07    
3.75855e-06    44240.7        44.2391        1.63235e+16    4.36115e-07    0.00262316     5.47942e-06    1.59582e-21    5.48203e-08    1.59582e-30    8.77426e-07    
3.75955e-06    44241.5        44.2406        1.63472e+16    4.36115e-07    0.00262316     5.47942e-06    1.56567e-21    5.48203e-08    1.56567e-30    8.77426e-07    
3.76055e-06    44242.3        44.242         1.63709e+16    4.36115e-07    0.00262316     5.47942e-06    1.5361e-21     5.48203e-08    1.5361e-30     8.77426e-07    
3.76155e-06    44243.1        44.2435        1.63946e+16    4.36115e-07    0.00262316     5.47942e-06    1.50708e-21    5.48203e-08    1.50708e-30    8.77426e-07    
3.76255e-06    44243.9        44.2449        1.64182e+16    4.36877e-07    0.00262316     5.47942e-06    1.47861e-21    5.48203e-08    1.47861e-30    8.77426e-07    
3.76355e-06    44244.7        44.2464        1.64419e+16    4.36973e-07    0.00262316     5.47942e-06    1.45068e-21    5.48203e-08    1.45068e-30    8.77426e-07    
3.76455e-06    44245.5        44.2478        1.64655e+16    4.37068e-07    0.00262316     5.47942e-06    1.42327e-21    5.48203e-08    1.42327e-30    8.77426e-07    
3.76555e-06    44246.3        44.2492        1.64891e+16    4.37068e-07    0.00262316     5.47942e-06    1.39638e-21    5.48203e-08    1.39638e-30    8.77426e-07    
3.76655e-06    44247.1        44.2507        1.65128e+16    4.3745e-07     0.00262316     5.47942e-06    1.36999e-21    5.48203e-08    1.36999e-30    8.77426e-07    
3.76755e-06    44248          44.2521        1.65364e+16    4.3745e-07     0.00262316     5.47942e-06    1.34411e-21    5.48203e-08    1.34411e-30    8.77426e-07    
3.76855e-06    44248.8        44.2535        1.656e+16      4.3745e-07     0.00262316     5.47942e-06    1.31871e-21    5.48203e-08    1.31871e-30    8.77426e-07    
3.76955e-06    44249.6        44.2549        1.65836e+16    4.3745e-07     0.00262316     5.47942e-06    1.29379e-21    5.48203e-08    1.29379e-30    8.77426e-07    
3.77055e-06    44250.4        44.2564        1.66072e+16    4.3745e-07     0.00262316     5.47942e-06    1.26934e-21    5.48203e-08    1.26934e-30    8.77426e-07    
3.77155e-06    44251.2        44.2578        1.66308e+16    4.3745e-07     0.00262316     5.47942e-06    1.24536e-21    5.48203e-08    1.24536e-30    8.77426e-07    
3.77255e-06    44252          44.2592        1.66544e+16    4.3745e-07     0.00262316     5.47942e-06    1.22182e-21    5.48203e-08    1.22182e-30    8.77426e-07    
3.77355e-06    44252.7        44.2606        1.66779e+16    4.3745e-07     0.00262316     5.47942e-06    1.19873e-21    5.48203e-08    1.19873e-30    8.77426e-07    
3.77455e-06    44253.5        44.262         1.67015e+16    4.3745e-07     0.00262316     5.47942e-06    1.17608e-21    5.48203e-08    1.17608e-30    8.77426e-07    
3.77555e-06    44254.3        44.2634        1.6725e+16     4.3745e-07     0.00262316     5.48552e-06    1.15385e-21    5.48203e-08    1.15385e-30    8.77426e-07    
3.77655e-06    44255.1        44.2648        1.67486e+16    4.3745e-07     0.00262316     5.48552e-06    1.13204e-21    5.48203e-08    1.13204e-30    8.77426e-07    
3.77755e-06    44255.9        44.2662        1.67721e+16    4.37545e-07    0.00262316     5.48552e-06    1.11064e-21    5.48203e-08    1.11064e-30    8.77426e-07    
3.77855e-06    44256.7        44.2677        1.67957e+16    4.37545e-07    0.00262316     5.48552e-06    1.08965e-21    5.48203e-08    1.08965e-30    8.77426e-07    
3.77955e-06    44257.5        44.2691        1.68192e+16    4.37545e-07    0.00262316     5.48552e-06    1.06905e-21    5.48203e-08    1.06905e-30    8.77426e-07    
3.78055e-06    44258.3        44.2704        1.68427e+16    4.37545e-07    0.00262316     5.48552e-06    1.04885e-21    5.48203e-08    1.04885e-30    8.77426e-07    
3.78155e-06    44259.1        44.2718        1.68662e+16    4.37569e-07    0.00262316     5.48552e-06    1.02902e-21    5.48203e-08    1.02902e-30    8.77426e-07    
3.78255e-06    44259.9        44.2732        1.68897e+16    4.37569e-07    0.00262316     5.48552e-06    1.00957e-21    5.48203e-08    1.00957e-30    8.77426e-07    
3.78355e-06    44260.6        44.2746        1.69131e+16    4.37569e-07    0.00262316     5.48552e-06    9.90482e-22    5.48203e-08    9.90482e-31    8.77426e-07    
3.78455e-06    44261.4        44.276         1.69366e+16    4.37569e-07    0.00262316     5.48552e-06    9.71757e-22    5.48203e-08    9.71757e-31    8.77426e-07    
3.78555e-06    44262.2        44.2774        1.69601e+16    4.37569e-07    0.00262316     5.48552e-06    9.53386e-22    5.48203e-08    9.53386e-31    8.77426e-07    
3.78655e-06    44263          44.2788        1.69835e+16    4.37569e-07    0.00262316     5.48552e-06    9.35361e-22    5.48203e-08    9.35361e-31    8.77426e-07    
3.78755e-06    44263.7        44.2802        1.7007e+16     4.37569e-07    0.00262316     5.48552e-06    9.17676e-22    5.48203e-08    9.17676e-31    8.77426e-07    
3.78855e-06    44264.5        44.2815        1.70304e+16    4.37569e-07    0.00262316     5.48552e-06    9.00326e-22    5.48203e-08    9.00326e-31    8.77426e-07    
3.78955e-06    44265.3        44.2829        1.70538e+16    4.37569e-07    0.00262316     5.48552e-06    8.83303e-22    5.48203e-08    8.83303e-31    8.77426e-07    
3.79055e-06    44266.1        44.2843        1.70772e+16    4.37569e-07    0.00262316     5.48552e-06    8.66601e-22    5.48203e-08    8.66601e-31    8.77426e-07    
3.79155e-06    44266.8        44.2856        1.71006e+16    4.3795e-07     0.00262316     5.48552e-06    8.50215e-22    5.48203e-08    8.50215e-31    8.77426e-07    
3.79255e-06    44267.6        44.287         1.7124e+16     4.38046e-07    0.00262316     5.48552e-06    8.34138e-22    5.48203e-08    8.34138e-31    8.77426e-07    
3.79355e-06    44268.4        44.2884        1.71474e+16    4.38046e-07    0.00262316     5.48552e-06    8.18365e-22    5.48203e-08    8.18365e-31    8.77426e-07    
3.79455e-06    44269.1        44.2897        1.71708e+16    4.38046e-07    0.00262316     5.48552e-06    8.0289e-22     5.48203e-08    8.0289e-31     8.77426e-07    
3.79555e-06    44269.9        44.2911        1.71941e+16    4.38046e-07    0.00262316     5.48552e-06    7.87707e-22    5.48203e-08    7.87706e-31    8.77426e-07    
3.79655e-06    44270.7        44.2925        1.72175e+16    4.38427e-07    0.00262316     5.48552e-06    7.7281e-22     5.48203e-08    7.7281e-31     8.77426e-07    
3.79755e-06    44271.4        44.2938        1.72408e+16    4.38427e-07    0.00262316     5.48552e-06    7.58195e-22    5.48203e-08    7.58195e-31    8.77426e-07    
3.79855e-06    44272.2        44.2952        1.72641e+16    4.38427e-07    0.00262316     5.48552e-06    7.43856e-22    5.48203e-08    7.43856e-31    8.77426e-07    
3.79955e-06    44273          44.2965        1.72875e+16    4.38427e-07    0.00262316     5.48552e-06    7.29788e-22    5.48203e-08    7.29788e-31    8.77426e-07    
3.80055e-06    44273.7        44.2979        1.73108e+16    4.38427e-07    0.00262316     5.48552e-06    7.15986e-22    5.48203e-08    7.15986e-31    8.77426e-07    
3.80155e-06    44274.5        44.2992        1.73341e+16    4.38427e-07    0.00262316     5.48552e-06    7.02444e-22    5.48203e-08    7.02444e-31    8.77426e-07    
3.80255e-06    44275.2        44.3005        1.73573e+16    4.38427e-07    0.00262316     5.48552e-06    6.89158e-22    5.48203e-08    6.89158e-31    8.77426e-07    
3.80355e-06    44276          44.3019        1.73806e+16    4.38427e-07    0.00262316     5.49163e-06    6.76123e-22    5.48203e-08    6.76123e-31    8.77426e-07    
3.80455e-06    44276.7        44.3032        1.74039e+16    4.38427e-07    0.00262316     5.49163e-06    6.63334e-22    5.48203e-08    6.63334e-31    8.77426e-07    
3.80555e-06    44277.5        44.3046        1.74271e+16    4.38427e-07    0.00262316     5.49773e-06    6.50787e-22    5.48203e-08    6.50787e-31    8.77426e-07    
3.80655e-06    44278.2        44.3059        1.74504e+16    4.38427e-07    0.00262316     5.49773e-06    6.38477e-22    5.48203e-08    6.38477e-31    8.77426e-07    
3.80755e-06    44279          44.3072        1.74736e+16    4.38427e-07    0.00262316     5.49773e-06    6.264e-22      5.48203e-08    6.264e-31      8.77426e-07    
3.80855e-06    44279.7        44.3085        1.74968e+16    4.38451e-07    0.00262316     5.49773e-06    6.1455e-22     5.48203e-08    6.1455e-31     8.77426e-07    
3.80955e-06    44280.5        44.3099        1.752e+16      4.38451e-07    0.00262316     5.49773e-06    6.02925e-22    5.48203e-08    6.02925e-31    8.77426e-07    
3.81055e-06    44281.2        44.3112        1.75432e+16    4.38451e-07    0.00262316     5.49773e-06    5.91519e-22    5.48203e-08    5.91519e-31    8.77426e-07    
3.81155e-06    44282          44.3125        1.75664e+16    4.38451e-07    0.00262316     5.49773e-06    5.80329e-22    5.48203e-08    5.80329e-31    8.77426e-07    
3.81255e-06    44282.7        44.3138        1.75895e+16    4.38451e-07    0.00262316     5.49773e-06    5.6935e-22     5.48203e-08    5.6935e-31     8.77426e-07    
3.81355e-06    44283.4        44.3152        1.76127e+16    4.38451e-07    0.00262316     5.49773e-06    5.58579e-22    5.48203e-08    5.58578e-31    8.77426e-07    
3.81455e-06    44284.2        44.3165        1.76358e+16    4.38475e-07    0.00262316     5.49773e-06    5.48011e-22    5.48203e-08    5.48011e-31    8.77426e-07    
3.81555e-06    44284.9        44.3178        1.76589e+16    4.38475e-07    0.00262316     5.49773e-06    5.37642e-22    5.48203e-08    5.37642e-31    8.77426e-07    
3.81655e-06    44285.7        44.3191        1.76821e+16    4.38856e-07    0.00262316     5.49773e-06    5.2747e-22     5.48203e-08    5.2747e-31     8.77426e-07    
3.81755e-06    44286.4        44.3204        1.77052e+16    4.38856e-07    0.00262316     5.49773e-06    5.1749e-22     5.48203e-08    5.1749e-31     8.77426e-07    
3.81855e-06    44287.1        44.3217        1.77282e+16    4.38952e-07    0.00262316     5.49773e-06    5.07698e-22    5.48203e-08    5.07698e-31    8.77426e-07    
3.81955e-06    44287.9        44.323         1.77513e+16    4.38952e-07    0.00262316     5.49773e-06    4.98092e-22    5.48203e-08    4.98092e-31    8.77426e-07    
3.82055e-06    44288.6        44.3243        1.77744e+16    4.38952e-07    0.00262316     5.49773e-06    4.88667e-22    5.48203e-08    4.88667e-31    8.77426e-07    
3.82155e-06    44289.3        44.3256        1.77974e+16    4.38952e-07    0.00262316     5.49773e-06    4.7942e-22     5.48203e-08    4.7942e-31     8.77426e-07    
3.82255e-06    44290.1        44.3269        1.78205e+16    4.38952e-07    0.00262316     5.49773e-06    4.70347e-22    5.48203e-08    4.70347e-31    8.77426e-07    
3.82355e-06    44290.8        44.3282        1.78435e+16    4.38952e-07    0.00262316     5.49773e-06    4.61446e-22    5.48203e-08    4.61446e-31    8.77426e-07    
3.82455e-06    44291.5        44.3295        1.78665e+16    4.38952e-07    0.00262316     5.49773e-06    4.52714e-22    5.48203e-08    4.52714e-31    8.77426e-07    
3.82555e-06    44292.2        44.3307        1.78895e+16    4.38952e-07    0.00262316     5.49773e-06    4.44146e-22    5.48203e-08    4.44146e-31    8.77426e-07    
3.82655e-06    44293          44.332         1.79125e+16    4.38952e-07    0.00262316     5.49773e-06    4.3574e-22     5.48203e-08    4.3574e-31     8.77426e-07    
3.82755e-06    44293.7        44.3333        1.79355e+16    4.38952e-07    0.00262316     5.49773e-06    4.27493e-22    5.48203e-08    4.27493e-31    8.77426e-07    
3.82855e-06    44294.4        44.3346        1.79584e+16    4.39333e-07    0.00262316     5.49773e-06    4.19402e-22    5.48203e-08    4.19402e-31    8.77426e-07    
3.82955e-06    44295.1        44.3359        1.79814e+16    4.39333e-07    0.00262316     5.49773e-06    4.11464e-22    5.48203e-08    4.11464e-31    8.77426e-07    
3.83055e-06    44295.8        44.3371        1.80043e+16    4.39333e-07    0.00262316     5.49773e-06    4.03675e-22    5.48203e-08    4.03675e-31    8.77426e-07    
3.83155e-06    44296.5        44.3384        1.80272e+16    4.39333e-07    0.00262316     5.49773e-06    3.96034e-22    5.48203e-08    3.96034e-31    8.77426e-07    
3.83255e-06    44297.3        44.3397        1.80501e+16    4.3991e-07     0.00266222     5.49773e-06    3.88538e-22    5.48203e-08    3.88538e-31    8.77426e-07    
3.83355e-06    44298          44.341         1.8073e+16     4.3991e-07     0.00266222     5.49773e-06    3.81183e-22    5.48203e-08    3.81183e-31    8.77426e-07    
3.83455e-06    44298.7        44.3422        1.80959e+16    4.3991e-07     0.00266222     5.49773e-06    3.73967e-22    5.48203e-08    3.73967e-31    8.77426e-07    
3.83555e-06    44299.4        44.3435        1.81187e+16    4.3991e-07     0.00266222     5.49773e-06    3.66887e-22    5.48203e-08    3.66887e-31    8.77426e-07    
3.83655e-06    44300.1        44.3447        1.81416e+16    4.3991e-07     0.00266222     5.49773e-06    3.59941e-22    5.48203e-08    3.59941e-31    8.77426e-07    
3.83755e-06    44300.8        44.346         1.81644e+16    4.3991e-07     0.00266222     5.49773e-06    3.53127e-22    5.48203e-08    3.53127e-31    8.77426e-07    
3.83855e-06    44301.5        44.3473        1.81872e+16    4.3991e-07     0.00266222     5.49773e-06    3.46441e-22    5.48203e-08    3.46441e-31    8.77426e-07    
3.83955e-06    44302.2        44.3485        1.821e+16      4.3991e-07     0.00266222     5.49773e-06    3.39882e-22    5.48203e-08    3.39882e-31    8.77426e-07    
3.84055e-06    44302.9        44.3498        1.82328e+16    4.3991e-07     0.00266222     5.49773e-06    3.33446e-22    5.48203e-08    3.33446e-31    8.77426e-07    
3.84155e-06    44303.6        44.351         1.82556e+16    4.3991e-07     0.00266222     5.50383e-06    3.27133e-22    5.48203e-08    3.27133e-31    8.77426e-07    
3.84255e-06    44304.3        44.3522        1.82783e+16    4.3991e-07     0.00266222     5.50383e-06    3.20938e-22    5.48203e-08    3.20938e-31    8.77426e-07    
3.84355e-06    44305          44.3535        1.83011e+16    4.3991e-07     0.00266222     5.50383e-06    3.14861e-22    5.48203e-08    3.14861e-31    8.77426e-07    
3.84455e-06    44305.7        44.3547        1.83238e+16    4.3991e-07     0.00266222     5.50383e-06    3.08899e-22    5.48203e-08    3.08899e-31    8.77426e-07    
3.84555e-06    44306.4        44.356         1.83465e+16    4.39934e-07    0.00266222     5.50383e-06    3.03049e-22    5.48203e-08    3.03049e-31    8.77426e-07    
3.84655e-06    44307.1        44.3572        1.83692e+16    4.39934e-07    0.00266222     5.50383e-06    2.9731e-22     5.48203e-08    2.9731e-31     8.77426e-07    
3.84755e-06    44307.8        44.3584        1.83919e+16    4.39934e-07    0.00266222     5.50383e-06    2.9168e-22     5.48203e-08    2.9168e-31     8.77426e-07    
3.84855e-06    44308.5        44.3597        1.84145e+16    4.39934e-07    0.00266222     5.50994e-06    2.86156e-22    5.48203e-08    2.86156e-31    8.77426e-07    
3.84955e-06    44309.2        44.3609        1.84372e+16    4.40029e-07    0.00266222     5.50994e-06    2.80736e-22    5.48203e-08    2.80736e-31    8.77426e-07    
3.85055e-06    44309.9        44.3621        1.84598e+16    4.40029e-07    0.00266222     5.50994e-06    2.7542e-22     5.48203e-08    2.7542e-31     8.77426e-07    
3.85155e-06    44310.6        44.3634        1.84824e+16    4.40125e-07    0.00266222     5.50994e-06    2.70203e-22    5.48203e-08    2.70203e-31    8.77426e-07    
3.85255e-06    44311.3        44.3646        1.8505e+16     4.40125e-07    0.00266222     5.50994e-06    2.65085e-22    5.48203e-08    2.65085e-31    8.77426e-07    
3.85355e-06    44312          44.3658        1.85276e+16    4.40125e-07    0.00266222     5.50994e-06    2.60064e-22    5.48203e-08    2.60064e-31    8.77426e-07    
3.85455e-06    44312.6        44.367         1.85502e+16    4.40125e-07    0.00266222     5.50994e-06    2.55138e-22    5.48203e-08    2.55138e-31    8.77426e-07    
3.85555e-06    44313.3        44.3682        1.85727e+16    4.40125e-07    0.00266222     5.50994e-06    2.50305e-22    5.48203e-08    2.50305e-31    8.77426e-07    
3.85655e-06    44314          44.3694        1.85953e+16    4.40125e-07    0.00266222     5.50994e-06    2.45564e-22    5.48203e-08    2.45564e-31    8.77426e-07    
3.85755e-06    44314.7        44.3706        1.86178e+16    4.40125e-07    0.00266222     5.50994e-06    2.40912e-22    5.48203e-08    2.40912e-31    8.77426e-07    
3.85855e-06    44315.4        44.3719        1.86403e+16    4.40506e-07    0.00266222     5.50994e-06    2.36348e-22    5.48203e-08    2.36348e-31    8.77426e-07    
3.85955e-06    44316          44.3731        1.86628e+16    4.40506e-07    0.00266222     5.50994e-06    2.3187e-22     5.48203e-08    2.3187e-31     8.77426e-07    
3.86055e-06    44316.7        44.3743        1.86852e+16    4.40506e-07    0.00266222     5.53435e-06    2.27477e-22    5.48203e-08    2.27477e-31    8.77426e-07    
3.86155e-06    44317.4        44.3755        1.87077e+16    4.40506e-07    0.00266222     5.53435e-06    2.23167e-22    5.48203e-08    2.23167e-31    8.77426e-07    
3.86255e-06    44318.1        44.3767        1.87301e+16    4.40506e-07    0.00266222     5.53435e-06    2.18939e-22    5.48203e-08    2.18939e-31    8.77426e-07    
3.86355e-06    44318.7        44.3779        1.87525e+16    4.40506e-07    0.00266222     5.53435e-06    2.15118e-22    5.48203e-08    2.15118e-31    8.77426e-07    
3.86455e-06    44319.4        44.3791        1.87749e+16    4.40506e-07    0.00266222     5.53435e-06    2.11042e-22    5.48203e-08    2.11042e-31    8.77426e-07    
3.86555e-06    44320.1        44.3802        1.87973e+16    4.40506e-07    0.00266222     5.53435e-06    2.07043e-22    5.48203e-08    2.07043e-31    8.77426e-07    
3.86655e-06    44320.8        44.3814        1.88197e+16    4.40506e-07    0.00266222     5.53435e-06    2.03119e-22    5.48203e-08    2.03119e-31    8.77426e-07    
3.86755e-06    44321.4        44.3826        1.8842e+16     4.40887e-07    0.00266222     5.53435e-06    1.9927e-22     5.48203e-08    1.9927e-31     8.77426e-07    
3.86855e-06    44322.1        44.3838        1.88644e+16    4.40887e-07    0.00266222     5.53435e-06    1.95494e-22    5.48203e-08    1.95494e-31    8.77426e-07    
3.86955e-06    44322.8        44.385         1.88867e+16    4.40887e-07    0.00266222     5.53435e-06    1.9179e-22     5.48203e-08    1.9179e-31     8.77426e-07    
3.87055e-06    44323.4        44.3862        1.8909e+16     4.40887e-07    0.00266222     5.53435e-06    1.88155e-22    5.48203e-08    1.88155e-31    8.77426e-07    
3.87155e-06    44324.1        44.3873        1.89313e+16    4.40983e-07    0.00266222     5.53435e-06    1.84589e-22    5.48203e-08    1.84589e-31    8.77426e-07    
3.87255e-06    44324.8        44.3885        1.89535e+16    4.40983e-07    0.00266222     5.53435e-06    1.81091e-22    5.48203e-08    1.81091e-31    8.77426e-07    
3.87355e-06    44325.4        44.3897        1.89758e+16    4.41007e-07    0.00266222     5.53435e-06    1.77659e-22    5.48203e-08    1.77659e-31    8.77426e-07    
3.87455e-06    44326.1        44.3909        1.8998e+16     4.41007e-07    0.00266222     5.53435e-06    1.74291e-22    5.48203e-08    1.74291e-31    8.77426e-07    
3.87555e-06    44326.7        44.392         1.90202e+16    4.41031e-07    0.00266222     5.54046e-06    1.70988e-22    5.48203e-08    1.70988e-31    8.77426e-07    
3.87655e-06    44327.4        44.3932        1.90424e+16    4.41031e-07    0.00266222     5.54046e-06    1.67747e-22    5.48203e-08    1.67747e-31    8.77426e-07    
3.87755e-06    44328          44.3944        1.90646e+16    4.41031e-07    0.00266222     5.54046e-06    1.64567e-22    5.48203e-08    1.64567e-31    8.77426e-07    
3.87855e-06    44328.7        44.3955        1.90867e+16    4.41031e-07    0.00266222     5.54046e-06    1.61448e-22    5.48203e-08    1.61448e-31    8.77426e-07    
3.87955e-06    44329.3        44.3967        1.91089e+16    4.41031e-07    0.00266222     5.54046e-06    1.58387e-22    5.48203e-08    1.58387e-31    8.77426e-07    
3.88055e-06    44330          44.3978        1.9131e+16     4.41031e-07    0.00266222     5.54046e-06    1.55385e-22    5.48203e-08    1.55385e-31    8.77426e-07    
3.88155e-06    44330.6        44.399         1.91531e+16    4.41031e-07    0.00266222     5.54046e-06    1.52439e-22    5.48203e-08    1.52439e-31    8.77426e-07    
3.88255e-06    44331.3        44.4001        1.91752e+16    4.41031e-07    0.00266222     5.54046e-06    1.49549e-22    5.48203e-08    1.49549e-31    8.77426e-07    
3.88355e-06    44331.9        44.4013        1.91972e+16    4.41031e-07    0.00266222     5.54046e-06    1.46714e-22    5.48203e-08    1.46714e-31    8.77426e-07    
3.88455e-06    44332.6        44.4024        1.92193e+16    4.41031e-07    0.00266222     5.54046e-06    1.43932e-22    5.48203e-08    1.43932e-31    8.77426e-07    
3.88555e-06    44333.2        44.4036        1.92413e+16    4.41031e-07    0.00266222     5.54046e-06    1.41204e-22    5.48203e-08    1.41204e-31    8.77426e-07    
3.88655e-06    44333.9        44.4047        1.92633e+16    4.41031e-07    0.00266222     5.54046e-06    1.38526e-22    5.48203e-08    1.38526e-31    8.77426e-07    
3.88755e-06    44334.5        44.4059        1.92853e+16    4.41031e-07    0.00266222     5.54046e-06    1.359e-22      5.48203e-08    1.359e-31      8.77426e-07    
3.88855e-06    44335.2        44.407         1.93072e+16    4.41031e-07    0.00266222     5.54046e-06    1.33323e-22    5.48203e-08    1.33323e-31    8.77426e-07    
3.88955e-06    44335.8        44.4081        1.93292e+16    4.41126e-07    0.00266222     5.54046e-06    1.30795e-22    5.48203e-08    1.30795e-31    8.77426e-07    
3.89055e-06    44336.4        44.4093        1.93511e+16    4.4115e-07     0.00266222     5.54046e-06    1.28315e-22    5.48203e-08    1.28315e-31    8.77426e-07    
3.89155e-06    44337.1        44.4104        1.9373e+16     4.4115e-07     0.00266222     5.54046e-06    1.25881e-22    5.48203e-08    1.25881e-31    8.77426e-07    
3.89255e-06    44337.7        44.4115        1.93949e+16    4.41174e-07    0.00266222     5.54046e-06    1.23494e-22    5.48203e-08    1.23494e-31    8.77426e-07    
3.89355e-06    44338.3        44.4127        1.94168e+16    4.41174e-07    0.00266222     5.54046e-06    1.21639e-22    5.48203e-08    1.21639e-31    8.77426e-07    
3.89455e-06    44339          44.4138        1.94386e+16    4.41174e-07    0.00266222     5.54656e-06    1.19332e-22    5.48203e-08    1.19332e-31    8.77426e-07    
3.89555e-06    44339.6        44.4149        1.94605e+16    4.41174e-07    0.00266222     5.54656e-06    1.17069e-22    5.48203e-08    1.17069e-31    8.77426e-07    
3.89655e-06    44340.2        44.416         1.94823e+16    4.41174e-07    0.00266222     5.54656e-06    1.14849e-22    5.48203e-08    1.14849e-31    8.77426e-07    
3.89755e-06    44340.9        44.4172        1.95041e+16    4.41174e-07    0.00266222     5.54656e-06    1.12671e-22    5.48203e-08    1.12671e-31    8.77426e-07    
3.89855e-06    44341.5        44.4183        1.95259e+16    4.41174e-07    0.00266222     5.54656e-06    1.10534e-22    5.48203e-08    1.10534e-31    8.77426e-07    
3.89955e-06    44342.1        44.4194        1.95476e+16    4.41174e-07    0.00266222     5.55266e-06    1.08437e-22    5.48203e-08    1.08437e-31    8.77426e-07    
3.90055e-06    44342.8        44.4205        1.95693e+16    4.41174e-07    0.00266222     5.55266e-06    1.0638e-22     5.48203e-08    1.0638e-31     8.77426e-07    
3.90155e-06    44343.4        44.4216        1.9591e+16     4.41174e-07    0.00266222     5.55266e-06    1.04363e-22    5.48203e-08    1.04363e-31    8.77426e-07    
3.90255e-06    44344          44.4227        1.96127e+16    4.41174e-07    0.00266222     5.55266e-06    1.02383e-22    5.48203e-08    1.02383e-31    8.77426e-07    
3.90355e-06    44344.6        44.4238        1.96344e+16    4.41174e-07    0.00266222     5.55266e-06    1.00441e-22    5.48203e-08    1.00441e-31    8.77426e-07    
3.90455e-06    44345.2        44.4249        1.96561e+16    4.41174e-07    0.00266222     5.55266e-06    9.85354e-23    5.48203e-08    9.85354e-32    8.77426e-07    
3.90555e-06    44345.9        44.426         1.96777e+16    4.41174e-07    0.00266222     5.55266e-06    9.66661e-23    5.48203e-08    9.66661e-32    8.77426e-07    
3.90655e-06    44346.5        44.4271        1.96993e+16    4.41269e-07    0.00266222     5.55266e-06    9.48323e-23    5.48203e-08    9.48323e-32    8.77426e-07    
3.90755e-06    44347.1        44.4282        1.97209e+16    4.41269e-07    0.00266222     5.55266e-06    9.30331e-23    5.48203e-08    9.30331e-32    8.77426e-07    
3.90855e-06    44347.7        44.4293        1.97424e+16    4.41269e-07    0.00266222     5.55266e-06    9.12681e-23    5.48203e-08    9.12681e-32    8.77426e-07    
3.90955e-06    44348.3        44.4304        1.9764e+16     4.41269e-07    0.00266222     5.55266e-06    8.95365e-23    5.48203e-08    8.95365e-32    8.77426e-07    
3.91055e-06    44348.9        44.4315        1.97855e+16    4.41269e-07    0.00266222     5.55266e-06    8.78377e-23    5.48203e-08    8.78377e-32    8.77426e-07    
3.91155e-06    44349.5        44.4326        1.9807e+16     4.41269e-07    0.00266222     5.55266e-06    8.61711e-23    5.48203e-08    8.61711e-32    8.77426e-07    
3.91255e-06    44350.2        44.4337        1.98285e+16    4.41293e-07    0.00266222     5.55266e-06    8.45361e-23    5.48203e-08    8.45361e-32    8.77426e-07    
3.91355e-06    44350.8        44.4347        1.985e+16      4.41293e-07    0.00266222     5.55266e-06    8.2932e-23     5.48203e-08    8.2932e-32     8.77426e-07    
3.91455e-06    44351.4        44.4358        1.98714e+16    4.41293e-07    0.00266222     5.55266e-06    8.13707e-23    5.48203e-08    8.13707e-32    8.77426e-07    
3.91555e-06    44352          44.4369        1.98928e+16    4.41293e-07    0.00266222     5.55266e-06    7.98266e-23    5.48203e-08    7.98266e-32    8.77426e-07    
3.91655e-06    44352.6        44.438         1.99142e+16    4.41293e-07    0.00266222     5.55266e-06    7.83118e-23    5.48203e-08    7.83118e-32    8.77426e-07    
3.91755e-06    44353.2        44.439         1.99356e+16    4.41293e-07    0.00266222     5.55266e-06    7.68257e-23    5.48203e-08    7.68257e-32    8.77426e-07    
3.91855e-06    44353.8        44.4401        1.99569e+16    4.41293e-07    0.00266222     5.55266e-06    7.53678e-23    5.48203e-08    7.53678e-32    8.77426e-07    
3.91955e-06    44354.4        44.4412        1.99783e+16    4.41293e-07    0.00266222     5.55266e-06    7.39374e-23    5.48203e-08    7.39374e-32    8.77426e-07    
3.92055e-06    44355          44.4422        1.99996e+16    4.41293e-07    0.00266222     5.55266e-06    7.25342e-23    5.48203e-08    7.25342e-32    8.77426e-07    
3.92155e-06    44355.6        44.4433        2.00209e+16    4.41388e-07    0.00266222     5.55266e-06    7.11576e-23    5.48203e-08    7.11576e-32    8.77426e-07    
3.92255e-06    44356.2        44.4444        2.00422e+16    4.41388e-07    0.00266222     5.55266e-06    6.9807e-23     5.48203e-08    6.9807e-32     8.77426e-07    
3.92355e-06    44356.8        44.4454        2.00634e+16    4.41388e-07    0.00266222     5.55266e-06    6.84821e-23    5.48203e-08    6.84821e-32    8.77426e-07    
3.92455e-06    44357.4        44.4465        2.00846e+16    4.41388e-07    0.00266222     5.55266e-06    6.71823e-23    5.48203e-08    6.71823e-32    8.77426e-07    
3.92555e-06    44358          44.4475        2.01058e+16    4.41412e-07    0.00266222     5.55266e-06    6.59071e-23    5.48203e-08    6.59071e-32    8.77426e-07    
3.92655e-06    44358.6        44.4486        2.0127e+16     4.41412e-07    0.00266222     5.55266e-06    6.46561e-23    5.48203e-08    6.46561e-32    8.77426e-07    
3.92755e-06    44359.2        44.4496        2.01482e+16    4.41412e-07    0.00266222     5.55266e-06    6.34287e-23    5.48203e-08    6.34287e-32    8.77426e-07    
3.92855e-06    44359.8        44.4507        2.01693e+16    4.41412e-07    0.00266222     5.55266e-06    6.22247e-23    5.48203e-08    6.22247e-32    8.77426e-07    
3.92955e-06    44360.3        44.4517        2.01904e+16    4.41412e-07    0.00266222     5.55877e-06    6.10435e-23    5.48203e-08    6.10435e-32    8.77426e-07    
3.93055e-06    44360.9        44.4528        2.02115e+16    4.41412e-07    0.00266222     5.55877e-06    5.98846e-23    5.48203e-08    5.98846e-32    8.77426e-07    
3.93155e-06    44361.5        44.4538        2.02326e+16    4.41412e-07    0.00266222     5.55877e-06    5.87478e-23    5.48203e-08    5.87478e-32    8.77426e-07    
3.93255e-06    44362.1        44.4549        2.02536e+16    4.41412e-07    0.00266222     5.55877e-06    5.76325e-23    5.48203e-08    5.76325e-32    8.77426e-07    
3.93355e-06    44362.7        44.4559        2.02747e+16    4.41412e-07    0.00266222     5.55877e-06    5.65383e-23    5.48203e-08    5.65383e-32    8.77426e-07    
3.93455e-06    44363.3        44.4569        2.02957e+16    4.41412e-07    0.00266222     5.55877e-06    5.54649e-23    5.48203e-08    5.54649e-32    8.77426e-07    
3.93555e-06    44363.9        44.458         2.03166e+16    4.41412e-07    0.00266222     5.55877e-06    5.44118e-23    5.48203e-08    5.44118e-32    8.77426e-07    
3.93655e-06    44364.4        44.459         2.03376e+16    4.41412e-07    0.00266222     5.55877e-06    5.33787e-23    5.48203e-08    5.33787e-32    8.77426e-07    
3.93755e-06    44365          44.46          2.03585e+16    4.41412e-07    0.00266222     5.55877e-06    5.23652e-23    5.48203e-08    5.23652e-32    8.77426e-07    
3.93855e-06    44365.6        44.4611        2.03794e+16    4.41412e-07    0.00266222     5.55877e-06    5.13709e-23    5.48203e-08    5.13709e-32    8.77426e-07    
3.93955e-06    44366.2        44.4621        2.04003e+16    4.41412e-07    0.00266222     5.55877e-06    5.03954e-23    5.48203e-08    5.03954e-32    8.77426e-07    
3.94055e-06    44366.7        44.4631        2.04212e+16    4.41793e-07    0.00266222     5.55877e-06    4.94385e-23    5.48203e-08    4.94385e-32    8.77426e-07    
3.94155e-06    44367.3        44.4641        2.0442e+16     4.41793e-07    0.00266222     5.55877e-06    4.84997e-23    5.48203e-08    4.84997e-32    8.77426e-07    
3.94255e-06    44367.9        44.4651        2.04629e+16    4.41793e-07    0.00266222     5.55877e-06    4.75787e-23    5.48203e-08    4.75787e-32    8.77426e-07    
3.94355e-06    44368.5        44.4662        2.04836e+16    4.41793e-07    0.00266222     5.55877e-06    4.66751e-23    5.48203e-08    4.66751e-32    8.77426e-07    
3.94455e-06    44369          44.4672        2.05044e+16    4.41793e-07    0.00266222     5.55877e-06    4.57887e-23    5.48203e-08    4.57887e-32    8.77426e-07    
3.94555e-06    44369.6        44.4682        2.05252e+16    4.41793e-07    0.00266222     5.55877e-06    4.49191e-23    5.48203e-08    4.49191e-32    8.77426e-07    
3.94655e-06    44370.2        44.4692        2.05459e+16    4.41889e-07    0.00266222     5.55877e-06    4.4066e-23     5.48203e-08    4.4066e-32     8.77426e-07    
3.94755e-06    44370.7        44.4702        2.05666e+16    4.41889e-07    0.00266222     5.55877e-06    4.32291e-23    5.48203e-08    4.32291e-32    8.77426e-07    
3.94855e-06    44371.3        44.4712        2.05873e+16    4.41889e-07    0.00266222     5.55877e-06    4.24081e-23    5.48203e-08    4.2408e-32     8.77426e-07    
3.94955e-06    44371.9        44.4722        2.06079e+16    4.41889e-07    0.00266222     5.55877e-06    4.16026e-23    5.48203e-08    4.16026e-32    8.77426e-07    
3.95055e-06    44372.4        44.4732        2.06285e+16    4.41889e-07    0.00266222     5.55877e-06    4.08124e-23    5.48203e-08    4.08124e-32    8.77426e-07    
3.95155e-06    44373          44.4742        2.06491e+16    4.41889e-07    0.00266222     5.55877e-06    4.00372e-23    5.48203e-08    4.00372e-32    8.77426e-07    
3.95255e-06    44373.6        44.4752        2.06697e+16    4.41889e-07    0.00266222     5.55877e-06    3.92767e-23    5.48203e-08    3.92767e-32    8.77426e-07    
3.95355e-06    44374.1        44.4762        2.06903e+16    4.41913e-07    0.00266222     5.55877e-06    3.85306e-23    5.48203e-08    3.85306e-32    8.77426e-07    
3.95455e-06    44374.7        44.4772        2.07108e+16    4.41913e-07    0.00266222     5.55877e-06    3.77987e-23    5.48203e-08    3.77987e-32    8.77426e-07    
3.95555e-06    44375.2        44.4782        2.07313e+16    4.42008e-07    0.00266222     5.55877e-06    3.70806e-23    5.48203e-08    3.70806e-32    8.77426e-07    
3.95655e-06    44375.8        44.4792        2.07518e+16    4.42008e-07    0.00266222     5.55877e-06    3.63762e-23    5.48203e-08    3.63762e-32    8.77426e-07    
3.95755e-06    44376.3        44.4801        2.07722e+16    4.42008e-07    0.00266222     5.55877e-06    3.56852e-23    5.48203e-08    3.56852e-32    8.77426e-07    
3.95855e-06    44376.9        44.4811        2.07927e+16    4.4239e-07     0.00266222     5.55877e-06    3.50084e-23    5.48203e-08    3.50084e-32    8.77426e-07    
3.95955e-06    44377.4        44.4821        2.08131e+16    4.4239e-07     0.00266222     5.55877e-06    3.43432e-23    5.48203e-08    3.43432e-32    8.77426e-07    
3.96055e-06    44378          44.4831        2.08335e+16    4.4239e-07     0.00266222     5.55877e-06    3.36908e-23    5.48203e-08    3.36908e-32    8.77426e-07    
3.96155e-06    44378.5        44.4841        2.08538e+16    4.4239e-07     0.00266222     5.55877e-06    3.30507e-23    5.48203e-08    3.30507e-32    8.77426e-07    
3.96255e-06    44379.1        44.485         2.08742e+16    4.4239e-07     0.00266222     5.55877e-06    3.24227e-23    5.48203e-08    3.24227e-32    8.77426e-07    
3.96355e-06    44379.6        44.486         2.08945e+16    4.4239e-07     0.00266222     5.55877e-06    3.18066e-23    5.48203e-08    3.18066e-32    8.77426e-07    
3.96455e-06    44380.2        44.487         2.09148e+16    4.4239e-07     0.00266222     5.55877e-06    3.12023e-23    5.48203e-08    3.12023e-32    8.77426e-07    
3.96555e-06    44380.7        44.488         2.0935e+16     4.4239e-07     0.00266222     5.55877e-06    3.06094e-23    5.48203e-08    3.06094e-32    8.77426e-07    
3.96655e-06    44381.3        44.4889        2.09552e+16    4.4239e-07     0.00266222     5.55877e-06    3.00278e-23    5.48203e-08    3.00278e-32    8.77426e-07    
3.96755e-06    44381.8        44.4899        2.09755e+16    4.4239e-07     0.00266222     5.55877e-06    2.94572e-23    5.48203e-08    2.94572e-32    8.77426e-07    
3.96855e-06    44382.4        44.4908        2.09956e+16    4.4239e-07     0.00266222     5.56487e-06    2.88974e-23    5.48203e-08    2.88974e-32    8.77426e-07    
3.96955e-06    44382.9        44.4918        2.10158e+16    4.42485e-07    0.00266222     5.56487e-06    2.83482e-23    5.48203e-08    2.83482e-32    8.77426e-07    
3.97055e-06    44383.4        44.4928        2.10359e+16    4.42485e-07    0.00266222     5.56487e-06    2.78095e-23    5.48203e-08    2.78095e-32    8.77426e-07    
3.97155e-06    44384          44.4937        2.1056e+16     4.42485e-07    0.00266222     5.56487e-06    2.7281e-23     5.48203e-08    2.7281e-32     8.77426e-07    
3.97255e-06    44384.5        44.4947        2.10761e+16    4.42485e-07    0.00266222     5.56487e-06    2.67625e-23    5.48203e-08    2.67625e-32    8.77426e-07    
3.97355e-06    44385          44.4956        2.10962e+16    4.42485e-07    0.00266222     5.56487e-06    2.62539e-23    5.48203e-08    2.62539e-32    8.77426e-07    
3.97455e-06    44385.6        44.4966        2.11162e+16    4.42485e-07    0.00266222     5.56487e-06    2.57549e-23    5.48203e-08    2.57549e-32    8.77426e-07    
3.97555e-06    44386.1        44.4975        2.11362e+16    4.42485e-07    0.00266222     5.56487e-06    2.52654e-23    5.48203e-08    2.52654e-32    8.77426e-07    
3.97655e-06    44386.6        44.4985        2.11562e+16    4.42485e-07    0.00266222     5.56487e-06    2.47852e-23    5.48203e-08    2.47852e-32    8.77426e-07    
3.97755e-06    44387.2        44.4994        2.11762e+16    4.42485e-07    0.00266222     5.56487e-06    2.43141e-23    5.48203e-08    2.43141e-32    8.77426e-07    
3.97855e-06    44387.7        44.5003        2.11961e+16    4.42485e-07    0.00266222     5.56487e-06    2.38519e-23    5.48203e-08    2.38519e-32    8.77426e-07    
3.97955e-06    44388.2        44.5013        2.1216e+16     4.42485e-07    0.00266222     5.56487e-06    2.33986e-23    5.48203e-08    2.33986e-32    8.77426e-07    
3.98055e-06    44388.8        44.5022        2.12359e+16    4.42485e-07    0.00266222     5.56487e-06    2.29538e-23    5.48203e-08    2.29538e-32    8.77426e-07    
3.98155e-06    44389.3        44.5032        2.12557e+16    4.42485e-07    0.00266222     5.56487e-06    2.25174e-23    5.48203e-08    2.25174e-32    8.77426e-07    
3.98255e-06    44389.8        44.5041        2.12756e+16    4.42485e-07    0.00266222     5.56487e-06    2.20894e-23    5.48203e-08    2.20894e-32    8.77426e-07    
3.98355e-06    44390.3        44.505         2.12954e+16    4.42509e-07    0.00266222     5.56487e-06    2.16695e-23    5.48203e-08    2.16695e-32    8.77426e-07    
3.98455e-06    44390.9        44.5059        2.13151e+16    4.4289e-07     0.00266222     5.56487e-06    2.12575e-23    5.48203e-08    2.12575e-32    8.77426e-07    
3.98555e-06    44391.4        44.5069        2.13349e+16    4.4289e-07     0.00266222     5.56487e-06    2.08534e-23    5.48203e-08    2.08534e-32    8.77426e-07    
3.98655e-06    44391.9        44.5078        2.13546e+16    4.4289e-07     0.00266222     5.56487e-06    2.04569e-23    5.48203e-08    2.04569e-32    8.77426e-07    
3.98755e-06    44392.4        44.5087        2.13743e+16    4.4289e-07     0.00266222     5.56487e-06    2.0068e-23     5.48203e-08    2.0068e-32     8.77426e-07    
3.98855e-06    44392.9        44.5096        2.1394e+16     4.43272e-07    0.00266222     5.56487e-06    1.96865e-23    5.48203e-08    1.96865e-32    8.77426e-07    
3.98955e-06    44393.5        44.5106        2.14136e+16    4.43272e-07    0.00266222     5.56487e-06    1.93122e-23    5.48203e-08    1.93122e-32    8.77426e-07    
3.99055e-06    44394          44.5115        2.14332e+16    4.43272e-07    0.00266222     5.56487e-06    1.8945e-23     5.48203e-08    1.8945e-32     8.77426e-07    
3.99155e-06    44394.5        44.5124        2.14528e+16    4.43272e-07    0.00266222     5.57097e-06    1.85847e-23    5.48203e-08    1.85847e-32    8.77426e-07    
3.99255e-06    44395          44.5133        2.14724e+16    4.43272e-07    0.00266222     5.57097e-06    1.82314e-23    5.48203e-08    1.82314e-32    8.77426e-07    
3.99355e-06    44395.5        44.5142        2.14919e+16    4.43272e-07    0.00266222     5.57097e-06    1.7926e-23     5.48203e-08    1.7926e-32     8.77426e-07    
3.99455e-06    44396          44.5151        2.15114e+16    4.43272e-07    0.00266222     5.57097e-06    1.75851e-23    5.48203e-08    1.75851e-32    8.77426e-07    
3.99555e-06    44396.5        44.516         2.15309e+16    4.43272e-07    0.00266222     5.57097e-06    1.72507e-23    5.48203e-08    1.72507e-32    8.77426e-07    
3.99655e-06    44397          44.5169        2.15503e+16    4.43367e-07    0.00266222     5.57097e-06    1.69227e-23    5.48203e-08    1.69227e-32    8.77426e-07    
3.99755e-06    44397.5        44.5178        2.15697e+16    4.43367e-07    0.00266222     5.57097e-06    1.66009e-23    5.48203e-08    1.66009e-32    8.77426e-07    
3.99855e-06    44398          44.5187        2.15891e+16    4.43367e-07    0.00266222     5.57097e-06    1.62851e-23    5.48203e-08    1.62851e-32    8.77426e-07    
3.99955e-06    44398.6        44.5196        2.16085e+16    4.43367e-07    0.00266222     5.57097e-06    1.59754e-23    5.48203e-08    1.59754e-32    8.77426e-07    
4.00055e-06    44399.1        44.5205        2.16278e+16    4.43462e-07    0.00266222     5.57097e-06    1.56716e-23    5.48203e-08    1.56716e-32    8.77426e-07    
4.00155e-06    44399.6        44.5214        2.16472e+16    4.43462e-07    0.00266222     5.57097e-06    1.53736e-23    5.48203e-08    1.53736e-32    8.77426e-07    
4.00255e-06    44400.1        44.5223        2.16664e+16    4.43462e-07    0.00266222     5.57097e-06    1.50812e-23    5.48203e-08    1.50812e-32    8.77426e-07    
4.00355e-06    44400.6        44.5232        2.16857e+16    4.43462e-07    0.00266222     5.57097e-06    1.47943e-23    5.48203e-08    1.47943e-32    8.77426e-07    
4.00455e-06    44401.1        44.5241        2.17049e+16    4.43462e-07    0.00266222     5.57097e-06    1.45129e-23    5.48203e-08    1.45129e-32    8.77426e-07    
4.00555e-06    44401.6        44.525         2.17241e+16    4.43462e-07    0.00266222     5.57097e-06    1.42369e-23    5.48203e-08    1.42369e-32    8.77426e-07    
4.00655e-06    44402.1        44.5258        2.17433e+16    4.43462e-07    0.00266222     5.57097e-06    1.39661e-23    5.48203e-08    1.39661e-32    8.77426e-07    
4.00755e-06    44402.5        44.5267        2.17624e+16    4.43462e-07    0.00266222     5.57097e-06    1.37018e-23    5.48203e-08    1.37018e-32    8.77426e-07    
4.00855e-06    44403          44.5276        2.17816e+16    4.43462e-07    0.00266222     5.57097e-06    1.34411e-23    5.48203e-08    1.34411e-32    8.77426e-07    
4.00955e-06    44403.5        44.5285        2.18006e+16    4.43462e-07    0.00266222     5.57097e-06    1.31855e-23    5.48203e-08    1.31855e-32    8.77426e-07    
4.01055e-06    44404          44.5293        2.18197e+16    4.43462e-07    0.00266222     5.57097e-06    1.29347e-23    5.48203e-08    1.29347e-32    8.77426e-07    
4.01155e-06    44404.5        44.5302        2.18387e+16    4.43462e-07    0.00266222     5.57097e-06    1.26886e-23    5.48203e-08    1.26886e-32    8.77426e-07    
4.01255e-06    44405          44.5311        2.18577e+16    4.43462e-07    0.00266222     5.57097e-06    1.24472e-23    5.48203e-08    1.24472e-32    8.77426e-07    
4.01355e-06    44405.5        44.532         2.18767e+16    4.43462e-07    0.00266222     5.57097e-06    1.22105e-23    5.48203e-08    1.22105e-32    8.77426e-07    
4.01455e-06    44406          44.5328        2.18957e+16    4.43462e-07    0.00266222     5.57097e-06    1.19782e-23    5.48203e-08    1.19782e-32    8.77426e-07    
4.01555e-06    44406.5        44.5337        2.19146e+16    4.43462e-07    0.00266222     5.57097e-06    1.17503e-23    5.48203e-08    1.17503e-32    8.77426e-07    
4.01655e-06    44407          44.5345        2.19335e+16    4.43462e-07    0.00266222     5.57097e-06    1.15268e-23    5.48203e-08    1.15268e-32    8.77426e-07    
4.01755e-06    44407.4        44.5354        2.19524e+16    4.43558e-07    0.00266222     5.57097e-06    1.13075e-23    5.48203e-08    1.13075e-32    8.77426e-07    
4.01855e-06    44407.9        44.5363        2.19712e+16    4.43558e-07    0.00266222     5.57097e-06    1.10923e-23    5.48203e-08    1.10923e-32    8.77426e-07    
4.01955e-06    44408.4        44.5371        2.199e+16      4.43558e-07    0.00266222     5.57097e-06    1.08813e-23    5.48203e-08    1.08813e-32    8.77426e-07    
4.02055e-06    44408.9        44.538         2.20088e+16    4.43558e-07    0.00266222     5.57097e-06    1.06743e-23    5.48203e-08    1.06743e-32    8.77426e-07    
4.02155e-06    44409.4        44.5388        2.20276e+16    4.43558e-07    0.00266222     5.57097e-06    1.04712e-23    5.48203e-08    1.04712e-32    8.77426e-07    
4.02255e-06    44409.8        44.5397        2.20463e+16    4.43558e-07    0.00266222     5.57097e-06    1.02719e-23    5.48203e-08    1.02719e-32    8.77426e-07    
4.02355e-06    44410.3        44.5405        2.2065e+16     4.43558e-07    0.00266222     5.57097e-06    1.00765e-23    5.48203e-08    1.00765e-32    8.77426e-07    
4.02455e-06    44410.8        44.5414        2.20837e+16    4.43558e-07    0.00266222     5.57097e-06    9.88477e-24    5.48203e-08    9.88477e-33    8.77426e-07    
4.02555e-06    44411.3        44.5422        2.21023e+16    4.43558e-07    0.00266222     5.57097e-06    9.69668e-24    5.48203e-08    9.69668e-33    8.77426e-07    
4.02655e-06    44411.7        44.5431        2.21209e+16    4.43558e-07    0.00266222     5.57097e-06    9.51217e-24    5.48203e-08    9.51217e-33    8.77426e-07    
4.02755e-06    44412.2        44.5439        2.21395e+16    4.43558e-07    0.00266222     5.57097e-06    9.33117e-24    5.48203e-08    9.33117e-33    8.77426e-07    
4.02855e-06    44412.7        44.5447        2.21581e+16    4.43558e-07    0.00266222     5.57097e-06    9.1536e-24     5.48203e-08    9.1536e-33     8.77426e-07    
4.02955e-06    44413.2        44.5456        2.21766e+16    4.43558e-07    0.00266222     5.57097e-06    8.97942e-24    5.48203e-08    8.97942e-33    8.77426e-07    
4.03055e-06    44413.6        44.5464        2.21951e+16    4.43558e-07    0.00266222     5.57097e-06    8.80854e-24    5.48203e-08    8.80854e-33    8.77426e-07    
4.03155e-06    44414.1        44.5472        2.22136e+16    4.43558e-07    0.00266222     5.57097e-06    8.64091e-24    5.48203e-08    8.64091e-33    8.77426e-07    
4.03255e-06    44414.6        44.5481        2.2232e+16     4.43649e-07    0.00268175     5.57097e-06    8.47647e-24    5.48203e-08    8.47647e-33    8.77426e-07    
4.03355e-06    44415          44.5489        2.22504e+16    4.43649e-07    0.00268175     5.57097e-06    8.31515e-24    5.48203e-08    8.31515e-33    8.77426e-07    
4.03455e-06    44415.5        44.5497        2.22688e+16    4.43649e-07    0.00268175     5.57097e-06    8.1569e-24     5.48203e-08    8.1569e-33     8.77426e-07    
4.03555e-06    44415.9        44.5505        2.22871e+16    4.43649e-07    0.00268175     5.57097e-06    8.00166e-24    5.48203e-08    8.00166e-33    8.77426e-07    
4.03655e-06    44416.4        44.5514        2.23055e+16    4.43649e-07    0.00268175     5.57097e-06    7.84937e-24    5.48203e-08    7.84937e-33    8.77426e-07    
4.03755e-06    44416.9        44.5522        2.23237e+16    4.43649e-07    0.00268175     5.57097e-06    7.69998e-24    5.48203e-08    7.69998e-33    8.77426e-07    
4.03855e-06    44417.3        44.553         2.2342e+16     4.43649e-07    0.00268175     5.57097e-06    7.55343e-24    5.48203e-08    7.55343e-33    8.77426e-07    
4.03955e-06    44417.8        44.5538        2.23602e+16    4.43649e-07    0.00268175     5.57097e-06    7.40966e-24    5.48203e-08    7.40966e-33    8.77426e-07    
4.04055e-06    44418.2        44.5546        2.23784e+16    4.43649e-07    0.00268175     5.57097e-06    7.26862e-24    5.48203e-08    7.26862e-33    8.77426e-07    
4.04155e-06    44418.7        44.5554        2.23966e+16    4.43649e-07    0.00268175     5.57097e-06    7.13028e-24    5.48203e-08    7.13028e-33    8.77426e-07    
4.04255e-06    44419.2        44.5563        2.24147e+16    4.43649e-07    0.00268175     5.57097e-06    6.99456e-24    5.48203e-08    6.99456e-33    8.77426e-07    
4.04355e-06    44419.6        44.5571        2.24328e+16    4.43649e-07    0.00268175     5.57097e-06    6.86142e-24    5.48203e-08    6.86142e-33    8.77426e-07    
4.04455e-06    44420.1        44.5579        2.24509e+16    4.43649e-07    0.00268175     5.57097e-06    6.73081e-24    5.48203e-08    6.73081e-33    8.77426e-07    
4.04555e-06    44420.5        44.5587        2.2469e+16     4.44031e-07    0.00268175     5.57097e-06    6.60268e-24    5.48203e-08    6.60268e-33    8.77426e-07    
4.04655e-06    44421          44.5595        2.2487e+16     4.44031e-07    0.00268175     5.57097e-06    6.47699e-24    5.48203e-08    6.47699e-33    8.77426e-07    
4.04755e-06    44421.4        44.5603        2.2505e+16     4.44031e-07    0.00268175     5.57097e-06    6.35369e-24    5.48203e-08    6.35369e-33    8.77426e-07    
4.04855e-06    44421.9        44.5611        2.25229e+16    4.44031e-07    0.00268175     5.57097e-06    6.23274e-24    5.48203e-08    6.23274e-33    8.77426e-07    
4.04955e-06    44422.3        44.5619        2.25408e+16    4.44031e-07    0.00268175     5.57097e-06    6.11408e-24    5.48203e-08    6.11408e-33    8.77426e-07    
4.05055e-06    44422.8        44.5627        2.25587e+16    4.44031e-07    0.00268175     5.57097e-06    5.99768e-24    5.48203e-08    5.99768e-33    8.77426e-07    
4.05155e-06    44423.2        44.5634        2.25766e+16    4.44031e-07    0.00268175     5.57097e-06    5.88349e-24    5.48203e-08    5.88349e-33    8.77426e-07    
4.05255e-06    44423.7        44.5642        2.25944e+16    4.44031e-07    0.00268175     5.57097e-06    5.77148e-24    5.48203e-08    5.77148e-33    8.77426e-07    
4.05355e-06    44424.1        44.565         2.26122e+16    4.44031e-07    0.00268175     5.57097e-06    5.6616e-24     5.48203e-08    5.6616e-33     8.77426e-07    
4.05455e-06    44424.5        44.5658        2.263e+16      4.44031e-07    0.00268175     5.57097e-06    5.5538e-24     5.48203e-08    5.5538e-33     8.77426e-07    
4.05555e-06    44425          44.5666        2.26477e+16    4.44031e-07    0.00268175     5.57708e-06    5.44806e-24    5.48203e-08    5.44806e-33    8.77426e-07    
4.05655e-06    44425.4        44.5674        2.26654e+16    4.44031e-07    0.00268175     5.57708e-06    5.34432e-24    5.48203e-08    5.34432e-33    8.77426e-07    
4.05755e-06    44425.9        44.5682        2.26831e+16    4.44031e-07    0.00268175     5.57708e-06    5.24256e-24    5.48203e-08    5.24256e-33    8.77426e-07    
4.05855e-06    44426.3        44.5689        2.27008e+16    4.44031e-07    0.00268175     5.57708e-06    5.14274e-24    5.48203e-08    5.14274e-33    8.77426e-07    
4.05955e-06    44426.7        44.5697        2.27184e+16    4.44031e-07    0.00268175     5.57708e-06    5.04481e-24    5.48203e-08    5.04481e-33    8.77426e-07    
4.06055e-06    44427.2        44.5705        2.2736e+16     4.44031e-07    0.00268175     5.57708e-06    4.94875e-24    5.48203e-08    4.94875e-33    8.77426e-07    
4.06155e-06    44427.6        44.5713        2.27535e+16    4.44031e-07    0.00268175     5.57708e-06    4.85451e-24    5.48203e-08    4.85451e-33    8.77426e-07    
4.06255e-06    44428          44.572         2.2771e+16     4.44031e-07    0.00268175     5.57708e-06    4.76206e-24    5.48203e-08    4.76206e-33    8.77426e-07    
4.06355e-06    44428.5        44.5728        2.27885e+16    4.44031e-07    0.00268175     5.57708e-06    4.67138e-24    5.48203e-08    4.67138e-33    8.77426e-07    
4.06455e-06    44428.9        44.5736        2.2806e+16     4.44031e-07    0.00268175     5.57708e-06    4.58242e-24    5.48203e-08    4.58242e-33    8.77426e-07    
4.06555e-06    44429.3        44.5743        2.28234e+16    4.44031e-07    0.00268175     5.57708e-06    4.49515e-24    5.48203e-08    4.49515e-33    8.77426e-07    
4.06655e-06    44429.7        44.5751        2.28408e+16    4.44031e-07    0.00268175     5.57708e-06    4.40954e-24    5.48203e-08    4.40954e-33    8.77426e-07    
4.06755e-06    44430.2        44.5758        2.28582e+16    4.44031e-07    0.00268175     5.57708e-06    4.32556e-24    5.48203e-08    4.32556e-33    8.77426e-07    
4.06855e-06    44430.6        44.5766        2.28755e+16    4.44031e-07    0.00268175     5.57708e-06    4.24318e-24    5.48203e-08    4.24318e-33    8.77426e-07    
4.06955e-06    44431          44.5774        2.28928e+16    4.44031e-07    0.00268175     5.57708e-06    4.16236e-24    5.48203e-08    4.16236e-33    8.77426e-07    
4.07055e-06    44431.5        44.5781        2.29101e+16    4.44031e-07    0.00268175     5.57708e-06    4.08309e-24    5.48203e-08    4.08308e-33    8.77426e-07    
4.07155e-06    44431.9        44.5789        2.29273e+16    4.44031e-07    0.00268175     5.57708e-06    4.00532e-24    5.48203e-08    4.00532e-33    8.77426e-07    
4.07255e-06    44432.3        44.5796        2.29445e+16    4.44031e-07    0.00268175     5.57708e-06    3.92903e-24    5.48203e-08    3.92903e-33    8.77426e-07    
4.07355e-06    44432.7        44.5804        2.29617e+16    4.44031e-07    0.00268175     5.57708e-06    3.85419e-24    5.48203e-08    3.85419e-33    8.77426e-07    
4.07455e-06    44433.1        44.5811        2.29788e+16    4.44031e-07    0.00268175     5.57708e-06    3.78077e-24    5.48203e-08    3.78077e-33    8.77426e-07    
4.07555e-06    44433.6        44.5818        2.29959e+16    4.44031e-07    0.00268175     5.57708e-06    3.70876e-24    5.48203e-08    3.70876e-33    8.77426e-07    
4.07655e-06    44434          44.5826        2.3013e+16     4.44412e-07    0.00268175     5.57708e-06    3.63811e-24    5.48203e-08    3.63811e-33    8.77426e-07    
4.07755e-06    44434.4        44.5833        2.303e+16      4.44412e-07    0.00268175     5.57708e-06    3.56881e-24    5.48203e-08    3.56881e-33    8.77426e-07    
4.07855e-06    44434.8        44.5841        2.3047e+16     4.44436e-07    0.00268175     5.57708e-06    3.50082e-24    5.48203e-08    3.50082e-33    8.77426e-07    
4.07955e-06    44435.2        44.5848        2.3064e+16     4.44436e-07    0.00268175     5.57708e-06    3.43413e-24    5.48203e-08    3.43413e-33    8.77426e-07    
4.08055e-06    44435.6        44.5855        2.3081e+16     4.44818e-07    0.00268175     5.57708e-06    3.36871e-24    5.48203e-08    3.36871e-33    8.77426e-07    
4.08155e-06    44436          44.5863        2.30979e+16    4.44818e-07    0.00268175     5.57708e-06    3.30453e-24    5.48203e-08    3.30453e-33    8.77426e-07    
4.08255e-06    44436.5        44.587         2.31148e+16    4.45199e-07    0.00268175     5.57708e-06    3.24158e-24    5.48203e-08    3.24158e-33    8.77426e-07    
4.08355e-06    44436.9        44.5877        2.31316e+16    4.45199e-07    0.00268175     5.57708e-06    3.17982e-24    5.48203e-08    3.17982e-33    8.77426e-07    
4.08455e-06    44437.3        44.5885        2.31484e+16    4.45199e-07    0.00268175     5.57708e-06    3.11924e-24    5.48203e-08    3.11924e-33    8.77426e-07    
4.08555e-06    44437.7        44.5892        2.31652e+16    4.45199e-07    0.00268175     5.57708e-06    3.05981e-24    5.48203e-08    3.05981e-33    8.77426e-07    
4.08655e-06    44438.1        44.5899        2.3182e+16     4.45223e-07    0.00268175     5.57708e-06    3.00151e-24    5.48203e-08    3.00151e-33    8.77426e-07    
4.08755e-06    44438.5        44.5906        2.31987e+16    4.45223e-07    0.00268175     5.57708e-06    2.94432e-24    5.48203e-08    2.94432e-33    8.77426e-07    
4.08855e-06    44438.9        44.5913        2.32154e+16    4.45223e-07    0.00268175     5.57708e-06    2.88822e-24    5.48203e-08    2.88822e-33    8.77426e-07    
4.08955e-06    44439.3        44.5921        2.3232e+16     4.45247e-07    0.00268175     5.57708e-06    2.83319e-24    5.48203e-08    2.83319e-33    8.77426e-07    
4.09055e-06    44439.7        44.5928        2.32486e+16    4.45247e-07    0.00268175     5.57708e-06    2.77921e-24    5.48203e-08    2.77921e-33    8.77426e-07    
4.09155e-06    44440.1        44.5935        2.32652e+16    4.45247e-07    0.00268175     5.57708e-06    2.72625e-24    5.48203e-08    2.72625e-33    8.77426e-07    
4.09255e-06    44440.5        44.5942        2.32818e+16    4.45247e-07    0.00268175     5.57708e-06    2.6743e-24     5.48203e-08    2.6743e-33     8.77426e-07    
4.09355e-06    44440.9        44.5949        2.32983e+16    4.45247e-07    0.00268175     5.57708e-06    2.62334e-24    5.48203e-08    2.62334e-33    8.77426e-07    
4.09455e-06    44441.3        44.5956        2.33148e+16    4.45271e-07    0.00268175     5.57708e-06    2.57335e-24    5.48203e-08    2.57335e-33    8.77426e-07    
4.09555e-06    44441.7        44.5963        2.33312e+16    4.45271e-07    0.00268175     5.57708e-06    2.52431e-24    5.48203e-08    2.52431e-33    8.77426e-07    
4.09655e-06    44442.1        44.597         2.33476e+16    4.45271e-07    0.00268175     5.57708e-06    2.47621e-24    5.48203e-08    2.47621e-33    8.77426e-07    
4.09755e-06    44442.5        44.5977        2.3364e+16     4.45366e-07    0.00268175     5.57708e-06    2.42902e-24    5.48203e-08    2.42902e-33    8.77426e-07    
4.09855e-06    44442.9        44.5984        2.33804e+16    4.45366e-07    0.00268175     5.57708e-06    2.38273e-24    5.48203e-08    2.38273e-33    8.77426e-07    
4.09955e-06    44443.3        44.5991        2.33967e+16    4.45366e-07    0.00268175     5.57708e-06    2.33732e-24    5.48203e-08    2.33732e-33    8.77426e-07    
4.10055e-06    44443.7        44.5998        2.3413e+16     4.45366e-07    0.00268175     5.57708e-06    2.29277e-24    5.48203e-08    2.29277e-33    8.77426e-07    
4.10155e-06    44444.1        44.6005        2.34292e+16    4.45366e-07    0.00268175     5.57708e-06    2.24908e-24    5.48203e-08    2.24908e-33    8.77426e-07    
4.10255e-06    44444.4        44.6012        2.34455e+16    4.45461e-07    0.00268175     5.57708e-06    2.20621e-24    5.48203e-08    2.20621e-33    8.77426e-07    
4.10355e-06    44444.8        44.6019        2.34616e+16    4.45461e-07    0.00268175     5.57708e-06    2.16416e-24    5.48203e-08    2.16416e-33    8.77426e-07    
4.10455e-06    44445.2        44.6026        2.34778e+16    4.45461e-07    0.00268175     5.57708e-06    2.12291e-24    5.48203e-08    2.12291e-33    8.77426e-07    
4.10555e-06    44445.6        44.6033        2.34939e+16    4.45461e-07    0.00268175     5.57708e-06    2.08245e-24    5.48203e-08    2.08245e-33    8.77426e-07    
4.10655e-06    44446          44.604         2.351e+16      4.45461e-07    0.00268175     5.57708e-06    2.04276e-24    5.48203e-08    2.04276e-33    8.77426e-07    
4.10755e-06    44446.4        44.6046        2.3526e+16     4.45461e-07    0.00268175     5.57708e-06    2.00382e-24    5.48203e-08    2.00382e-33    8.77426e-07    
4.10855e-06    44446.8        44.6053        2.35421e+16    4.45843e-07    0.00268175     5.57708e-06    1.96563e-24    5.48203e-08    1.96562e-33    8.77426e-07    
4.10955e-06    44447.1        44.606         2.3558e+16     4.45843e-07    0.00268175     5.57708e-06    1.92816e-24    5.48203e-08    1.92816e-33    8.77426e-07    
4.11055e-06    44447.5        44.6067        2.3574e+16     4.45843e-07    0.00268175     5.57708e-06    1.8914e-24     5.48203e-08    1.8914e-33     8.77426e-07    
4.11155e-06    44447.9        44.6074        2.35899e+16    4.45843e-07    0.00268175     5.57708e-06    1.85535e-24    5.48203e-08    1.85535e-33    8.77426e-07    
4.11255e-06    44448.3        44.608         2.36058e+16    4.45843e-07    0.00268175     5.57708e-06    1.81998e-24    5.48203e-08    1.81998e-33    8.77426e-07    
4.11355e-06    44448.7        44.6087        2.36217e+16    4.45843e-07    0.00268175     5.57708e-06    1.78529e-24    5.48203e-08    1.78528e-33    8.77426e-07    
4.11455e-06    44449          44.6094        2.36375e+16    4.45843e-07    0.00268175     5.57708e-06    1.75125e-24    5.48203e-08    1.75125e-33    8.77426e-07    
4.11555e-06    44449.4        44.61          2.36533e+16    4.45843e-07    0.00268175     5.57708e-06    1.71787e-24    5.48203e-08    1.71787e-33    8.77426e-07    
4.11655e-06    44449.8        44.6107        2.3669e+16     4.45843e-07    0.00268175     5.57708e-06    1.68512e-24    5.48203e-08    1.68512e-33    8.77426e-07    
4.11755e-06    44450.2        44.6114        2.36847e+16    4.4632e-07     0.00268175     5.57708e-06    1.65299e-24    5.48203e-08    1.65299e-33    8.77426e-07    
4.11855e-06    44450.5        44.612         2.37004e+16    4.4632e-07     0.00268175     5.57708e-06    1.62148e-24    5.48203e-08    1.62148e-33    8.77426e-07    
4.11955e-06    44450.9        44.6127        2.37161e+16    4.4632e-07     0.00268175     5.57708e-06    1.59056e-24    5.48203e-08    1.59056e-33    8.77426e-07    
4.12055e-06    44451.3        44.6133        2.37317e+16    4.4632e-07     0.00268175     5.57708e-06    1.56024e-24    5.48203e-08    1.56024e-33    8.77426e-07    
4.12155e-06    44451.6        44.614         2.37472e+16    4.4632e-07     0.00268175     5.57708e-06    1.53049e-24    5.48203e-08    1.53049e-33    8.77426e-07    
4.12255e-06    44452          44.6147        2.37628e+16    4.4632e-07     0.00268175     5.57708e-06    1.50131e-24    5.48203e-08    1.50131e-33    8.77426e-07    
4.12355e-06    44452.4        44.6153        2.37783e+16    4.4632e-07     0.00268175     5.57708e-06    1.47268e-24    5.48203e-08    1.47268e-33    8.77426e-07    
4.12455e-06    44452.7        44.616         2.37938e+16    4.4632e-07     0.00268175     5.57708e-06    1.4446e-24     5.48203e-08    1.4446e-33     8.77426e-07    
4.12555e-06    44453.1        44.6166        2.38092e+16    4.4632e-07     0.00268175     5.57708e-06    1.41706e-24    5.48203e-08    1.41706e-33    8.77426e-07    
4.12655e-06    44453.5        44.6173        2.38246e+16    4.4632e-07     0.00268175     5.57708e-06    1.39004e-24    5.48203e-08    1.39004e-33    8.77426e-07    
4.12755e-06    44453.8        44.6179        2.384e+16      4.4632e-07     0.00268175     5.57708e-06    1.36353e-24    5.48203e-08    1.36353e-33    8.77426e-07    
4.12855e-06    44454.2        44.6185        2.38553e+16    4.4632e-07     0.00268175     5.57708e-06    1.33753e-24    5.48203e-08    1.33753e-33    8.77426e-07    
4.12955e-06    44454.5        44.6192        2.38707e+16    4.4632e-07     0.00268175     5.57708e-06    1.31203e-24    5.48203e-08    1.31203e-33    8.77426e-07    
4.13055e-06    44454.9        44.6198        2.38859e+16    4.4632e-07     0.00268175     5.57708e-06    1.28701e-24    5.48203e-08    1.28701e-33    8.77426e-07    
4.13155e-06    44455.3        44.6205        2.39012e+16    4.4632e-07     0.00268175     5.57708e-06    1.26246e-24    5.48203e-08    1.26246e-33    8.77426e-07    
4.13255e-06    44455.6        44.6211        2.39164e+16    4.4632e-07     0.00268175     5.57708e-06    1.23839e-24    5.48203e-08    1.23839e-33    8.77426e-07    
4.13355e-06    44456          44.6217        2.39315e+16    4.4632e-07     0.00268175     5.57708e-06    1.21477e-24    5.48203e-08    1.21477e-33    8.77426e-07    
4.13455e-06    44456.3        44.6224        2.39467e+16    4.4632e-07     0.00268175     5.57708e-06    1.1916e-24     5.48203e-08    1.1916e-33     8.77426e-07    
4.13555e-06    44456.7        44.623         2.39618e+16    4.4632e-07     0.00268175     5.57708e-06    1.16888e-24    5.48203e-08    1.16888e-33    8.77426e-07    
4.13655e-06    44457          44.6236        2.39768e+16    4.4632e-07     0.00268175     5.57708e-06    1.14659e-24    5.48203e-08    1.14659e-33    8.77426e-07    
4.13755e-06    44457.4        44.6242        2.39918e+16    4.4632e-07     0.00268175     5.57708e-06    1.12472e-24    5.48203e-08    1.12472e-33    8.77426e-07    
4.13855e-06    44457.7        44.6249        2.40068e+16    4.4632e-07     0.00268175     5.57708e-06    1.10327e-24    5.48203e-08    1.10327e-33    8.77426e-07    
4.13955e-06    44458.1        44.6255        2.40218e+16    4.4632e-07     0.00268175     5.57708e-06    1.08223e-24    5.48203e-08    1.08223e-33    8.77426e-07    
4.14055e-06    44458.4        44.6261        2.40367e+16    4.4632e-07     0.00268175     5.57708e-06    1.06158e-24    5.48203e-08    1.06158e-33    8.77426e-07    
4.14155e-06    44458.8        44.6267        2.40516e+16    4.46415e-07    0.00268175     5.57708e-06    1.04134e-24    5.48203e-08    1.04134e-33    8.77426e-07    
4.14255e-06    44459.1        44.6274        2.40665e+16    4.46415e-07    0.00268175     5.57708e-06    1.02148e-24    5.48203e-08    1.02147e-33    8.77426e-07    
4.14355e-06    44459.5        44.628         2.40813e+16    4.46415e-07    0.00268175     5.57708e-06    1.00199e-24    5.48203e-08    1.00199e-33    8.77426e-07    
4.14455e-06    44459.8        44.6286        2.40961e+16    4.46415e-07    0.00268175     5.57708e-06    9.82879e-25    5.48203e-08    9.82879e-34    8.77426e-07    
4.14555e-06    44460.2        44.6292        2.41108e+16    4.46415e-07    0.00268175     5.57708e-06    9.64131e-25    5.48203e-08    9.64131e-34    8.77426e-07    
4.14655e-06    44460.5        44.6298        2.41255e+16    4.4682e-07     0.00268175     5.57708e-06    9.4574e-25     5.48203e-08    9.4574e-34     8.77426e-07    
4.14755e-06    44460.9        44.6304        2.41402e+16    4.4682e-07     0.00268175     5.57708e-06    9.277e-25      5.48203e-08    9.277e-34      8.77426e-07    
4.14855e-06    44461.2        44.631         2.41548e+16    4.4682e-07     0.00268175     5.57708e-06    9.10004e-25    5.48203e-08    9.10004e-34    8.77426e-07    
4.14955e-06    44461.5        44.6316        2.41694e+16    4.4682e-07     0.00268175     5.57708e-06    8.92644e-25    5.48203e-08    8.92644e-34    8.77426e-07    
4.15055e-06    44461.9        44.6322        2.4184e+16     4.4682e-07     0.00268175     5.57708e-06    8.75616e-25    5.48203e-08    8.75616e-34    8.77426e-07    
4.15155e-06    44462.2        44.6328        2.41985e+16    4.46844e-07    0.00268175     5.57708e-06    8.58912e-25    5.48203e-08    8.58912e-34    8.77426e-07    
4.15255e-06    44462.6        44.6334        2.4213e+16     4.46844e-07    0.00268175     5.57708e-06    8.42527e-25    5.48203e-08    8.42527e-34    8.77426e-07    
4.15355e-06    44462.9        44.634         2.42275e+16    4.46844e-07    0.00268175     5.57708e-06    8.26453e-25    5.48203e-08    8.26453e-34    8.77426e-07    
4.15455e-06    44463.2        44.6346        2.42419e+16    4.46844e-07    0.00268175     5.57708e-06    8.10687e-25    5.48203e-08    8.10687e-34    8.77426e-07    
4.15555e-06    44463.6        44.6352        2.42563e+16    4.46844e-07    0.00268175     5.57708e-06    7.9522e-25     5.48203e-08    7.9522e-34     8.77426e-07    
4.15655e-06    44463.9        44.6358        2.42707e+16    4.46844e-07    0.00268175     5.57708e-06    7.80049e-25    5.48203e-08    7.80049e-34    8.77426e-07    
4.15755e-06    44464.2        44.6364        2.4285e+16     4.46844e-07    0.00268175     5.57708e-06    7.65167e-25    5.48203e-08    7.65166e-34    8.77426e-07    
4.15855e-06    44464.6        44.637         2.42993e+16    4.4694e-07     0.00268175     5.57708e-06    7.50571e-25    5.48203e-08    7.50571e-34    8.77426e-07    
4.15955e-06    44464.9        44.6376        2.43135e+16    4.4694e-07     0.00268175     5.57708e-06    7.3625e-25     5.48203e-08    7.3625e-34     8.77426e-07    
4.16055e-06    44465.2        44.6381        2.43277e+16    4.4694e-07     0.00268175     5.57708e-06    7.22203e-25    5.48203e-08    7.22203e-34    8.77426e-07    
4.16155e-06    44465.5        44.6387        2.43419e+16    4.4694e-07     0.00268175     5.57708e-06    7.08423e-25    5.48203e-08    7.08423e-34    8.77426e-07    
4.16255e-06    44465.9        44.6393        2.4356e+16     4.4694e-07     0.00268175     5.57708e-06    6.94906e-25    5.48203e-08    6.94906e-34    8.77426e-07    
4.16355e-06    44466.2        44.6399        2.43701e+16    4.4694e-07     0.00268175     5.57708e-06    6.81647e-25    5.48203e-08    6.81647e-34    8.77426e-07    
4.16455e-06    44466.5        44.6405        2.43842e+16    4.4694e-07     0.00268175     5.57708e-06    6.68641e-25    5.48203e-08    6.68641e-34    8.77426e-07    
4.16555e-06    44466.8        44.641         2.43982e+16    4.4694e-07     0.00268175     5.57708e-06    6.55882e-25    5.48203e-08    6.55882e-34    8.77426e-07    
4.16655e-06    44467.2        44.6416        2.44122e+16    4.4694e-07     0.00268175     5.57708e-06    6.43367e-25    5.48203e-08    6.43367e-34    8.77426e-07    
4.16755e-06    44467.5        44.6422        2.44262e+16    4.4694e-07     0.00268175     5.57708e-06    6.3109e-25     5.48203e-08    6.3109e-34     8.77426e-07    
4.16855e-06    44467.8        44.6428        2.44401e+16    4.4694e-07     0.00268175     5.57708e-06    6.19047e-25    5.48203e-08    6.19047e-34    8.77426e-07    
4.16955e-06    44468.1        44.6433        2.4454e+16     4.4694e-07     0.00268175     5.57708e-06    6.07234e-25    5.48203e-08    6.07234e-34    8.77426e-07    
4.17055e-06    44468.4        44.6439        2.44679e+16    4.4694e-07     0.00268175     5.57708e-06    5.95647e-25    5.48203e-08    5.95647e-34    8.77426e-07    
4.17155e-06    44468.8        44.6445        2.44817e+16    4.4694e-07     0.00268175     5.58318e-06    5.8428e-25     5.48203e-08    5.8428e-34     8.77426e-07    
4.17255e-06    44469.1        44.645         2.44955e+16    4.4694e-07     0.00268175     5.58318e-06    5.7313e-25     5.48203e-08    5.7313e-34     8.77426e-07    
4.17355e-06    44469.4        44.6456        2.45092e+16    4.4694e-07     0.00268175     5.58318e-06    5.62192e-25    5.48203e-08    5.62192e-34    8.77426e-07    
4.17455e-06    44469.7        44.6461        2.45229e+16    4.4694e-07     0.00268175     5.58318e-06    5.51463e-25    5.48203e-08    5.51463e-34    8.77426e-07    
4.17555e-06    44470          44.6467        2.45366e+16    4.4694e-07     0.00268175     5.58318e-06    5.40939e-25    5.48203e-08    5.40939e-34    8.77426e-07    
4.17655e-06    44470.3        44.6473        2.45502e+16    4.4694e-07     0.00268175     5.58318e-06    5.30615e-25    5.48203e-08    5.30615e-34    8.77426e-07    
4.17755e-06    44470.6        44.6478        2.45638e+16    4.4694e-07     0.00268175     5.58318e-06    5.20488e-25    5.48203e-08    5.20488e-34    8.77426e-07    
4.17855e-06    44471          44.6484        2.45774e+16    4.4694e-07     0.00268175     5.58318e-06    5.10554e-25    5.48203e-08    5.10554e-34    8.77426e-07    
4.17955e-06    44471.3        44.6489        2.45909e+16    4.4694e-07     0.00268175     5.58318e-06    5.0081e-25     5.48203e-08    5.0081e-34     8.77426e-07    
4.18055e-06    44471.6        44.6495        2.46044e+16    4.4694e-07     0.00268175     5.58318e-06    4.91251e-25    5.48203e-08    4.91251e-34    8.77426e-07    
4.18155e-06    44471.9        44.65          2.46178e+16    4.4694e-07     0.00268175     5.58318e-06    4.81988e-25    5.48203e-08    4.81988e-34    8.77426e-07    
4.18255e-06    44472.2        44.6505        2.46312e+16    4.4694e-07     0.00268175     5.58318e-06    4.72788e-25    5.48203e-08    4.72788e-34    8.77426e-07    
4.18355e-06    44472.5        44.6511        2.46446e+16    4.4694e-07     0.00268175     5.58318e-06    4.63764e-25    5.48203e-08    4.63764e-34    8.77426e-07    
4.18455e-06    44472.8        44.6516        2.4658e+16     4.4694e-07     0.00268175     5.58318e-06    4.54912e-25    5.48203e-08    4.54912e-34    8.77426e-07    
4.18555e-06    44473.1        44.6522        2.46713e+16    4.4694e-07     0.00268175     5.58318e-06    4.46229e-25    5.48203e-08    4.46229e-34    8.77426e-07    
4.18655e-06    44473.4        44.6527        2.46845e+16    4.4694e-07     0.00268175     5.58318e-06    4.37711e-25    5.48203e-08    4.37711e-34    8.77426e-07    
4.18755e-06    44473.7        44.6532        2.46978e+16    4.4694e-07     0.00268175     5.58318e-06    4.29356e-25    5.48203e-08    4.29356e-34    8.77426e-07    
4.18855e-06    44474          44.6538        2.4711e+16     4.4694e-07     0.00268175     5.58318e-06    4.2116e-25     5.48203e-08    4.2116e-34     8.77426e-07    
4.18955e-06    44474.3        44.6543        2.47241e+16    4.4694e-07     0.00268175     5.58318e-06    4.13121e-25    5.48203e-08    4.13121e-34    8.77426e-07    
4.19055e-06    44474.6        44.6548        2.47372e+16    4.4694e-07     0.00268175     5.58318e-06    4.05235e-25    5.48203e-08    4.05235e-34    8.77426e-07    
4.19155e-06    44474.9        44.6554        2.47503e+16    4.4694e-07     0.00268175     5.58318e-06    3.97499e-25    5.48203e-08    3.97499e-34    8.77426e-07    
4.19255e-06    44475.2        44.6559        2.47634e+16    4.46963e-07    0.00268175     5.58318e-06    3.89911e-25    5.48203e-08    3.89911e-34    8.77426e-07    
4.19355e-06    44475.5        44.6564        2.47764e+16    4.46963e-07    0.00268175     5.58318e-06    3.82468e-25    5.48203e-08    3.82468e-34    8.77426e-07    
4.19455e-06    44475.8        44.6569        2.47894e+16    4.46963e-07    0.00268175     5.58318e-06    3.75166e-25    5.48203e-08    3.75166e-34    8.77426e-07    
4.19555e-06    44476.1        44.6575        2.48023e+16    4.46963e-07    0.00268175     5.58318e-06    3.68004e-25    5.48203e-08    3.68004e-34    8.77426e-07    
4.19655e-06    44476.4        44.658         2.48152e+16    4.46963e-07    0.00268175     5.58318e-06    3.60978e-25    5.48203e-08    3.60978e-34    8.77426e-07    
4.19755e-06    44476.7        44.6585        2.48281e+16    4.46963e-07    0.00268175     5.58318e-06    3.54087e-25    5.48203e-08    3.54087e-34    8.77426e-07    
4.19855e-06    44476.9        44.659         2.48409e+16    4.46963e-07    0.00268175     5.58318e-06    3.47327e-25    5.48203e-08    3.47327e-34    8.77426e-07    
4.19955e-06    44477.2        44.6595        2.48537e+16    4.46963e-07    0.00268175     5.58318e-06    3.41099e-25    5.48203e-08    3.41099e-34    8.77426e-07    
4.20055e-06    44477.5        44.66          2.48664e+16    4.46963e-07    0.00268175     5.58318e-06    3.34587e-25    5.48203e-08    3.34587e-34    8.77426e-07    
4.20155e-06    44477.8        44.6606        2.48791e+16    4.46963e-07    0.00268175     5.58318e-06    3.28198e-25    5.48203e-08    3.28198e-34    8.77426e-07    
4.20255e-06    44478.1        44.6611        2.48918e+16    4.46963e-07    0.00268175     5.58318e-06    3.21932e-25    5.48203e-08    3.21932e-34    8.77426e-07    
4.20355e-06    44478.4        44.6616        2.49044e+16    4.46963e-07    0.00268175     5.58318e-06    3.15786e-25    5.48203e-08    3.15786e-34    8.77426e-07    
4.20455e-06    44478.7        44.6621        2.49171e+16    4.46963e-07    0.00268175     5.58318e-06    3.09756e-25    5.48203e-08    3.09756e-34    8.77426e-07    
4.20555e-06    44478.9        44.6626        2.49296e+16    4.46963e-07    0.00268175     5.58318e-06    3.03842e-25    5.48203e-08    3.03842e-34    8.77426e-07    
4.20655e-06    44479.2        44.6631        2.49421e+16    4.46963e-07    0.00268175     5.58318e-06    2.9804e-25     5.48203e-08    2.9804e-34     8.77426e-07    
4.20755e-06    44479.5        44.6636        2.49546e+16    4.46963e-07    0.00268175     5.58318e-06    2.9235e-25     5.48203e-08    2.9235e-34     8.77426e-07    
4.20855e-06    44479.8        44.6641        2.49671e+16    4.46963e-07    0.00268175     5.58318e-06    2.86767e-25    5.48203e-08    2.86767e-34    8.77426e-07    
4.20955e-06    44480.1        44.6646        2.49795e+16    4.46963e-07    0.00268175     5.58318e-06    2.81292e-25    5.48203e-08    2.81292e-34    8.77426e-07    
4.21055e-06    44480.4        44.6651        2.49919e+16    4.46963e-07    0.00268175     5.58318e-06    2.75921e-25    5.48203e-08    2.7592e-34     8.77426e-07    
4.21155e-06    44480.6        44.6656        2.50042e+16    4.46963e-07    0.00268175     5.58318e-06    2.70652e-25    5.48203e-08    2.70652e-34    8.77426e-07    
4.21255e-06    44480.9        44.6661        2.50165e+16    4.46963e-07    0.00268175     5.58318e-06    2.65484e-25    5.48203e-08    2.65484e-34    8.77426e-07    
4.21355e-06    44481.2        44.6666        2.50288e+16    4.46963e-07    0.00268175     5.58318e-06    2.60414e-25    5.48203e-08    2.60414e-34    8.77426e-07    
4.21455e-06    44481.5        44.667         2.5041e+16     4.46963e-07    0.00268175     5.58318e-06    2.55441e-25    5.48203e-08    2.55441e-34    8.77426e-07    
4.21555e-06    44481.7        44.6675        2.50532e+16    4.46963e-07    0.00268175     5.58318e-06    2.50563e-25    5.48203e-08    2.50563e-34    8.77426e-07    
4.21655e-06    44482          44.668         2.50654e+16    4.46963e-07    0.00268175     5.58318e-06    2.45778e-25    5.48203e-08    2.45778e-34    8.77426e-07    
4.21755e-06    44482.3        44.6685        2.50775e+16    4.46963e-07    0.00268175     5.58318e-06    2.41085e-25    5.48203e-08    2.41085e-34    8.77426e-07    
4.21855e-06    44482.5        44.669         2.50896e+16    4.46963e-07    0.00268175     5.58318e-06    2.36481e-25    5.48203e-08    2.36481e-34    8.77426e-07    
4.21955e-06    44482.8        44.6695        2.51016e+16    4.46963e-07    0.00268175     5.58318e-06    2.31964e-25    5.48203e-08    2.31964e-34    8.77426e-07    
4.22055e-06    44483.1        44.6699        2.51136e+16    4.46963e-07    0.00268175     5.58318e-06    2.27535e-25    5.48203e-08    2.27534e-34    8.77426e-07    
4.22155e-06    44483.4        44.6704        2.51256e+16    4.46963e-07    0.00268175     5.58318e-06    2.23189e-25    5.48203e-08    2.23189e-34    8.77426e-07    
4.22255e-06    44483.6        44.6709        2.51375e+16    4.46963e-07    0.00268175     5.58318e-06    2.18927e-25    5.48203e-08    2.18927e-34    8.77426e-07    
4.22355e-06    44483.9        44.6714        2.51494e+16    4.47345e-07    0.00268175     5.58318e-06    2.14745e-25    5.48203e-08    2.14745e-34    8.77426e-07    
4.22455e-06    44484.1        44.6718        2.51612e+16    4.47345e-07    0.00268175     5.58318e-06    2.10644e-25    5.48203e-08    2.10644e-34    8.77426e-07    
4.22555e-06    44484.4        44.6723        2.51731e+16    4.47345e-07    0.00268175     5.58318e-06    2.06621e-25    5.48203e-08    2.06621e-34    8.77426e-07    
4.22655e-06    44484.7        44.6728        2.51848e+16    4.47345e-07    0.00268175     5.58318e-06    2.02675e-25    5.48203e-08    2.02675e-34    8.77426e-07    
4.22755e-06    44484.9        44.6732        2.51966e+16    4.47345e-07    0.00268175     5.58318e-06    1.98804e-25    5.48203e-08    1.98804e-34    8.77426e-07    
4.22855e-06    44485.2        44.6737        2.52083e+16    4.47345e-07    0.00268175     5.58318e-06    1.95007e-25    5.48203e-08    1.95007e-34    8.77426e-07    
4.22955e-06    44485.5        44.6742        2.52199e+16    4.47345e-07    0.00268175     5.58318e-06    1.91282e-25    5.48203e-08    1.91282e-34    8.77426e-07    
4.23055e-06    44485.7        44.6746        2.52316e+16    4.47345e-07    0.00268175     5.58318e-06    1.87629e-25    5.48203e-08    1.87629e-34    8.77426e-07    
4.23155e-06    44486          44.6751        2.52432e+16    4.47345e-07    0.00268175     5.58318e-06    1.84045e-25    5.48203e-08    1.84045e-34    8.77426e-07    
4.23255e-06    44486.2        44.6755        2.52547e+16    4.47345e-07    0.00268175     5.58318e-06    1.80529e-25    5.48203e-08    1.80529e-34    8.77426e-07    
4.23355e-06    44486.5        44.676         2.52662e+16    4.47345e-07    0.00268175     5.58318e-06    1.77081e-25    5.48203e-08    1.77081e-34    8.77426e-07    
4.23455e-06    44486.7        44.6765        2.52777e+16    4.47345e-07    0.00268175     5.58318e-06    1.73699e-25    5.48203e-08    1.73699e-34    8.77426e-07    
4.23555e-06    44487          44.6769        2.52891e+16    4.47345e-07    0.00268175     5.58318e-06    1.70381e-25    5.48203e-08    1.70381e-34    8.77426e-07    
4.23655e-06    44487.3        44.6774        2.53005e+16    4.47345e-07    0.00268175     5.58318e-06    1.67126e-25    5.48203e-08    1.67126e-34    8.77426e-07    
4.23755e-06    44487.5        44.6778        2.53119e+16    4.47345e-07    0.00268175     5.58318e-06    1.63934e-25    5.48203e-08    1.63934e-34    8.77426e-07    
4.23855e-06    44487.8        44.6783        2.53232e+16    4.47726e-07    0.00268175     5.58318e-06    1.60802e-25    5.48203e-08    1.60802e-34    8.77426e-07    
4.23955e-06    44488          44.6787        2.53345e+16    4.47726e-07    0.00268175     5.58318e-06    1.57731e-25    5.48203e-08    1.57731e-34    8.77426e-07    
4.24055e-06    44488.3        44.6791        2.53457e+16    4.47726e-07    0.00268175     5.58318e-06    1.54718e-25    5.48203e-08    1.54718e-34    8.77426e-07    
4.24155e-06    44488.5        44.6796        2.53569e+16    4.47726e-07    0.00268175     5.58318e-06    1.51762e-25    5.48203e-08    1.51762e-34    8.77426e-07    
4.24255e-06    44488.8        44.68          2.53681e+16    4.47726e-07    0.00268175     5.58318e-06    1.48863e-25    5.48203e-08    1.48863e-34    8.77426e-07    
4.24355e-06    44489          44.6805        2.53793e+16    4.47726e-07    0.00268175     5.58318e-06    1.46019e-25    5.48203e-08    1.46019e-34    8.77426e-07    
4.24455e-06    44489.2        44.6809        2.53903e+16    4.47822e-07    0.00268175     5.58318e-06    1.4323e-25     5.48203e-08    1.4323e-34     8.77426e-07    
4.24555e-06    44489.5        44.6813        2.54014e+16    4.47822e-07    0.00268175     5.58318e-06    1.40494e-25    5.48203e-08    1.40494e-34    8.77426e-07    
4.24655e-06    44489.7        44.6818        2.54124e+16    4.47917e-07    0.00268175     5.58318e-06    1.3781e-25     5.48203e-08    1.3781e-34     8.77426e-07    
4.24755e-06    44490          44.6822        2.54234e+16    4.47941e-07    0.00268175     5.58318e-06    1.35177e-25    5.48203e-08    1.35177e-34    8.77426e-07    
4.24855e-06    44490.2        44.6826        2.54343e+16    4.47941e-07    0.00268175     5.58318e-06    1.32594e-25    5.48203e-08    1.32594e-34    8.77426e-07    
4.24955e-06    44490.5        44.6831        2.54452e+16    4.47941e-07    0.00268175     5.58318e-06    1.30061e-25    5.48203e-08    1.30061e-34    8.77426e-07    
4.25055e-06    44490.7        44.6835        2.54561e+16    4.47941e-07    0.00268175     5.58318e-06    1.27576e-25    5.48203e-08    1.27576e-34    8.77426e-07    
4.25155e-06    44490.9        44.6839        2.54669e+16    4.47941e-07    0.00268175     5.58318e-06    1.25139e-25    5.48203e-08    1.25139e-34    8.77426e-07    
4.25255e-06    44491.2        44.6843        2.54777e+16    4.47941e-07    0.00268175     5.58318e-06    1.22748e-25    5.48203e-08    1.22748e-34    8.77426e-07    
4.25355e-06    44491.4        44.6848        2.54885e+16    4.47941e-07    0.00268175     5.58318e-06    1.20403e-25    5.48203e-08    1.20403e-34    8.77426e-07    
4.25455e-06    44491.6        44.6852        2.54992e+16    4.47941e-07    0.00268175     5.58318e-06    1.18103e-25    5.48203e-08    1.18103e-34    8.77426e-07    
4.25555e-06    44491.9        44.6856        2.55099e+16    4.47941e-07    0.00268175     5.58318e-06    1.15846e-25    5.48203e-08    1.15846e-34    8.77426e-07    
4.25655e-06    44492.1        44.686         2.55205e+16    4.47941e-07    0.00268175     5.58318e-06    1.13633e-25    5.48203e-08    1.13633e-34    8.77426e-07    
4.25755e-06    44492.4        44.6864        2.55311e+16    4.47941e-07    0.00268175     5.58318e-06    1.11462e-25    5.48203e-08    1.11462e-34    8.77426e-07    
4.25855e-06    44492.6        44.6868        2.55417e+16    4.47941e-07    0.00268175     5.58318e-06    1.09332e-25    5.48203e-08    1.09332e-34    8.77426e-07    
4.25955e-06    44492.8        44.6873        2.55522e+16    4.47941e-07    0.00268175     5.58318e-06    1.07243e-25    5.48203e-08    1.07243e-34    8.77426e-07    
4.26055e-06    44493          44.6877        2.55627e+16    4.47941e-07    0.00268175     5.58318e-06    1.05194e-25    5.48203e-08    1.05194e-34    8.77426e-07    
4.26155e-06    44493.3        44.6881        2.55731e+16    4.47941e-07    0.00268175     5.58318e-06    1.03184e-25    5.48203e-08    1.03184e-34    8.77426e-07    
4.26255e-06    44493.5        44.6885        2.55835e+16    4.47941e-07    0.00268175     5.58318e-06    1.01213e-25    5.48203e-08    1.01213e-34    8.77426e-07    
4.26355e-06    44493.7        44.6889        2.55939e+16    4.47941e-07    0.00268175     5.58318e-06    9.92786e-26    5.48203e-08    9.92786e-35    8.77426e-07    
4.26455e-06    44494          44.6893        2.56042e+16    4.47941e-07    0.00268175     5.58318e-06    9.73816e-26    5.48203e-08    9.73816e-35    8.77426e-07    
4.26555e-06    44494.2        44.6897        2.56145e+16    4.47941e-07    0.00268175     5.58318e-06    9.55209e-26    5.48203e-08    9.55209e-35    8.77426e-07    
4.26655e-06    44494.4        44.6901        2.56248e+16    4.47941e-07    0.00268175     5.58318e-06    9.36956e-26    5.48203e-08    9.36956e-35    8.77426e-07    
4.26755e-06    44494.6        44.6905        2.5635e+16     4.47941e-07    0.00268175     5.58318e-06    9.19053e-26    5.48203e-08    9.19053e-35    8.77426e-07    
4.26855e-06    44494.9        44.6909        2.56451e+16    4.47941e-07    0.00268175     5.58318e-06    9.01491e-26    5.48203e-08    9.01491e-35    8.77426e-07    
4.26955e-06    44495.1        44.6913        2.56553e+16    4.47941e-07    0.00268175     5.58318e-06    8.84265e-26    5.48203e-08    8.84265e-35    8.77426e-07    
4.27055e-06    44495.3        44.6917        2.56654e+16    4.47941e-07    0.00268175     5.58318e-06    8.67367e-26    5.48203e-08    8.67367e-35    8.77426e-07    
4.27155e-06    44495.5        44.6921        2.56754e+16    4.47941e-07    0.00268175     5.58318e-06    8.51254e-26    5.48203e-08    8.51254e-35    8.77426e-07    
4.27255e-06    44495.7        44.6925        2.56855e+16    4.47941e-07    0.00268175     5.58318e-06    8.34987e-26    5.48203e-08    8.34987e-35    8.77426e-07    
4.27355e-06    44496          44.6928        2.56954e+16    4.47941e-07    0.00268175     5.58318e-06    8.19031e-26    5.48203e-08    8.19031e-35    8.77426e-07    
4.27455e-06    44496.2        44.6932        2.57054e+16    4.47941e-07    0.00268175     5.58318e-06    8.0338e-26     5.48203e-08    8.0338e-35     8.77426e-07    
4.27555e-06    44496.4        44.6936        2.57153e+16    4.47965e-07    0.00268175     5.58318e-06    7.88027e-26    5.48203e-08    7.88027e-35    8.77426e-07    
4.27655e-06    44496.6        44.694         2.57252e+16    4.47965e-07    0.00268175     5.58318e-06    7.72968e-26    5.48203e-08    7.72968e-35    8.77426e-07    
4.27755e-06    44496.8        44.6944        2.5735e+16     4.47965e-07    0.00268175     5.58318e-06    7.58197e-26    5.48203e-08    7.58196e-35    8.77426e-07    
4.27855e-06    44497          44.6948        2.57448e+16    4.47965e-07    0.00268175     5.58318e-06    7.43707e-26    5.48203e-08    7.43707e-35    8.77426e-07    
4.27955e-06    44497.2        44.6951        2.57545e+16    4.47965e-07    0.00268175     5.58318e-06    7.29494e-26    5.48203e-08    7.29494e-35    8.77426e-07    
4.28055e-06    44497.5        44.6955        2.57642e+16    4.47965e-07    0.00268175     5.59539e-06    7.15553e-26    5.48203e-08    7.15553e-35    8.77426e-07    
4.28155e-06    44497.7        44.6959        2.57739e+16    4.47965e-07    0.00268175     5.59539e-06    7.01879e-26    5.48203e-08    7.01878e-35    8.77426e-07    
4.28255e-06    44497.9        44.6963        2.57836e+16    4.47965e-07    0.00268175     5.59539e-06    6.88465e-26    5.48203e-08    6.88465e-35    8.77426e-07    
4.28355e-06    44498.1        44.6966        2.57932e+16    4.47965e-07    0.00268175     5.59539e-06    6.75307e-26    5.48203e-08    6.75307e-35    8.77426e-07    
4.28455e-06    44498.3        44.697         2.58027e+16    4.47965e-07    0.00268175     5.59539e-06    6.62401e-26    5.48203e-08    6.62401e-35    8.77426e-07    
4.28555e-06    44498.5        44.6974        2.58122e+16    4.47965e-07    0.00268175     5.59539e-06    6.49742e-26    5.48203e-08    6.49742e-35    8.77426e-07    
4.28655e-06    44498.7        44.6977        2.58217e+16    4.47965e-07    0.00268175     5.59539e-06    6.37324e-26    5.48203e-08    6.37324e-35    8.77426e-07    
4.28755e-06    44498.9        44.6981        2.58312e+16    4.47965e-07    0.00268175     5.59539e-06    6.25144e-26    5.48203e-08    6.25144e-35    8.77426e-07    
4.28855e-06    44499.1        44.6985        2.58406e+16    4.47965e-07    0.00268175     5.60149e-06    6.13196e-26    5.48203e-08    6.13196e-35    8.77426e-07    
4.28955e-06    44499.3        44.6988        2.58499e+16    4.47965e-07    0.00268175     5.60149e-06    6.01476e-26    5.48203e-08    6.01476e-35    8.77426e-07    
4.29055e-06    44499.5        44.6992        2.58593e+16    4.47965e-07    0.00268175     5.60149e-06    5.89981e-26    5.48203e-08    5.89981e-35    8.77426e-07    
4.29155e-06    44499.7        44.6996        2.58685e+16    4.47965e-07    0.00268175     5.60149e-06    5.78705e-26    5.48203e-08    5.78705e-35    8.77426e-07    
4.29255e-06    44499.9        44.6999        2.58778e+16    4.47965e-07    0.00268175     5.60149e-06    5.67644e-26    5.48203e-08    5.67644e-35    8.77426e-07    
4.29355e-06    44500.1        44.7003        2.5887e+16     4.47965e-07    0.00268175     5.60149e-06    5.56795e-26    5.48203e-08    5.56795e-35    8.77426e-07    
4.29455e-06    44500.3        44.7006        2.58962e+16    4.48346e-07    0.00268175     5.60149e-06    5.46153e-26    5.48203e-08    5.46153e-35    8.77426e-07    
4.29555e-06    44500.5        44.701         2.59053e+16    4.48346e-07    0.00268175     5.60149e-06    5.35714e-26    5.48203e-08    5.35714e-35    8.77426e-07    
4.29655e-06    44500.7        44.7013        2.59144e+16    4.4837e-07     0.00268175     5.60149e-06    5.25475e-26    5.48203e-08    5.25475e-35    8.77426e-07    
4.29755e-06    44500.9        44.7017        2.59235e+16    4.4837e-07     0.00268175     5.60149e-06    5.15431e-26    5.48203e-08    5.15431e-35    8.77426e-07    
4.29855e-06    44501.1        44.702         2.59325e+16    4.4837e-07     0.00268175     5.60149e-06    5.05579e-26    5.48203e-08    5.05579e-35    8.77426e-07    
4.29955e-06    44501.3        44.7024        2.59414e+16    4.4837e-07     0.00268175     5.60149e-06    4.95915e-26    5.48203e-08    4.95915e-35    8.77426e-07    
4.30055e-06    44501.5        44.7027        2.59504e+16    4.4837e-07     0.00268175     5.60149e-06    4.86436e-26    5.48203e-08    4.86436e-35    8.77426e-07    
4.30155e-06    44501.7        44.7031        2.59593e+16    4.4837e-07     0.00268175     5.60149e-06    4.77139e-26    5.48203e-08    4.77139e-35    8.77426e-07    
4.30255e-06    44501.9        44.7034        2.59681e+16    4.4837e-07     0.00268175     5.60149e-06    4.68018e-26    5.48203e-08    4.68018e-35    8.77426e-07    
4.30355e-06    44502.1        44.7037        2.5977e+16     4.4837e-07     0.00268175     5.60149e-06    4.59072e-26    5.48203e-08    4.59072e-35    8.77426e-07    
4.30455e-06    44502.3        44.7041        2.59858e+16    4.4837e-07     0.00268175     5.60149e-06    4.50297e-26    5.48203e-08    4.50297e-35    8.77426e-07    
4.30555e-06    44502.5        44.7044        2.59945e+16    4.4837e-07     0.00268175     5.60149e-06    4.4169e-26     5.48203e-08    4.4169e-35     8.77426e-07    
4.30655e-06    44502.6        44.7048        2.60032e+16    4.4837e-07     0.00268175     5.60149e-06    4.33247e-26    5.48203e-08    4.33247e-35    8.77426e-07    
4.30755e-06    44502.8        44.7051        2.60119e+16    4.4837e-07     0.00268175     5.60149e-06    4.24966e-26    5.48203e-08    4.24966e-35    8.77426e-07    
4.30855e-06    44503          44.7054        2.60205e+16    4.4837e-07     0.00268175     5.60149e-06    4.16842e-26    5.48203e-08    4.16842e-35    8.77426e-07    
4.30955e-06    44503.2        44.7057        2.60291e+16    4.4837e-07     0.00268175     5.60149e-06    4.08874e-26    5.48203e-08    4.08874e-35    8.77426e-07    
4.31055e-06    44503.4        44.7061        2.60376e+16    4.4837e-07     0.00268175     5.60149e-06    4.01058e-26    5.48203e-08    4.01058e-35    8.77426e-07    
4.31155e-06    44503.6        44.7064        2.60462e+16    4.4837e-07     0.00268175     5.60149e-06    3.93392e-26    5.48203e-08    3.93392e-35    8.77426e-07    
4.31255e-06    44503.8        44.7067        2.60546e+16    4.4837e-07     0.00268175     5.60149e-06    3.85872e-26    5.48203e-08    3.85872e-35    8.77426e-07    
4.31355e-06    44503.9        44.7071        2.60631e+16    4.4837e-07     0.00268175     5.60149e-06    3.78495e-26    5.48203e-08    3.78495e-35    8.77426e-07    
4.31455e-06    44504.1        44.7074        2.60715e+16    4.4837e-07     0.00268175     5.60149e-06    3.7126e-26     5.48203e-08    3.7126e-35     8.77426e-07    
4.31555e-06    44504.3        44.7077        2.60798e+16    4.4837e-07     0.00268175     5.60149e-06    3.64163e-26    5.48203e-08    3.64163e-35    8.77426e-07    
4.31655e-06    44504.5        44.708         2.60881e+16    4.4837e-07     0.00268175     5.60149e-06    3.57201e-26    5.48203e-08    3.57201e-35    8.77426e-07    
4.31755e-06    44504.7        44.7083        2.60964e+16    4.48465e-07    0.00268175     5.60149e-06    3.50373e-26    5.48203e-08    3.50373e-35    8.77426e-07    
4.31855e-06    44504.8        44.7086        2.61047e+16    4.48465e-07    0.00268175     5.60149e-06    3.43675e-26    5.48203e-08    3.43675e-35    8.77426e-07    
4.31955e-06    44505          44.709         2.61129e+16    4.48489e-07    0.00268175     5.60149e-06    3.37105e-26    5.48203e-08    3.37105e-35    8.77426e-07    
4.32055e-06    44505.2        44.7093        2.6121e+16     4.48489e-07    0.00268175     5.60149e-06    3.30661e-26    5.48203e-08    3.30661e-35    8.77426e-07    
4.32155e-06    44505.4        44.7096        2.61291e+16    4.48489e-07    0.00268175     5.60149e-06    3.24339e-26    5.48203e-08    3.24339e-35    8.77426e-07    
4.32255e-06    44505.5        44.7099        2.61372e+16    4.48489e-07    0.00268175     5.60149e-06    3.18139e-26    5.48203e-08    3.18139e-35    8.77426e-07    
4.32355e-06    44505.7        44.7102        2.61453e+16    4.48489e-07    0.00268175     5.60149e-06    3.12057e-26    5.48203e-08    3.12057e-35    8.77426e-07    
4.32455e-06    44505.9        44.7105        2.61533e+16    4.48489e-07    0.00268175     5.60149e-06    3.06091e-26    5.48203e-08    3.06091e-35    8.77426e-07    
4.32555e-06    44506.1        44.7108        2.61612e+16    4.48489e-07    0.00268175     5.60149e-06    3.0024e-26     5.48203e-08    3.0024e-35     8.77426e-07    
4.32655e-06    44506.2        44.7111        2.61692e+16    4.48489e-07    0.00268175     5.60149e-06    2.945e-26      5.48203e-08    2.945e-35      8.77426e-07    
4.32755e-06    44506.4        44.7114        2.61771e+16    4.48489e-07    0.00268175     5.60149e-06    2.8887e-26     5.48203e-08    2.88869e-35    8.77426e-07    
4.32855e-06    44506.6        44.7117        2.61849e+16    4.48489e-07    0.00268175     5.60149e-06    2.83347e-26    5.48203e-08    2.83347e-35    8.77426e-07    
4.32955e-06    44506.7        44.712         2.61927e+16    4.50015e-07    0.00268175     5.60149e-06    2.7793e-26     5.48203e-08    2.7793e-35     8.77426e-07    
4.33055e-06    44506.9        44.7123        2.62005e+16    4.50015e-07    0.00268175     5.60149e-06    2.72616e-26    5.48203e-08    2.72616e-35    8.77426e-07    
4.33155e-06    44507.1        44.7126        2.62082e+16    4.50015e-07    0.00268175     5.60149e-06    2.67405e-26    5.48203e-08    2.67404e-35    8.77426e-07    
4.33255e-06    44507.2        44.7129        2.62159e+16    4.50397e-07    0.00268175     5.60149e-06    2.62292e-26    5.48203e-08    2.62292e-35    8.77426e-07    
4.33355e-06    44507.4        44.7132        2.62236e+16    4.50397e-07    0.00268175     5.60149e-06    2.57278e-26    5.48203e-08    2.57278e-35    8.77426e-07    
4.33455e-06    44507.6        44.7135        2.62312e+16    4.50397e-07    0.00268175     5.60149e-06    2.52359e-26    5.48203e-08    2.52359e-35    8.77426e-07    
4.33555e-06    44507.7        44.7138        2.62388e+16    4.50397e-07    0.00268175     5.60149e-06    2.47534e-26    5.48203e-08    2.47534e-35    8.77426e-07    
4.33655e-06    44507.9        44.7141        2.62463e+16    4.50397e-07    0.00268175     5.60149e-06    2.42802e-26    5.48203e-08    2.42802e-35    8.77426e-07    
4.33755e-06    44508          44.7143        2.62538e+16    4.50397e-07    0.00268175     5.60149e-06    2.38159e-26    5.48203e-08    2.38159e-35    8.77426e-07    
4.33855e-06    44508.2        44.7146        2.62613e+16    4.50397e-07    0.00268175     5.60149e-06    2.33606e-26    5.48203e-08    2.33606e-35    8.77426e-07    
4.33955e-06    44508.4        44.7149        2.62687e+16    4.50397e-07    0.00268175     5.60149e-06    2.2914e-26     5.48203e-08    2.2914e-35     8.77426e-07    
4.34055e-06    44508.5        44.7152        2.62761e+16    4.50397e-07    0.00268175     5.60149e-06    2.24759e-26    5.48203e-08    2.24759e-35    8.77426e-07    
4.34155e-06    44508.7        44.7155        2.62834e+16    4.50397e-07    0.00268175     5.60149e-06    2.20462e-26    5.48203e-08    2.20462e-35    8.77426e-07    
4.34255e-06    44508.8        44.7157        2.62908e+16    4.50397e-07    0.00268175     5.60149e-06    2.16247e-26    5.48203e-08    2.16247e-35    8.77426e-07    
4.34355e-06    44509          44.716         2.6298e+16     4.50397e-07    0.00268175     5.60149e-06    2.12112e-26    5.48203e-08    2.12112e-35    8.77426e-07    
4.34455e-06    44509.1        44.7163        2.63053e+16    4.50397e-07    0.00268175     5.60149e-06    2.08057e-26    5.48203e-08    2.08057e-35    8.77426e-07    
4.34555e-06    44509.3        44.7166        2.63124e+16    4.50397e-07    0.00268175     5.60149e-06    2.04079e-26    5.48203e-08    2.04079e-35    8.77426e-07    
4.34655e-06    44509.4        44.7168        2.63196e+16    4.50397e-07    0.00268175     5.60759e-06    2.00177e-26    5.48203e-08    2.00177e-35    8.77426e-07    
4.34755e-06    44509.6        44.7171        2.63267e+16    4.50397e-07    0.00268175     5.60759e-06    1.9635e-26     5.48203e-08    1.9635e-35     8.77426e-07    
4.34855e-06    44509.8        44.7174        2.63338e+16    4.50397e-07    0.00268175     5.60759e-06    1.92595e-26    5.48203e-08    1.92595e-35    8.77426e-07    
4.34955e-06    44509.9        44.7177        2.63408e+16    4.50397e-07    0.00268175     5.60759e-06    1.88913e-26    5.48203e-08    1.88913e-35    8.77426e-07    
4.35055e-06    44510          44.7179        2.63478e+16    4.50397e-07    0.00268175     5.60759e-06    1.85301e-26    5.48203e-08    1.85301e-35    8.77426e-07    
4.35155e-06    44510.2        44.7182        2.63548e+16    4.50397e-07    0.00268175     5.60759e-06    1.81758e-26    5.48203e-08    1.81758e-35    8.77426e-07    
4.35255e-06    44510.3        44.7184        2.63617e+16    4.50397e-07    0.00268175     5.60759e-06    1.78283e-26    5.48203e-08    1.78283e-35    8.77426e-07    
4.35355e-06    44510.5        44.7187        2.63686e+16    4.50397e-07    0.00268175     5.60759e-06    1.74874e-26    5.48203e-08    1.74874e-35    8.77426e-07    
4.35455e-06    44510.6        44.719         2.63754e+16    4.50397e-07    0.00268175     5.60759e-06    1.71531e-26    5.48203e-08    1.71531e-35    8.77426e-07    
4.35555e-06    44510.8        44.7192        2.63822e+16    4.50397e-07    0.00268175     5.60759e-06    1.68251e-26    5.48203e-08    1.68251e-35    8.77426e-07    
4.35655e-06    44510.9        44.7195        2.6389e+16     4.50778e-07    0.00268175     5.60759e-06    1.65034e-26    5.48203e-08    1.65034e-35    8.77426e-07    
4.35755e-06    44511.1        44.7197        2.63957e+16    4.50778e-07    0.00268175     5.60759e-06    1.61878e-26    5.48203e-08    1.61878e-35    8.77426e-07    
4.35855e-06    44511.2        44.72          2.64024e+16    4.50802e-07    0.00268175     5.60759e-06    1.58783e-26    5.48203e-08    1.58783e-35    8.77426e-07    
4.35955e-06    44511.4        44.7202        2.6409e+16     4.50802e-07    0.00268175     5.60759e-06    1.55747e-26    5.48203e-08    1.55747e-35    8.77426e-07    
4.36055e-06    44511.5        44.7205        2.64156e+16    4.50802e-07    0.00268175     5.60759e-06    1.52769e-26    5.48203e-08    1.52769e-35    8.77426e-07    
4.36155e-06    44511.6        44.7207        2.64222e+16    4.50802e-07    0.00268175     5.60759e-06    1.49848e-26    5.48203e-08    1.49848e-35    8.77426e-07    
4.36255e-06    44511.8        44.721         2.64287e+16    4.50802e-07    0.00268175     5.60759e-06    1.46983e-26    5.48203e-08    1.46983e-35    8.77426e-07    
4.36355e-06    44511.9        44.7212        2.64352e+16    4.50802e-07    0.00268175     5.60759e-06    1.44173e-26    5.48203e-08    1.44173e-35    8.77426e-07    
4.36455e-06    44512          44.7215        2.64417e+16    4.50802e-07    0.00268175     5.60759e-06    1.41416e-26    5.48203e-08    1.41416e-35    8.77426e-07    
4.36555e-06    44512.2        44.7217        2.64481e+16    4.50802e-07    0.00268175     5.60759e-06    1.38712e-26    5.48203e-08    1.38712e-35    8.77426e-07    
4.36655e-06    44512.3        44.722         2.64545e+16    4.50802e-07    0.00268175     5.60759e-06    1.3606e-26     5.48203e-08    1.3606e-35     8.77426e-07    
4.36755e-06    44512.5        44.7222        2.64608e+16    4.50802e-07    0.00268175     5.60759e-06    1.33458e-26    5.48203e-08    1.33458e-35    8.77426e-07    
4.36855e-06    44512.6        44.7224        2.64671e+16    4.50802e-07    0.00268175     5.60759e-06    1.30906e-26    5.48203e-08    1.30906e-35    8.77426e-07    
4.36955e-06    44512.7        44.7227        2.64734e+16    4.50802e-07    0.00268175     5.60759e-06    1.28403e-26    5.48203e-08    1.28403e-35    8.77426e-07    
4.37055e-06    44512.9        44.7229        2.64796e+16    4.50802e-07    0.00268175     5.60759e-06    1.25948e-26    5.48203e-08    1.25948e-35    8.77426e-07    
4.37155e-06    44513          44.7231        2.64857e+16    4.50802e-07    0.00268175     5.60759e-06    1.2354e-26     5.48203e-08    1.2354e-35     8.77426e-07    
4.37255e-06    44513.1        44.7234        2.64919e+16    4.50802e-07    0.00268175     5.60759e-06    1.21178e-26    5.48203e-08    1.21178e-35    8.77426e-07    
4.37355e-06    44513.2        44.7236        2.6498e+16     4.50802e-07    0.00268175     5.60759e-06    1.18861e-26    5.48203e-08    1.18861e-35    8.77426e-07    
4.37455e-06    44513.4        44.7238        2.65041e+16    4.50802e-07    0.00268175     5.60759e-06    1.16724e-26    5.48203e-08    1.16724e-35    8.77426e-07    
4.37555e-06    44513.5        44.7241        2.65101e+16    4.50802e-07    0.00268175     5.60759e-06    1.14493e-26    5.48203e-08    1.14493e-35    8.77426e-07    
4.37655e-06    44513.6        44.7243        2.65161e+16    4.50802e-07    0.00268175     5.60759e-06    1.12305e-26    5.48203e-08    1.12305e-35    8.77426e-07    
4.37755e-06    44513.8        44.7245        2.6522e+16     4.50802e-07    0.00268175     5.60759e-06    1.10159e-26    5.48203e-08    1.10159e-35    8.77426e-07    
4.37855e-06    44513.9        44.7247        2.65279e+16    4.50802e-07    0.00268175     5.60759e-06    1.08053e-26    5.48203e-08    1.08053e-35    8.77426e-07    
4.37955e-06    44514          44.725         2.65338e+16    4.50802e-07    0.00268175     5.60759e-06    1.05988e-26    5.48203e-08    1.05988e-35    8.77426e-07    
4.38055e-06    44514.1        44.7252        2.65396e+16    4.50802e-07    0.00268175     5.60759e-06    1.03963e-26    5.48203e-08    1.03963e-35    8.77426e-07    
4.38155e-06    44514.2        44.7254        2.65454e+16    4.50802e-07    0.00268175     5.60759e-06    1.01976e-26    5.48203e-08    1.01976e-35    8.77426e-07    
4.38255e-06    44514.4        44.7256        2.65512e+16    4.50802e-07    0.00268175     5.60759e-06    1.00027e-26    5.48203e-08    1.00027e-35    8.77426e-07    
4.38355e-06    44514.5        44.7258        2.65569e+16    4.50802e-07    0.00268175     5.60759e-06    9.81153e-27    5.48203e-08    9.81153e-36    8.77426e-07    
4.38455e-06    44514.6        44.726         2.65626e+16    4.50802e-07    0.00268175     5.60759e-06    9.62402e-27    5.48203e-08    9.62402e-36    8.77426e-07    
4.38555e-06    44514.7        44.7262        2.65682e+16    4.50802e-07    0.00268175     5.60759e-06    9.44009e-27    5.48203e-08    9.44009e-36    8.77426e-07    
4.38655e-06    44514.8        44.7265        2.65738e+16    4.50802e-07    0.00268175     5.60759e-06    9.25968e-27    5.48203e-08    9.25968e-36    8.77426e-07    
4.38755e-06    44515          44.7267        2.65794e+16    4.50802e-07    0.00268175     5.60759e-06    9.08272e-27    5.48203e-08    9.08271e-36    8.77426e-07    
4.38855e-06    44515.1        44.7269        2.65849e+16    4.50802e-07    0.00268175     5.60759e-06    8.90914e-27    5.48203e-08    8.90913e-36    8.77426e-07    
4.38955e-06    44515.2        44.7271        2.65904e+16    4.50802e-07    0.00268175     5.60759e-06    8.73887e-27    5.48203e-08    8.73887e-36    8.77426e-07    
4.39055e-06    44515.3        44.7273        2.65958e+16    4.50802e-07    0.00268175     5.60759e-06    8.57187e-27    5.48203e-08    8.57187e-36    8.77426e-07    
4.39155e-06    44515.4        44.7275        2.66012e+16    4.50802e-07    0.00268175     5.60759e-06    8.40805e-27    5.48203e-08    8.40805e-36    8.77426e-07    
4.39255e-06    44515.5        44.7277        2.66066e+16    4.50802e-07    0.00268175     5.60759e-06    8.24737e-27    5.48203e-08    8.24737e-36    8.77426e-07    
4.39355e-06    44515.7        44.7279        2.66119e+16    4.50802e-07    0.00268175     5.60759e-06    8.08976e-27    5.48203e-08    8.08976e-36    8.77426e-07    
4.39455e-06    44515.8        44.7281        2.66172e+16    4.50802e-07    0.00268175     5.60759e-06    7.93516e-27    5.48203e-08    7.93516e-36    8.77426e-07    
4.39555e-06    44515.9        44.7283        2.66225e+16    4.50802e-07    0.00268175     5.60759e-06    7.78352e-27    5.48203e-08    7.78352e-36    8.77426e-07    
4.39655e-06    44516          44.7285        2.66277e+16    4.50802e-07    0.00268175     5.60759e-06    7.63477e-27    5.48203e-08    7.63477e-36    8.77426e-07    
4.39755e-06    44516.1        44.7287        2.66328e+16    4.50802e-07    0.00268175     5.60759e-06    7.48887e-27    5.48203e-08    7.48887e-36    8.77426e-07    
4.39855e-06    44516.2        44.7289        2.6638e+16     4.50802e-07    0.00268175     5.60759e-06    7.34576e-27    5.48203e-08    7.34576e-36    8.77426e-07    
4.39955e-06    44516.3        44.7291        2.66431e+16    4.50802e-07    0.00268175     5.60759e-06    7.20539e-27    5.48203e-08    7.20539e-36    8.77426e-07    
4.40055e-06    44516.4        44.7293        2.66481e+16    4.50802e-07    0.00268175     5.60759e-06    7.06769e-27    5.48203e-08    7.06769e-36    8.77426e-07    
4.40155e-06    44516.5        44.7294        2.66532e+16    4.50802e-07    0.00268175     5.60759e-06    6.93263e-27    5.48203e-08    6.93263e-36    8.77426e-07    
4.40255e-06    44516.6        44.7296        2.66581e+16    4.50802e-07    0.00268175     5.60759e-06    6.80016e-27    5.48203e-08    6.80016e-36    8.77426e-07    
4.40355e-06    44516.7        44.7298        2.66631e+16    4.50802e-07    0.00268175     5.60759e-06    6.67021e-27    5.48203e-08    6.67021e-36    8.77426e-07    
4.40455e-06    44516.8        44.73          2.6668e+16     4.50802e-07    0.00268175     5.60759e-06    6.54275e-27    5.48203e-08    6.54275e-36    8.77426e-07    
4.40555e-06    44516.9        44.7302        2.66729e+16    4.51183e-07    0.00268175     5.60759e-06    6.41773e-27    5.48203e-08    6.41773e-36    8.77426e-07    
4.40655e-06    44517          44.7304        2.66777e+16    4.51183e-07    0.00268175     5.60759e-06    6.29509e-27    5.48203e-08    6.29509e-36    8.77426e-07    
4.40755e-06    44517.1        44.7305        2.66825e+16    4.51183e-07    0.00268175     5.60759e-06    6.1748e-27     5.48203e-08    6.1748e-36     8.77426e-07    
4.40855e-06    44517.2        44.7307        2.66872e+16    4.51183e-07    0.00268175     5.60759e-06    6.05681e-27    5.48203e-08    6.05681e-36    8.77426e-07    
4.40955e-06    44517.3        44.7309        2.66919e+16    4.51183e-07    0.00268175     5.60759e-06    5.94108e-27    5.48203e-08    5.94108e-36    8.77426e-07    
4.41055e-06    44517.4        44.7311        2.66966e+16    4.51183e-07    0.00268175     5.60759e-06    5.82755e-27    5.48203e-08    5.82755e-36    8.77426e-07    
4.41155e-06    44517.5        44.7312        2.67012e+16    4.51183e-07    0.00268175     5.60759e-06    5.7162e-27     5.48203e-08    5.7162e-36     8.77426e-07    
4.41255e-06    44517.6        44.7314        2.67058e+16    4.51183e-07    0.00268175     5.60759e-06    5.60698e-27    5.48203e-08    5.60698e-36    8.77426e-07    
4.41355e-06    44517.7        44.7316        2.67104e+16    4.51183e-07    0.00268175     5.60759e-06    5.49984e-27    5.48203e-08    5.49984e-36    8.77426e-07    
4.41455e-06    44517.8        44.7318        2.67149e+16    4.51183e-07    0.00268175     5.60759e-06    5.39476e-27    5.48203e-08    5.39475e-36    8.77426e-07    
4.41555e-06    44517.9        44.7319        2.67194e+16    4.51183e-07    0.00268175     5.60759e-06    5.29168e-27    5.48203e-08    5.29168e-36    8.77426e-07    
4.41655e-06    44518          44.7321        2.67239e+16    4.51183e-07    0.00268175     5.60759e-06    5.19057e-27    5.48203e-08    5.19057e-36    8.77426e-07    
4.41755e-06    44518.1        44.7323        2.67283e+16    4.51183e-07    0.00268175     5.60759e-06    5.09139e-27    5.48203e-08    5.09139e-36    8.77426e-07    
4.41855e-06    44518.2        44.7324        2.67326e+16    4.51183e-07    0.00268175     5.60759e-06    4.99412e-27    5.48203e-08    4.99411e-36    8.77426e-07    
4.41955e-06    44518.3        44.7326        2.6737e+16     4.51183e-07    0.00268175     5.60759e-06    4.8987e-27     5.48203e-08    4.8987e-36     8.77426e-07    
4.42055e-06    44518.4        44.7327        2.67412e+16    4.51183e-07    0.00268175     5.60759e-06    4.8051e-27     5.48203e-08    4.8051e-36     8.77426e-07    
4.42155e-06    44518.5        44.7329        2.67455e+16    4.51183e-07    0.00268175     5.60759e-06    4.7133e-27     5.48203e-08    4.71329e-36    8.77426e-07    
4.42255e-06    44518.6        44.7331        2.67497e+16    4.51183e-07    0.00268175     5.60759e-06    4.62324e-27    5.48203e-08    4.62324e-36    8.77426e-07    
4.42355e-06    44518.6        44.7332        2.67539e+16    4.51183e-07    0.00268175     5.60759e-06    4.5352e-27     5.48203e-08    4.5352e-36     8.77426e-07    
4.42455e-06    44518.7        44.7334        2.6758e+16     4.51183e-07    0.00268175     5.60759e-06    4.44855e-27    5.48203e-08    4.44855e-36    8.77426e-07    
4.42555e-06    44518.8        44.7335        2.67621e+16    4.51183e-07    0.00268175     5.60759e-06    4.36356e-27    5.48203e-08    4.36356e-36    8.77426e-07    
4.42655e-06    44518.9        44.7337        2.67662e+16    4.51183e-07    0.00268175     5.60759e-06    4.2802e-27     5.48203e-08    4.2802e-36     8.77426e-07    
4.42755e-06    44519          44.7338        2.67702e+16    4.51183e-07    0.00268175     5.60759e-06    4.19843e-27    5.48203e-08    4.19843e-36    8.77426e-07    
4.42855e-06    44519.1        44.734         2.67742e+16    4.51183e-07    0.00268175     5.60759e-06    4.11822e-27    5.48203e-08    4.11822e-36    8.77426e-07    
4.42955e-06    44519.2        44.7341        2.67781e+16    4.51183e-07    0.00268175     5.60759e-06    4.03955e-27    5.48203e-08    4.03955e-36    8.77426e-07    
4.43055e-06    44519.2        44.7343        2.6782e+16     4.51183e-07    0.00268175     5.60759e-06    3.96238e-27    5.48203e-08    3.96237e-36    8.77426e-07    
4.43155e-06    44519.3        44.7344        2.67859e+16    4.51183e-07    0.00268175     5.60759e-06    3.88668e-27    5.48203e-08    3.88668e-36    8.77426e-07    
4.43255e-06    44519.4        44.7346        2.67898e+16    4.51183e-07    0.00268175     5.60759e-06    3.81243e-27    5.48203e-08    3.81243e-36    8.77426e-07    
4.43355e-06    44519.5        44.7347        2.67935e+16    4.51183e-07    0.00268175     5.60759e-06    3.7396e-27     5.48203e-08    3.7396e-36     8.77426e-07    
4.43455e-06    44519.6        44.7348        2.67973e+16    4.51183e-07    0.00268175     5.60759e-06    3.66817e-27    5.48203e-08    3.66817e-36    8.77426e-07    
4.43555e-06    44519.6        44.735         2.6801e+16     4.51183e-07    0.00268175     5.60759e-06    3.59809e-27    5.48203e-08    3.59809e-36    8.77426e-07    
4.43655e-06    44519.7        44.7351        2.68047e+16    4.51183e-07    0.00268175     5.60759e-06    3.52936e-27    5.48203e-08    3.52936e-36    8.77426e-07    
4.43755e-06    44519.8        44.7352        2.68083e+16    4.51183e-07    0.00268175     5.60759e-06    3.46194e-27    5.48203e-08    3.46194e-36    8.77426e-07    
4.43855e-06    44519.9        44.7354        2.68119e+16    4.51183e-07    0.00268175     5.60759e-06    3.39582e-27    5.48203e-08    3.39582e-36    8.77426e-07    
4.43955e-06    44519.9        44.7355        2.68155e+16    4.51183e-07    0.00268175     5.60759e-06    3.33095e-27    5.48203e-08    3.33095e-36    8.77426e-07    
4.44055e-06    44520          44.7356        2.6819e+16     4.51183e-07    0.00268175     5.60759e-06    3.26733e-27    5.48203e-08    3.26733e-36    8.77426e-07    
4.44155e-06    44520.1        44.7358        2.68225e+16    4.51183e-07    0.00268175     5.60759e-06    3.20492e-27    5.48203e-08    3.20492e-36    8.77426e-07    
4.44255e-06    44520.2        44.7359        2.6826e+16     4.51183e-07    0.00268175     5.60759e-06    3.1437e-27     5.48203e-08    3.1437e-36     8.77426e-07    
4.44355e-06    44520.2        44.736         2.68294e+16    4.51183e-07    0.00268175     5.60759e-06    3.08366e-27    5.48203e-08    3.08366e-36    8.77426e-07    
4.44455e-06    44520.3        44.7362        2.68328e+16    4.51183e-07    0.00268175     5.60759e-06    3.02476e-27    5.48203e-08    3.02476e-36    8.77426e-07    
4.44555e-06    44520.4        44.7363        2.68361e+16    4.51183e-07    0.00268175     5.60759e-06    2.96699e-27    5.48203e-08    2.96699e-36    8.77426e-07    
4.44655e-06    44520.4        44.7364        2.68394e+16    4.51279e-07    0.00268175     5.60759e-06    2.91032e-27    5.48203e-08    2.91032e-36    8.77426e-07    
4.44755e-06    44520.5        44.7365        2.68427e+16    4.51279e-07    0.00268175     5.60759e-06    2.85474e-27    5.48203e-08    2.85474e-36    8.77426e-07    
4.44855e-06    44520.6        44.7366        2.68459e+16    4.51279e-07    0.00268175     5.60759e-06    2.80022e-27    5.48203e-08    2.80022e-36    8.77426e-07    
4.44955e-06    44520.6        44.7368        2.68491e+16    4.51279e-07    0.00268175     5.60759e-06    2.74674e-27    5.48203e-08    2.74674e-36    8.77426e-07    
4.45055e-06    44520.7        44.7369        2.68522e+16    4.51279e-07    0.00268175     5.60759e-06    2.69428e-27    5.48203e-08    2.69428e-36    8.77426e-07    
4.45155e-06    44520.8        44.737         2.68554e+16    4.51279e-07    0.00268175     5.60759e-06    2.64283e-27    5.48203e-08    2.64283e-36    8.77426e-07    
4.45255e-06    44520.8        44.7371        2.68584e+16    4.51279e-07    0.00268175     5.60759e-06    2.59235e-27    5.48203e-08    2.59235e-36    8.77426e-07    
4.45355e-06    44520.9        44.7372        2.68615e+16    4.51279e-07    0.00268175     5.60759e-06    2.54285e-27    5.48203e-08    2.54285e-36    8.77426e-07    
4.45455e-06    44521          44.7373        2.68645e+16    4.51279e-07    0.00268175     5.60759e-06    2.49429e-27    5.48203e-08    2.49429e-36    8.77426e-07    
4.45555e-06    44521          44.7374        2.68674e+16    4.51279e-07    0.00268175     5.60759e-06    2.44666e-27    5.48203e-08    2.44666e-36    8.77426e-07    
4.45655e-06    44521.1        44.7376        2.68704e+16    4.51279e-07    0.00268175     5.60759e-06    2.39994e-27    5.48203e-08    2.39994e-36    8.77426e-07    
4.45755e-06    44521.1        44.7377        2.68732e+16    4.51279e-07    0.00268175     5.60759e-06    2.35411e-27    5.48203e-08    2.35411e-36    8.77426e-07    
4.45855e-06    44521.2        44.7378        2.68761e+16    4.51279e-07    0.00268175     5.60759e-06    2.30916e-27    5.48203e-08    2.30916e-36    8.77426e-07    
4.45955e-06    44521.3        44.7379        2.68789e+16    4.51279e-07    0.00268175     5.60759e-06    2.26507e-27    5.48203e-08    2.26507e-36    8.77426e-07    
4.46055e-06    44521.3        44.738         2.68817e+16    4.51279e-07    0.00268175     5.60759e-06    2.22182e-27    5.48203e-08    2.22182e-36    8.77426e-07    
4.46155e-06    44521.4        44.7381        2.68844e+16    4.51279e-07    0.00268175     5.60759e-06    2.17939e-27    5.48203e-08    2.17939e-36    8.77426e-07    
4.46255e-06    44521.4        44.7382        2.68871e+16    4.51279e-07    0.00268175     5.60759e-06    2.13778e-27    5.48203e-08    2.13778e-36    8.77426e-07    
4.46355e-06    44521.5        44.7383        2.68898e+16    4.51279e-07    0.00268175     5.60759e-06    2.09696e-27    5.48203e-08    2.09696e-36    8.77426e-07    
4.46455e-06    44521.5        44.7384        2.68924e+16    4.51279e-07    0.00268175     5.60759e-06    2.05693e-27    5.48203e-08    2.05693e-36    8.77426e-07    
4.46555e-06    44521.6        44.7385        2.6895e+16     4.51279e-07    0.00268175     5.60759e-06    2.01766e-27    5.48203e-08    2.01766e-36    8.77426e-07    
4.46655e-06    44521.7        44.7386        2.68975e+16    4.51279e-07    0.00268175     5.60759e-06    1.97914e-27    5.48203e-08    1.97913e-36    8.77426e-07    
4.46755e-06    44521.7        44.7387        2.69e+16       4.51279e-07    0.00268175     5.60759e-06    1.94135e-27    5.48203e-08    1.94135e-36    8.77426e-07    
4.46855e-06    44521.8        44.7388        2.69025e+16    4.51279e-07    0.00268175     5.60759e-06    1.90429e-27    5.48203e-08    1.90429e-36    8.77426e-07    
4.46955e-06    44521.8        44.7388        2.69049e+16    4.51279e-07    0.00268175     5.60759e-06    1.86793e-27    5.48203e-08    1.86793e-36    8.77426e-07    
4.47055e-06    44521.9        44.7389        2.69073e+16    4.51279e-07    0.00268175     5.60759e-06    1.83228e-27    5.48203e-08    1.83228e-36    8.77426e-07    
4.47155e-06    44521.9        44.739         2.69097e+16    4.51279e-07    0.00268175     5.60759e-06    1.7973e-27     5.48203e-08    1.7973e-36     8.77426e-07    
4.47255e-06    44522          44.7391        2.6912e+16     4.51279e-07    0.00268175     5.60759e-06    1.76299e-27    5.48203e-08    1.76299e-36    8.77426e-07    
4.47355e-06    44522          44.7392        2.69143e+16    4.51279e-07    0.00268175     5.60759e-06    1.72934e-27    5.48203e-08    1.72934e-36    8.77426e-07    
4.47455e-06    44522.1        44.7393        2.69166e+16    4.51279e-07    0.00268175     5.60759e-06    1.69633e-27    5.48203e-08    1.69633e-36    8.77426e-07    
4.47555e-06    44522.1        44.7394        2.69188e+16    4.51279e-07    0.00268175     5.60759e-06    1.66395e-27    5.48203e-08    1.66395e-36    8.77426e-07    
4.47655e-06    44522.1        44.7394        2.69209e+16    4.51279e-07    0.00268175     5.60759e-06    1.63219e-27    5.48203e-08    1.63219e-36    8.77426e-07    
4.47755e-06    44522.2        44.7395        2.69231e+16    4.51279e-07    0.00268175     5.60759e-06    1.60103e-27    5.48203e-08    1.60103e-36    8.77426e-07    
4.47855e-06    44522.2        44.7396        2.69252e+16    4.51279e-07    0.00268175     5.60759e-06    1.57048e-27    5.48203e-08    1.57048e-36    8.77426e-07    
4.47955e-06    44522.3        44.7397        2.69273e+16    4.51279e-07    0.00268175     5.60759e-06    1.5405e-27     5.48203e-08    1.5405e-36     8.77426e-07    
4.48055e-06    44522.3        44.7397        2.69293e+16    4.51279e-07    0.00268175     5.60759e-06    1.5111e-27     5.48203e-08    1.5111e-36     8.77426e-07    
4.48155e-06    44522.4        44.7398        2.69313e+16    4.51279e-07    0.00268175     5.60759e-06    1.48226e-27    5.48203e-08    1.48226e-36    8.77426e-07    
4.48255e-06    44522.4        44.7399        2.69332e+16    4.51279e-07    0.00268175     5.60759e-06    1.45397e-27    5.48203e-08    1.45397e-36    8.77426e-07    
4.48355e-06    44522.4        44.74          2.69351e+16    4.51279e-07    0.00268175     5.60759e-06    1.42623e-27    5.48203e-08    1.42623e-36    8.77426e-07    
4.48455e-06    44522.5        44.74          2.6937e+16     4.51279e-07    0.00268175     5.60759e-06    1.39901e-27    5.48203e-08    1.39901e-36    8.77426e-07    
4.48555e-06    44522.5        44.7401        2.69389e+16    4.51279e-07    0.00268175     5.60759e-06    1.37231e-27    5.48203e-08    1.37231e-36    8.77426e-07    
4.48655e-06    44522.6        44.7402        2.69407e+16    4.51279e-07    0.00268175     5.60759e-06    1.34613e-27    5.48203e-08    1.34613e-36    8.77426e-07    
4.48755e-06    44522.6        44.7402        2.69424e+16    4.51279e-07    0.00268175     5.60759e-06    1.32044e-27    5.48203e-08    1.32044e-36    8.77426e-07    
4.48855e-06    44522.6        44.7403        2.69442e+16    4.51279e-07    0.00268175     5.60759e-06    1.29524e-27    5.48203e-08    1.29524e-36    8.77426e-07    
4.48955e-06    44522.7        44.7404        2.69458e+16    4.51279e-07    0.00268175     5.60759e-06    1.27053e-27    5.48203e-08    1.27053e-36    8.77426e-07    
4.49055e-06    44522.7        44.7404        2.69475e+16    4.51279e-07    0.00268175     5.60759e-06    1.24629e-27    5.48203e-08    1.24629e-36    8.77426e-07    
4.49155e-06    44522.7        44.7405        2.69491e+16    4.51279e-07    0.00268175     5.60759e-06    1.22251e-27    5.48203e-08    1.22251e-36    8.77426e-07    
4.49255e-06    44522.8        44.7405        2.69507e+16    4.51279e-07    0.00268175     5.60759e-06    1.19919e-27    5.48203e-08    1.19919e-36    8.77426e-07    
4.49355e-06    44522.8        44.7406        2.69522e+16    4.51279e-07    0.00268175     5.60759e-06    1.17631e-27    5.48203e-08    1.17631e-36    8.77426e-07    
4.49455e-06    44522.8        44.7407        2.69538e+16    4.51279e-07    0.00268175     5.60759e-06    1.15387e-27    5.48203e-08    1.15387e-36    8.77426e-07    
4.49555e-06    44522.9        44.7407        2.69552e+16    4.51279e-07    0.00268175     5.60759e-06    1.13185e-27    5.48203e-08    1.13185e-36    8.77426e-07    
4.49655e-06    44522.9        44.7408        2.69567e+16    4.51279e-07    0.00268175     5.60759e-06    1.11026e-27    5.48203e-08    1.11026e-36    8.77426e-07    
4.49755e-06    44522.9        44.7408        2.69581e+16    4.51279e-07    0.00268175     5.60759e-06    1.08908e-27    5.48203e-08    1.08908e-36    8.77426e-07    
4.49855e-06    44522.9        44.7409        2.69594e+16    4.51279e-07    0.00268175     5.60759e-06    1.06831e-27    5.48203e-08    1.06831e-36    8.77426e-07    
4.49955e-06    44523          44.7409        2.69607e+16    4.51279e-07    0.00268175     5.60759e-06    1.04793e-27    5.48203e-08    1.04793e-36    8.77426e-07    
4.50055e-06    44523          44.741         2.6962e+16     4.51279e-07    0.00268175     5.60759e-06    1.02794e-27    5.48203e-08    1.02794e-36    8.77426e-07    
4.50155e-06    44523          44.741         2.69633e+16    4.51279e-07    0.00268175     5.60759e-06    1.00833e-27    5.48203e-08    1.00833e-36    8.77426e-07    
4.50255e-06    44523.1        44.7411        2.69645e+16    4.51279e-07    0.00268175     5.60759e-06    9.89103e-28    5.48203e-08    9.89103e-37    8.77426e-07    
4.50355e-06    44523.1        44.7411        2.69657e+16    4.51279e-07    0.00268175     5.60759e-06    9.70239e-28    5.48203e-08    9.70239e-37    8.77426e-07    
4.50455e-06    44523.1        44.7411        2.69668e+16    4.51279e-07    0.00268175     5.60759e-06    9.51735e-28    5.48203e-08    9.51735e-37    8.77426e-07    
4.50555e-06    44523.1        44.7412        2.69679e+16    4.51279e-07    0.00268175     5.60759e-06    9.33584e-28    5.48203e-08    9.33584e-37    8.77426e-07    
4.50655e-06    44523.1        44.7412        2.6969e+16     4.51279e-07    0.00268175     5.60759e-06    9.15781e-28    5.48203e-08    9.15781e-37    8.77426e-07    
4.50755e-06    44523.2        44.7413        2.697e+16      4.51279e-07    0.00268175     5.60759e-06    8.98317e-28    5.48203e-08    8.98317e-37    8.77426e-07    
4.50855e-06    44523.2        44.7413        2.6971e+16     4.51279e-07    0.00268175     5.60759e-06    8.81187e-28    5.48203e-08    8.81187e-37    8.77426e-07    
4.50955e-06    44523.2        44.7413        2.6972e+16     4.51279e-07    0.00268175     5.60759e-06    8.64385e-28    5.48203e-08    8.64385e-37    8.77426e-07    
4.51055e-06    44523.2        44.7414        2.69729e+16    4.51279e-07    0.00268175     5.60759e-06    8.47903e-28    5.48203e-08    8.47903e-37    8.77426e-07    
4.51155e-06    44523.2        44.7414        2.69738e+16    4.51279e-07    0.00268175     5.60759e-06    8.31736e-28    5.48203e-08    8.31736e-37    8.77426e-07    
4.51255e-06    44523.3        44.7414        2.69746e+16    4.51279e-07    0.00268175     5.60759e-06    8.15878e-28    5.48203e-08    8.15878e-37    8.77426e-07    
4.51355e-06    44523.3        44.7415        2.69755e+16    4.51279e-07    0.00268175     5.60759e-06    8.00323e-28    5.48203e-08    8.00323e-37    8.77426e-07    
4.51455e-06    44523.3        44.7415        2.69762e+16    4.51279e-07    0.00268175     5.60759e-06    7.85065e-28    5.48203e-08    7.85065e-37    8.77426e-07    
4.51555e-06    44523.3        44.7415        2.6977e+16     4.51279e-07    0.00268175     5.60759e-06    7.70099e-28    5.48203e-08    7.70099e-37    8.77426e-07    
4.51655e-06    44523.3        44.7415        2.69777e+16    4.51279e-07    0.00268175     5.60759e-06    7.55418e-28    5.48203e-08    7.55418e-37    8.77426e-07    
4.51755e-06    44523.3        44.7416        2.69784e+16    4.51279e-07    0.00268175     5.60759e-06    7.41018e-28    5.48203e-08    7.41018e-37    8.77426e-07    
4.51855e-06    44523.4        44.7416        2.6979e+16     4.51279e-07    0.00268175     5.60759e-06    7.26893e-28    5.48203e-08    7.26893e-37    8.77426e-07    
4.51955e-06    44523.4        44.7416        2.69796e+16    4.51279e-07    0.00268175     5.60759e-06    7.13038e-28    5.48203e-08    7.13038e-37    8.77426e-07    
4.52055e-06    44523.4        44.7416        2.69801e+16    4.51279e-07    0.00268175     5.60759e-06    6.99447e-28    5.48203e-08    6.99447e-37    8.77426e-07    
4.52155e-06    44523.4        44.7417        2.69807e+16    4.51279e-07    0.00268175     5.60759e-06    6.86116e-28    5.48203e-08    6.86116e-37    8.77426e-07    
4.52255e-06    44523.4        44.7417        2.69812e+16    4.51279e-07    0.00268175     5.60759e-06    6.7304e-28     5.48203e-08    6.7304e-37     8.77426e-07    
4.52355e-06    44523.4        44.7417        2.69816e+16    4.51279e-07    0.00268175     5.60759e-06    6.60213e-28    5.48203e-08    6.60213e-37    8.77426e-07    
4.52455e-06    44523.4        44.7417        2.6982e+16     4.51279e-07    0.00268175     5.60759e-06    6.47632e-28    5.48203e-08    6.47632e-37    8.77426e-07    
4.52555e-06    44523.4        44.7417        2.69824e+16    4.51279e-07    0.00268175     5.60759e-06    6.3529e-28     5.48203e-08    6.3529e-37     8.77426e-07    
4.52655e-06    44523.4        44.7417        2.69828e+16    4.51279e-07    0.00268175     5.60759e-06    6.23185e-28    5.48203e-08    6.23185e-37    8.77426e-07    
4.52755e-06    44523.4        44.7417        2.69831e+16    4.51279e-07    0.00268175     5.60759e-06    6.1131e-28     5.48203e-08    6.1131e-37     8.77426e-07    
4.52855e-06    44523.4        44.7418        2.69833e+16    4.51279e-07    0.00268175     5.60759e-06    5.99662e-28    5.48203e-08    5.99662e-37    8.77426e-07    
4.52955e-06    44523.5        44.7418        2.69836e+16    4.51279e-07    0.00268175     5.60759e-06    5.88237e-28    5.48203e-08    5.88237e-37    8.77426e-07    
4.53055e-06    44523.5        44.7418        2.69838e+16    4.51279e-07    0.00268175     5.60759e-06    5.7703e-28     5.48203e-08    5.7703e-37     8.77426e-07    
4.53155e-06    44523.5        44.7418        2.69839e+16    4.51279e-07    0.00268175     5.60759e-06    5.66037e-28    5.48203e-08    5.66037e-37    8.77426e-07    
4.53255e-06    44523.5        44.7418        2.69841e+16    4.51279e-07    0.00268175     5.60759e-06    5.55254e-28    5.48203e-08    5.55254e-37    8.77426e-07    
4.53355e-06    44523.5        44.7418        2.69842e+16    4.51279e-07    0.00268175     5.60759e-06    5.44676e-28    5.48203e-08    5.44676e-37    8.77426e-07    
4.53455e-06    44523.5        44.7418        2.69842e+16    4.51279e-07    0.00268175     5.60759e-06    5.34301e-28    5.48203e-08    5.34301e-37    8.77426e-07    
4.53555e-06    44523.5        44.7418        2.69843e+16    4.51279e-07    0.00268175     5.60759e-06    5.24124e-28    5.48203e-08    5.24124e-37    8.77426e-07    
4.53655e-06    44523.5        44.7418        2.69842e+16    4.51279e-07    0.00268175     5.60759e-06    5.14141e-28    5.48203e-08    5.14141e-37    8.77426e-07    
4.53755e-06    44523.5        44.7418        2.69842e+16    4.51279e-07    0.00268175     5.60759e-06    5.04349e-28    5.48203e-08    5.04349e-37    8.77426e-07    
4.53855e-06    44523.5        44.7418        2.69841e+16    4.51279e-07    0.00268175     5.60759e-06    4.94743e-28    5.48203e-08    4.94743e-37    8.77426e-07    
4.53955e-06    44523.5        44.7418        2.6984e+16     4.51279e-07    0.00268175     5.60759e-06    4.85322e-28    5.48203e-08    4.85322e-37    8.77426e-07    
4.54055e-06    44523.5        44.7418        2.69838e+16    4.51279e-07    0.00268175     5.60759e-06    4.7608e-28     5.48203e-08    4.76079e-37    8.77426e-07    
4.54155e-06    44523.5        44.7418        2.69836e+16    4.51279e-07    0.00268175     5.60759e-06    4.67014e-28    5.48203e-08    4.67014e-37    8.77426e-07    
4.54255e-06    44523.4        44.7418        2.69834e+16    4.51279e-07    0.00268175     5.60759e-06    4.58121e-28    5.48203e-08    4.58121e-37    8.77426e-07    
4.54355e-06    44523.4        44.7417        2.69832e+16    4.51279e-07    0.00268175     5.60759e-06    4.49399e-28    5.48203e-08    4.49399e-37    8.77426e-07    
4.54455e-06    44523.4        44.7417        2.69829e+16    4.51279e-07    0.00268175     5.60759e-06    4.40842e-28    5.48203e-08    4.40842e-37    8.77426e-07    
4.54555e-06    44523.4        44.7417        2.69825e+16    4.51279e-07    0.00268175     5.60759e-06    4.3245e-28     5.48203e-08    4.3245e-37     8.77426e-07    
4.54655e-06    44523.4        44.7417        2.69822e+16    4.51279e-07    0.00268175     5.60759e-06    4.24217e-28    5.48203e-08    4.24217e-37    8.77426e-07    
4.54755e-06    44523.4        44.7417        2.69818e+16    4.51279e-07    0.00268175     5.60759e-06    4.16141e-28    5.48203e-08    4.16141e-37    8.77426e-07    
4.54855e-06    44523.4        44.7417        2.69813e+16    4.51279e-07    0.00268175     5.60759e-06    4.0822e-28     5.48203e-08    4.0822e-37     8.77426e-07    
4.54955e-06    44523.4        44.7417        2.69808e+16    4.51279e-07    0.00268175     5.60759e-06    4.0045e-28     5.48203e-08    4.0045e-37     8.77426e-07    
4.55055e-06    44523.4        44.7416        2.69803e+16    4.51279e-07    0.00268175     5.60759e-06    3.92828e-28    5.48203e-08    3.92828e-37    8.77426e-07    
4.55155e-06    44523.4        44.7416        2.69798e+16    4.51279e-07    0.00268175     5.60759e-06    3.85352e-28    5.48203e-08    3.85352e-37    8.77426e-07    
4.55255e-06    44523.4        44.7416        2.69792e+16    4.51279e-07    0.00268175     5.60759e-06    3.78018e-28    5.48203e-08    3.78018e-37    8.77426e-07    
4.55355e-06    44523.3        44.7416        2.69786e+16    4.51279e-07    0.00268175     5.60759e-06    3.70824e-28    5.48203e-08    3.70824e-37    8.77426e-07    
4.55455e-06    44523.3        44.7416        2.6978e+16     4.51279e-07    0.00268175     5.60759e-06    3.63768e-28    5.48203e-08    3.63768e-37    8.77426e-07    
4.55555e-06    44523.3        44.7415        2.69773e+16    4.51279e-07    0.00268175     5.60759e-06    3.56846e-28    5.48203e-08    3.56846e-37    8.77426e-07    
4.55655e-06    44523.3        44.7415        2.69766e+16    4.51279e-07    0.00268175     5.60759e-06    3.50056e-28    5.48203e-08    3.50056e-37    8.77426e-07    
4.55755e-06    44523.3        44.7415        2.69758e+16    4.51279e-07    0.00268175     5.60759e-06    3.43396e-28    5.48203e-08    3.43396e-37    8.77426e-07    
4.55855e-06    44523.3        44.7414        2.6975e+16     4.51279e-07    0.00268175     5.60759e-06    3.36863e-28    5.48203e-08    3.36863e-37    8.77426e-07    
4.55955e-06    44523.3        44.7414        2.69742e+16    4.51279e-07    0.00268175     5.60759e-06    3.30455e-28    5.48203e-08    3.30455e-37    8.77426e-07    
4.56055e-06    44523.2        44.7414        2.69733e+16    4.51279e-07    0.00268175     5.60759e-06    3.24169e-28    5.48203e-08    3.24169e-37    8.77426e-07    
4.56155e-06    44523.2        44.7413        2.69724e+16    4.51279e-07    0.00268175     5.60759e-06    3.18002e-28    5.48203e-08    3.18002e-37    8.77426e-07    
4.56255e-06    44523.2        44.7413        2.69715e+16    4.51279e-07    0.00268175     5.60759e-06    3.11954e-28    5.48203e-08    3.11954e-37    8.77426e-07    
4.56355e-06    44523.2        44.7413        2.69705e+16    4.51279e-07    0.00268175     5.60759e-06    3.06021e-28    5.48203e-08    3.06021e-37    8.77426e-07    
4.56455e-06    44523.2        44.7412        2.69695e+16    4.51279e-07    0.00268175     5.60759e-06    3.00201e-28    5.48203e-08    3.00201e-37    8.77426e-07    
4.56555e-06    44523.1        44.7412        2.69685e+16    4.51279e-07    0.00268175     5.60759e-06    2.94492e-28    5.48203e-08    2.94492e-37    8.77426e-07    
4.56655e-06    44523.1        44.7412        2.69674e+16    4.51279e-07    0.00268175     5.60759e-06    2.88892e-28    5.48203e-08    2.88892e-37    8.77426e-07    
4.56755e-06    44523.1        44.7411        2.69663e+16    4.51279e-07    0.00268175     5.60759e-06    2.83399e-28    5.48203e-08    2.83399e-37    8.77426e-07    
4.56855e-06    44523.1        44.7411        2.69652e+16    4.51279e-07    0.00268175     5.60759e-06    2.78011e-28    5.48203e-08    2.78011e-37    8.77426e-07    
4.56955e-06    44523          44.741         2.6964e+16     4.51279e-07    0.00268175     5.60759e-06    2.72725e-28    5.48203e-08    2.72725e-37    8.77426e-07    
4.57055e-06    44523          44.741         2.69628e+16    4.51279e-07    0.00268175     5.60759e-06    2.67541e-28    5.48203e-08    2.67541e-37    8.77426e-07    
4.57155e-06    44523          44.7409        2.69616e+16    4.51279e-07    0.00268175     5.60759e-06    2.62455e-28    5.48203e-08    2.62455e-37    8.77426e-07    
4.57255e-06    44523          44.7409        2.69603e+16    4.51279e-07    0.00268175     5.60759e-06    2.57466e-28    5.48203e-08    2.57466e-37    8.77426e-07    
4.57355e-06    44522.9        44.7408        2.6959e+16     4.51279e-07    0.00268175     5.60759e-06    2.52572e-28    5.48203e-08    2.52572e-37    8.77426e-07    
4.57455e-06    44522.9        44.7408        2.69577e+16    4.51279e-07    0.00268175     5.60759e-06    2.47772e-28    5.48203e-08    2.47772e-37    8.77426e-07    
4.57555e-06    44522.9        44.7407        2.69563e+16    4.51279e-07    0.00268175     5.60759e-06    2.43063e-28    5.48203e-08    2.43063e-37    8.77426e-07    
4.57655e-06    44522.9        44.7407        2.69549e+16    4.51279e-07    0.00268175     5.60759e-06    2.38444e-28    5.48203e-08    2.38444e-37    8.77426e-07    
4.57755e-06    44522.8        44.7406        2.69534e+16    4.51279e-07    0.00268175     5.60759e-06    2.33913e-28    5.48203e-08    2.33913e-37    8.77426e-07    
4.57855e-06    44522.8        44.7406        2.6952e+16     4.51279e-07    0.00268175     5.60759e-06    2.29469e-28    5.48203e-08    2.29469e-37    8.77426e-07    
4.57955e-06    44522.8        44.7405        2.69504e+16    4.51279e-07    0.00268175     5.60759e-06    2.25109e-28    5.48203e-08    2.25109e-37    8.77426e-07    
4.58055e-06    44522.7        44.7405        2.69489e+16    4.51279e-07    0.00268175     5.60759e-06    2.20833e-28    5.48203e-08    2.20833e-37    8.77426e-07    
4.58155e-06    44522.7        44.7404        2.69473e+16    4.51279e-07    0.00268175     5.60759e-06    2.16638e-28    5.48203e-08    2.16638e-37    8.77426e-07    
4.58255e-06    44522.7        44.7404        2.69457e+16    4.51279e-07    0.00268175     5.60759e-06    2.12523e-28    5.48203e-08    2.12523e-37    8.77426e-07    
4.58355e-06    44522.6        44.7403        2.6944e+16     4.51279e-07    0.00268175     5.60759e-06    2.08486e-28    5.48203e-08    2.08486e-37    8.77426e-07    
4.58455e-06    44522.6        44.7402        2.69424e+16    4.51279e-07    0.00268175     5.60759e-06    2.04526e-28    5.48203e-08    2.04526e-37    8.77426e-07    
4.58555e-06    44522.6        44.7402        2.69406e+16    4.51279e-07    0.00268175     5.60759e-06    2.00642e-28    5.48203e-08    2.00642e-37    8.77426e-07    
4.58655e-06    44522.5        44.7401        2.69389e+16    4.51279e-07    0.00268175     5.60759e-06    1.96832e-28    5.48203e-08    1.96832e-37    8.77426e-07    
4.58755e-06    44522.5        44.74          2.69371e+16    4.51279e-07    0.00268175     5.60759e-06    1.93095e-28    5.48203e-08    1.93095e-37    8.77426e-07    
4.58855e-06    44522.4        44.74          2.69353e+16    4.51279e-07    0.00268175     5.60759e-06    1.89428e-28    5.48203e-08    1.89428e-37    8.77426e-07    
4.58955e-06    44522.4        44.7399        2.69334e+16    4.51279e-07    0.00268175     5.60759e-06    1.85832e-28    5.48203e-08    1.85832e-37    8.77426e-07    
4.59055e-06    44522.4        44.7398        2.69315e+16    4.51279e-07    0.00268175     5.60759e-06    1.82304e-28    5.48203e-08    1.82304e-37    8.77426e-07    
4.59155e-06    44522.3        44.7398        2.69296e+16    4.51279e-07    0.00268175     5.60759e-06    1.78844e-28    5.48203e-08    1.78844e-37    8.77426e-07    
4.59255e-06    44522.3        44.7397        2.69276e+16    4.51279e-07    0.00268175     5.60759e-06    1.75449e-28    5.48203e-08    1.75449e-37    8.77426e-07    
4.59355e-06    44522.2        44.7396        2.69257e+16    4.51279e-07    0.00268175     5.60759e-06    1.72119e-28    5.48203e-08    1.72119e-37    8.77426e-07    
4.59455e-06    44522.2        44.7395        2.69236e+16    4.51279e-07    0.00268175     5.60759e-06    1.68853e-28    5.48203e-08    1.68853e-37    8.77426e-07    
4.59555e-06    44522.2        44.7395        2.69216e+16    4.51279e-07    0.00268175     5.60759e-06    1.65649e-28    5.48203e-08    1.65649e-37    8.77426e-07    
4.59655e-06    44522.1        44.7394        2.69195e+16    4.51279e-07    0.00268175     5.60759e-06    1.62505e-28    5.48203e-08    1.62505e-37    8.77426e-07    
4.59755e-06    44522.1        44.7393        2.69174e+16    4.51279e-07    0.00268175     5.60759e-06    1.59422e-28    5.48203e-08    1.59422e-37    8.77426e-07    
4.59855e-06    44522          44.7392        2.69152e+16    4.51279e-07    0.00268175     5.60759e-06    1.56398e-28    5.48203e-08    1.56398e-37    8.77426e-07    
4.59955e-06    44522          44.7391        2.6913e+16     4.51279e-07    0.00268175     5.60759e-06    1.53431e-28    5.48203e-08    1.53431e-37    8.77426e-07    
4.60055e-06    44521.9        44.7391        2.69108e+16    4.51279e-07    0.00268175     5.60759e-06    1.5052e-28     5.48203e-08    1.5052e-37     8.77426e-07    
4.60155e-06    44521.9        44.739         2.69085e+16    4.51279e-07    0.00268175     5.60759e-06    1.47665e-28    5.48203e-08    1.47665e-37    8.77426e-07    
4.60255e-06    44521.8        44.7389        2.69062e+16    4.51279e-07    0.00268175     5.60759e-06    1.44865e-28    5.48203e-08    1.44865e-37    8.77426e-07    
4.60355e-06    44521.8        44.7388        2.69039e+16    4.51279e-07    0.00268175     5.60759e-06    1.42118e-28    5.48203e-08    1.42118e-37    8.77426e-07    
4.60455e-06    44521.7        44.7387        2.69016e+16    4.51279e-07    0.00268175     5.60759e-06    1.39423e-28    5.48203e-08    1.39423e-37    8.77426e-07    
4.60555e-06    44521.7        44.7386        2.68992e+16    4.51279e-07    0.00268175     5.60759e-06    1.36779e-28    5.48203e-08    1.36779e-37    8.77426e-07    
4.60655e-06    44521.6        44.7385        2.68967e+16    4.51279e-07    0.00268175     5.60759e-06    1.34186e-28    5.48203e-08    1.34186e-37    8.77426e-07    
4.60755e-06    44521.6        44.7384        2.68943e+16    4.51279e-07    0.00268175     5.60759e-06    1.31643e-28    5.48203e-08    1.31643e-37    8.77426e-07    
4.60855e-06    44521.5        44.7384        2.68918e+16    4.51279e-07    0.00268175     5.60759e-06    1.29147e-28    5.48203e-08    1.29147e-37    8.77426e-07    
4.60955e-06    44521.5        44.7383        2.68893e+16    4.51279e-07    0.00268175     5.60759e-06    1.26699e-28    5.48203e-08    1.26699e-37    8.77426e-07    
4.61055e-06    44521.4        44.7382        2.68867e+16    4.51279e-07    0.00268175     5.60759e-06    1.24298e-28    5.48203e-08    1.24298e-37    8.77426e-07    
4.61155e-06    44521.4        44.7381        2.68841e+16    4.51279e-07    0.00268175     5.60759e-06    1.21943e-28    5.48203e-08    1.21943e-37    8.77426e-07    
4.61255e-06    44521.3        44.738         2.68815e+16    4.51279e-07    0.00268175     5.60759e-06    1.19632e-28    5.48203e-08    1.19632e-37    8.77426e-07    
4.61355e-06    44521.3        44.7379        2.68788e+16    4.51279e-07    0.00268175     5.60759e-06    1.17365e-28    5.48203e-08    1.17365e-37    8.77426e-07    
4.61455e-06    44521.2        44.7378        2.68761e+16    4.51279e-07    0.00268175     5.60759e-06    1.15142e-28    5.48203e-08    1.15142e-37    8.77426e-07    
4.61555e-06    44521.2        44.7377        2.68734e+16    4.51279e-07    0.00268175     5.60759e-06    1.12961e-28    5.48203e-08    1.12961e-37    8.77426e-07    
4.61655e-06    44521.1        44.7376        2.68707e+16    4.51279e-07    0.00268175     5.60759e-06    1.10821e-28    5.48203e-08    1.10821e-37    8.77426e-07    
4.61755e-06    44521          44.7375        2.68679e+16    4.51279e-07    0.00268175     5.60759e-06    1.08722e-28    5.48203e-08    1.08722e-37    8.77426e-07    
4.61855e-06    44521          44.7374        2.68651e+16    4.51279e-07    0.00268175     5.60759e-06    1.06663e-28    5.48203e-08    1.06663e-37    8.77426e-07    
4.61955e-06    44520.9        44.7373        2.68622e+16    4.51279e-07    0.00268175     5.60759e-06    1.04644e-28    5.48203e-08    1.04644e-37    8.77426e-07    
4.62055e-06    44520.9        44.7371        2.68593e+16    4.51279e-07    0.00268175     5.60759e-06    1.02662e-28    5.48203e-08    1.02662e-37    8.77426e-07    
4.62155e-06    44520.8        44.737         2.68564e+16    4.51279e-07    0.00268175     5.60759e-06    1.00719e-28    5.48203e-08    1.00719e-37    8.77426e-07    
4.62255e-06    44520.7        44.7369        2.68534e+16    4.51279e-07    0.00268175     5.60759e-06    9.88122e-29    5.48203e-08    9.88122e-38    8.77426e-07    
4.62355e-06    44520.7        44.7368        2.68505e+16    4.51279e-07    0.00268175     5.60759e-06    9.69419e-29    5.48203e-08    9.69418e-38    8.77426e-07    
4.62455e-06    44520.6        44.7367        2.68474e+16    4.51279e-07    0.00268175     5.60759e-06    9.51071e-29    5.48203e-08    9.51071e-38    8.77426e-07    
4.62555e-06    44520.5        44.7366        2.68444e+16    4.51279e-07    0.00268175     5.60759e-06    9.33073e-29    5.48203e-08    9.33073e-38    8.77426e-07    
4.62655e-06    44520.5        44.7365        2.68413e+16    4.51279e-07    0.00268175     5.60759e-06    9.15417e-29    5.48203e-08    9.15417e-38    8.77426e-07    
4.62755e-06    44520.4        44.7364        2.68382e+16    4.51279e-07    0.00268175     5.60759e-06    8.98097e-29    5.48203e-08    8.98097e-38    8.77426e-07    
4.62855e-06    44520.3        44.7362        2.68351e+16    4.51183e-07    0.00268175     5.60759e-06    8.81107e-29    5.48203e-08    8.81107e-38    8.77426e-07    
4.62955e-06    44520.3        44.7361        2.68319e+16    4.51183e-07    0.00268175     5.60759e-06    8.64439e-29    5.48203e-08    8.64439e-38    8.77426e-07    
4.63055e-06    44520.2        44.736         2.68287e+16    4.51183e-07    0.00268175     5.60759e-06    8.48089e-29    5.48203e-08    8.48089e-38    8.77426e-07    
4.63155e-06    44520.1        44.7359        2.68254e+16    4.51183e-07    0.00268175     5.60759e-06    8.3205e-29     5.48203e-08    8.3205e-38     8.77426e-07    
4.63255e-06    44520.1        44.7358        2.68221e+16    4.51183e-07    0.00268175     5.60759e-06    8.16316e-29    5.48203e-08    8.16316e-38    8.77426e-07    
4.63355e-06    44520          44.7356        2.68188e+16    4.51183e-07    0.00268175     5.60759e-06    8.00881e-29    5.48203e-08    8.00881e-38    8.77426e-07    
4.63455e-06    44519.9        44.7355        2.68155e+16    4.51183e-07    0.00268175     5.60759e-06    7.85739e-29    5.48203e-08    7.85739e-38    8.77426e-07    
4.63555e-06    44519.9        44.7354        2.68121e+16    4.51183e-07    0.00268175     5.60759e-06    7.70886e-29    5.48203e-08    7.70886e-38    8.77426e-07    
4.63655e-06    44519.8        44.7353        2.68087e+16    4.51183e-07    0.00268175     5.60759e-06    7.56315e-29    5.48203e-08    7.56315e-38    8.77426e-07    
4.63755e-06    44519.7        44.7351        2.68053e+16    4.51183e-07    0.00268175     5.60759e-06    7.42021e-29    5.48203e-08    7.42021e-38    8.77426e-07    
4.63855e-06    44519.7        44.735         2.68018e+16    4.51183e-07    0.00268175     5.60759e-06    7.27998e-29    5.48203e-08    7.27998e-38    8.77426e-07    
4.63955e-06    44519.6        44.7349        2.67983e+16    4.51183e-07    0.00268175     5.60759e-06    7.14243e-29    5.48203e-08    7.14243e-38    8.77426e-07    
4.64055e-06    44519.5        44.7347        2.67948e+16    4.51183e-07    0.00268175     5.60759e-06    7.00748e-29    5.48203e-08    7.00748e-38    8.77426e-07    
4.64155e-06    44519.4        44.7346        2.67912e+16    4.51183e-07    0.00268175     5.60759e-06    6.87511e-29    5.48203e-08    6.87511e-38    8.77426e-07    
4.64255e-06    44519.4        44.7345        2.67876e+16    4.51183e-07    0.00268175     5.60759e-06    6.74525e-29    5.48203e-08    6.74525e-38    8.77426e-07    
4.64355e-06    44519.3        44.7343        2.6784e+16     4.51183e-07    0.00268175     5.60759e-06    6.61785e-29    5.48203e-08    6.61785e-38    8.77426e-07    
4.64455e-06    44519.2        44.7342        2.67803e+16    4.51183e-07    0.00268175     5.60759e-06    6.49288e-29    5.48203e-08    6.49288e-38    8.77426e-07    
4.64555e-06    44519.1        44.7341        2.67766e+16    4.51183e-07    0.00268175     5.60759e-06    6.37028e-29    5.48203e-08    6.37028e-38    8.77426e-07    
4.64655e-06    44519          44.7339        2.67729e+16    4.51183e-07    0.00268175     5.60759e-06    6.25001e-29    5.48203e-08    6.25001e-38    8.77426e-07    
4.64755e-06    44519          44.7338        2.67692e+16    4.51183e-07    0.00268175     5.60759e-06    6.13203e-29    5.48203e-08    6.13203e-38    8.77426e-07    
4.64855e-06    44518.9        44.7336        2.67654e+16    4.51183e-07    0.00268175     5.60759e-06    6.01629e-29    5.48203e-08    6.01629e-38    8.77426e-07    
4.64955e-06    44518.8        44.7335        2.67616e+16    4.51183e-07    0.00268175     5.60759e-06    5.90275e-29    5.48203e-08    5.90275e-38    8.77426e-07    
4.65055e-06    44518.7        44.7334        2.67577e+16    4.51183e-07    0.00268175     5.60759e-06    5.79136e-29    5.48203e-08    5.79136e-38    8.77426e-07    
4.65155e-06    44518.6        44.7332        2.67538e+16    4.51183e-07    0.00268175     5.60759e-06    5.68209e-29    5.48203e-08    5.68209e-38    8.77426e-07    
4.65255e-06    44518.6        44.7331        2.67499e+16    4.51183e-07    0.00268175     5.60759e-06    5.57456e-29    5.48203e-08    5.57456e-38    8.77426e-07    
4.65355e-06    44518.5        44.7329        2.6746e+16     4.51183e-07    0.00268175     5.60759e-06    5.46941e-29    5.48203e-08    5.46941e-38    8.77426e-07    
4.65455e-06    44518.4        44.7328        2.6742e+16     4.51183e-07    0.00268175     5.60759e-06    5.36625e-29    5.48203e-08    5.36625e-38    8.77426e-07    
4.65555e-06    44518.3        44.7326        2.6738e+16     4.51183e-07    0.00268175     5.60759e-06    5.26505e-29    5.48203e-08    5.26505e-38    8.77426e-07    
4.65655e-06    44518.2        44.7325        2.6734e+16     4.51183e-07    0.00268175     5.60759e-06    5.16578e-29    5.48203e-08    5.16578e-38    8.77426e-07    
4.65755e-06    44518.1        44.7323        2.67299e+16    4.51183e-07    0.00268175     5.60759e-06    5.06839e-29    5.48203e-08    5.06839e-38    8.77426e-07    
4.65855e-06    44518.1        44.7322        2.67258e+16    4.51183e-07    0.00268175     5.60759e-06    4.97285e-29    5.48203e-08    4.97285e-38    8.77426e-07    
4.65955e-06    44518          44.732         2.67217e+16    4.51183e-07    0.00268175     5.60759e-06    4.87912e-29    5.48203e-08    4.87912e-38    8.77426e-07    
4.66055e-06    44517.9        44.7319        2.67175e+16    4.51183e-07    0.00268175     5.60759e-06    4.78717e-29    5.48203e-08    4.78717e-38    8.77426e-07    
4.66155e-06    44517.8        44.7317        2.67133e+16    4.51183e-07    0.00268175     5.60759e-06    4.69697e-29    5.48203e-08    4.69697e-38    8.77426e-07    
4.66255e-06    44517.7        44.7315        2.67091e+16    4.51183e-07    0.00268175     5.60759e-06    4.60848e-29    5.48203e-08    4.60848e-38    8.77426e-07    
4.66355e-06    44517.6        44.7314        2.67048e+16    4.51183e-07    0.00268175     5.60759e-06    4.52166e-29    5.48203e-08    4.52166e-38    8.77426e-07    
4.66455e-06    44517.5        44.7312        2.67005e+16    4.51183e-07    0.00268175     5.60759e-06    4.4365e-29     5.48203e-08    4.4365e-38     8.77426e-07    
4.66555e-06    44517.4        44.7311        2.66962e+16    4.51183e-07    0.00268175     5.60759e-06    4.35295e-29    5.48203e-08    4.35295e-38    8.77426e-07    
4.66655e-06    44517.3        44.7309        2.66919e+16    4.51183e-07    0.00268175     5.60759e-06    4.27099e-29    5.48203e-08    4.27099e-38    8.77426e-07    
4.66755e-06    44517.2        44.7307        2.66875e+16    4.51183e-07    0.00268175     5.60759e-06    4.19058e-29    5.48203e-08    4.19058e-38    8.77426e-07    
4.66855e-06    44517.2        44.7306        2.66831e+16    4.51183e-07    0.00268175     5.60759e-06    4.11169e-29    5.48203e-08    4.11169e-38    8.77426e-07    
4.66955e-06    44517.1        44.7304        2.66786e+16    4.51183e-07    0.00268175     5.60759e-06    4.03431e-29    5.48203e-08    4.03431e-38    8.77426e-07    
4.67055e-06    44517          44.7302        2.66742e+16    4.51183e-07    0.00268175     5.60759e-06    3.95839e-29    5.48203e-08    3.95839e-38    8.77426e-07    
4.67155e-06    44516.9        44.7301        2.66697e+16    4.50802e-07    0.00268175     5.60759e-06    3.88391e-29    5.48203e-08    3.88391e-38    8.77426e-07    
4.67255e-06    44516.8        44.7299        2.66651e+16    4.50802e-07    0.00268175     5.60759e-06    3.81084e-29    5.48203e-08    3.81084e-38    8.77426e-07    
4.67355e-06    44516.7        44.7297        2.66606e+16    4.50802e-07    0.00268175     5.60759e-06    3.73916e-29    5.48203e-08    3.73916e-38    8.77426e-07    
4.67455e-06    44516.6        44.7295        2.6656e+16     4.50802e-07    0.00268175     5.60759e-06    3.66883e-29    5.48203e-08    3.66883e-38    8.77426e-07    
4.67555e-06    44516.5        44.7294        2.66514e+16    4.50802e-07    0.00268175     5.60759e-06    3.59984e-29    5.48203e-08    3.59984e-38    8.77426e-07    
4.67655e-06    44516.4        44.7292        2.66467e+16    4.50802e-07    0.00268175     5.60759e-06    3.53216e-29    5.48203e-08    3.53216e-38    8.77426e-07    
4.67755e-06    44516.3        44.729         2.6642e+16     4.50802e-07    0.00268175     5.60759e-06    3.46576e-29    5.48203e-08    3.46576e-38    8.77426e-07    
4.67855e-06    44516.2        44.7288        2.66373e+16    4.50802e-07    0.00268175     5.60759e-06    3.40062e-29    5.48203e-08    3.40062e-38    8.77426e-07    
4.67955e-06    44516.1        44.7287        2.66326e+16    4.50802e-07    0.00268175     5.60759e-06    3.33671e-29    5.48203e-08    3.33671e-38    8.77426e-07    
4.68055e-06    44516          44.7285        2.66278e+16    4.50802e-07    0.00268175     5.60759e-06    3.27402e-29    5.48203e-08    3.27402e-38    8.77426e-07    
4.68155e-06    44515.9        44.7283        2.6623e+16     4.50802e-07    0.00268175     5.60759e-06    3.21251e-29    5.48203e-08    3.21251e-38    8.77426e-07    
4.68255e-06    44515.8        44.7281        2.66181e+16    4.50802e-07    0.00268175     5.60759e-06    3.15216e-29    5.48203e-08    3.15216e-38    8.77426e-07    
4.68355e-06    44515.7        44.7279        2.66133e+16    4.50802e-07    0.00268175     5.60759e-06    3.09296e-29    5.48203e-08    3.09296e-38    8.77426e-07    
4.68455e-06    44515.6        44.7278        2.66084e+16    4.50802e-07    0.00268175     5.60759e-06    3.03489e-29    5.48203e-08    3.03489e-38    8.77426e-07    
4.68555e-06    44515.5        44.7276        2.66035e+16    4.50802e-07    0.00268175     5.60759e-06    2.97791e-29    5.48203e-08    2.97791e-38    8.77426e-07    
4.68655e-06    44515.4        44.7274        2.65985e+16    4.50802e-07    0.00268175     5.60759e-06    2.92201e-29    5.48203e-08    2.92201e-38    8.77426e-07    
4.68755e-06    44515.3        44.7272        2.65935e+16    4.50802e-07    0.00268175     5.60759e-06    2.86717e-29    5.48203e-08    2.86717e-38    8.77426e-07    
4.68855e-06    44515.2        44.727         2.65885e+16    4.50802e-07    0.00268175     5.60759e-06    2.81337e-29    5.48203e-08    2.81336e-38    8.77426e-07    
4.68955e-06    44515.1        44.7268        2.65835e+16    4.50802e-07    0.00268175     5.60759e-06    2.76058e-29    5.48203e-08    2.76058e-38    8.77426e-07    
4.69055e-06    44514.9        44.7266        2.65784e+16    4.50802e-07    0.00268175     5.60759e-06    2.7088e-29     5.48203e-08    2.7088e-38     8.77426e-07    
4.69155e-06    44514.8        44.7264        2.65733e+16    4.50802e-07    0.00268175     5.60759e-06    2.65799e-29    5.48203e-08    2.65799e-38    8.77426e-07    
4.69255e-06    44514.7        44.7262        2.65681e+16    4.50802e-07    0.00268175     5.60759e-06    2.60815e-29    5.48203e-08    2.60815e-38    8.77426e-07    
4.69355e-06    44514.6        44.7261        2.6563e+16     4.50802e-07    0.00268175     5.60759e-06    2.55925e-29    5.48203e-08    2.55925e-38    8.77426e-07    
4.69455e-06    44514.5        44.7259        2.65578e+16    4.50802e-07    0.00268175     5.60759e-06    2.51127e-29    5.48203e-08    2.51127e-38    8.77426e-07    
4.69555e-06    44514.4        44.7257        2.65526e+16    4.50802e-07    0.00268175     5.60759e-06    2.46421e-29    5.48203e-08    2.46421e-38    8.77426e-07    
4.69655e-06    44514.3        44.7255        2.65473e+16    4.50802e-07    0.00268175     5.60759e-06    2.41803e-29    5.48203e-08    2.41803e-38    8.77426e-07    
4.69755e-06    44514.2        44.7253        2.6542e+16     4.50802e-07    0.00268175     5.60759e-06    2.37273e-29    5.48203e-08    2.37273e-38    8.77426e-07    
4.69855e-06    44514.1        44.7251        2.65367e+16    4.50802e-07    0.00268175     5.60759e-06    2.32828e-29    5.48203e-08    2.32828e-38    8.77426e-07    
4.69955e-06    44514          44.7249        2.65314e+16    4.50802e-07    0.00268175     5.60759e-06    2.28468e-29    5.48203e-08    2.28468e-38    8.77426e-07    
4.70055e-06    44513.8        44.7247        2.6526e+16     4.50802e-07    0.00268175     5.60759e-06    2.24189e-29    5.48203e-08    2.24189e-38    8.77426e-07    
4.70155e-06    44513.7        44.7245        2.65206e+16    4.50802e-07    0.00268175     5.60759e-06    2.19992e-29    5.48203e-08    2.19992e-38    8.77426e-07    
4.70255e-06    44513.6        44.7242        2.65152e+16    4.50802e-07    0.00268175     5.60759e-06    2.15874e-29    5.48203e-08    2.15874e-38    8.77426e-07    
4.70355e-06    44513.5        44.724         2.65097e+16    4.50802e-07    0.00268175     5.60759e-06    2.11834e-29    5.48203e-08    2.11834e-38    8.77426e-07    
4.70455e-06    44513.4        44.7238        2.65042e+16    4.50802e-07    0.00268175     5.60759e-06    2.07871e-29    5.48203e-08    2.07871e-38    8.77426e-07    
4.70555e-06    44513.3        44.7236        2.64987e+16    4.50802e-07    0.00268175     5.60759e-06    2.01078e-29    5.48203e-08    2.01078e-38    8.77426e-07    
4.70655e-06    44513.1        44.7234        2.64932e+16    4.50802e-07    0.00268175     5.60759e-06    1.97296e-29    5.48203e-08    1.97296e-38    8.77426e-07    
4.70755e-06    44513          44.7232        2.64876e+16    4.50802e-07    0.00268175     5.60759e-06    1.93586e-29    5.48203e-08    1.93586e-38    8.77426e-07    
4.70855e-06    44512.9        44.723         2.6482e+16     4.50802e-07    0.00268175     5.60759e-06    1.89946e-29    5.48203e-08    1.89946e-38    8.77426e-07    
4.70955e-06    44512.8        44.7228        2.64764e+16    4.50802e-07    0.00268175     5.60759e-06    1.86376e-29    5.48203e-08    1.86376e-38    8.77426e-07    
4.71055e-06    44512.7        44.7226        2.64707e+16    4.50802e-07    0.00268175     5.60759e-06    1.82872e-29    5.48203e-08    1.82872e-38    8.77426e-07    
4.71155e-06    44512.5        44.7224        2.6465e+16     4.50802e-07    0.00268175     5.60759e-06    1.79436e-29    5.48203e-08    1.79436e-38    8.77426e-07    
4.71255e-06    44512.4        44.7221        2.64593e+16    4.50802e-07    0.00268175     5.60759e-06    1.76064e-29    5.48203e-08    1.76064e-38    8.77426e-07    
4.71355e-06    44512.3        44.7219        2.64535e+16    4.50802e-07    0.00268175     5.60759e-06    1.72757e-29    5.48203e-08    1.72757e-38    8.77426e-07    
4.71455e-06    44512.2        44.7217        2.64478e+16    4.50802e-07    0.00268175     5.60759e-06    1.69512e-29    5.48203e-08    1.69512e-38    8.77426e-07    
4.71555e-06    44512.1        44.7215        2.6442e+16     4.50802e-07    0.00268175     5.60759e-06    1.66328e-29    5.48203e-08    1.66328e-38    8.77426e-07    
4.71655e-06    44511.9        44.7213        2.64361e+16    4.50802e-07    0.00268175     5.60759e-06    1.63205e-29    5.48203e-08    1.63205e-38    8.77426e-07    
4.71755e-06    44511.8        44.721         2.64303e+16    4.50802e-07    0.00268175     5.60759e-06    1.60141e-29    5.48203e-08    1.60141e-38    8.77426e-07    
4.71855e-06    44511.7        44.7208        2.64244e+16    4.50802e-07    0.00268175     5.60759e-06    1.57135e-29    5.48203e-08    1.57135e-38    8.77426e-07    
4.71955e-06    44511.6        44.7206        2.64184e+16    4.50802e-07    0.00268175     5.60759e-06    1.54186e-29    5.48203e-08    1.54186e-38    8.77426e-07    
4.72055e-06    44511.4        44.7204        2.64125e+16    4.50802e-07    0.00268175     5.60759e-06    1.51292e-29    5.48203e-08    1.51292e-38    8.77426e-07    
4.72155e-06    44511.3        44.7201        2.64065e+16    4.50802e-07    0.00268175     5.60759e-06    1.48454e-29    5.48203e-08    1.48454e-38    8.77426e-07    
4.72255e-06    44511.2        44.7199        2.64005e+16    4.50778e-07    0.00268175     5.60759e-06    1.45669e-29    5.48203e-08    1.45669e-38    8.77426e-07    
4.72355e-06    44511          44.7197        2.63945e+16    4.50778e-07    0.00268175     5.60759e-06    1.42937e-29    5.48203e-08    1.42937e-38    8.77426e-07    
4.72455e-06    44510.9        44.7195        2.63884e+16    4.50778e-07    0.00268175     5.60759e-06    1.40257e-29    5.48203e-08    1.40257e-38    8.77426e-07    
4.72555e-06    44510.8        44.7192        2.63823e+16    4.50397e-07    0.00268175     5.60759e-06    1.37627e-29    5.48203e-08    1.37627e-38    8.77426e-07    
4.72655e-06    44510.7        44.719         2.63762e+16    4.50397e-07    0.00268175     5.60759e-06    1.35047e-29    5.48203e-08    1.35047e-38    8.77426e-07    
4.72755e-06    44510.5        44.7188        2.63701e+16    4.50397e-07    0.00268175     5.60759e-06    1.32516e-29    5.48203e-08    1.32516e-38    8.77426e-07    
4.72855e-06    44510.4        44.7185        2.63639e+16    4.50397e-07    0.00268175     5.60759e-06    1.30033e-29    5.48203e-08    1.30033e-38    8.77426e-07    
4.72955e-06    44510.3        44.7183        2.63577e+16    4.50397e-07    0.00268175     5.60759e-06    1.27597e-29    5.48203e-08    1.27597e-38    8.77426e-07    
4.73055e-06    44510.1        44.7181        2.63514e+16    4.50397e-07    0.00268175     5.60759e-06    1.25207e-29    5.48203e-08    1.25207e-38    8.77426e-07    
4.73155e-06    44510          44.7178        2.63452e+16    4.50397e-07    0.00268175     5.60759e-06    1.22862e-29    5.48203e-08    1.22862e-38    8.77426e-07    
4.73255e-06    44509.9        44.7176        2.63389e+16    4.50397e-07    0.00268175     5.60759e-06    1.20562e-29    5.48203e-08    1.20562e-38    8.77426e-07    
4.73355e-06    44509.7        44.7173        2.63326e+16    4.50397e-07    0.00268175     5.60759e-06    1.18305e-29    5.48203e-08    1.18305e-38    8.77426e-07    
4.73455e-06    44509.6        44.7171        2.63262e+16    4.50397e-07    0.00268175     5.60759e-06    1.1609e-29     5.48203e-08    1.1609e-38     8.77426e-07    
4.73555e-06    44509.5        44.7169        2.63199e+16    4.50397e-07    0.00268175     5.60759e-06    1.13918e-29    5.48203e-08    1.13918e-38    8.77426e-07    
4.73655e-06    44509.3        44.7166        2.63135e+16    4.50397e-07    0.00268175     5.60759e-06    1.11786e-29    5.48203e-08    1.11786e-38    8.77426e-07    
4.73755e-06    44509.2        44.7164        2.63071e+16    4.50397e-07    0.00268175     5.60149e-06    1.09695e-29    5.48203e-08    1.09695e-38    8.77426e-07    
4.73855e-06    44509          44.7161        2.63006e+16    4.50397e-07    0.00268175     5.60149e-06    1.07644e-29    5.48203e-08    1.07644e-38    8.77426e-07    
4.73955e-06    44508.9        44.7159        2.62941e+16    4.50397e-07    0.00268175     5.60149e-06    1.05631e-29    5.48203e-08    1.05631e-38    8.77426e-07    
4.74055e-06    44508.8        44.7156        2.62876e+16    4.50397e-07    0.00268175     5.60149e-06    1.03656e-29    5.48203e-08    1.03656e-38    8.77426e-07    
4.74155e-06    44508.6        44.7154        2.62811e+16    4.50397e-07    0.00268175     5.60149e-06    1.01718e-29    5.48203e-08    1.01718e-38    8.77426e-07    
4.74255e-06    44508.5        44.7151        2.62745e+16    4.50397e-07    0.00268175     5.60149e-06    9.98174e-30    5.48203e-08    9.98174e-39    8.77426e-07    
4.74355e-06    44508.3        44.7149        2.62679e+16    4.50397e-07    0.00268175     5.60149e-06    9.79524e-30    5.48203e-08    9.79524e-39    8.77426e-07    
4.74455e-06    44508.2        44.7146        2.62613e+16    4.50397e-07    0.00268175     5.60149e-06    9.61226e-30    5.48203e-08    9.61226e-39    8.77426e-07    
4.74555e-06    44508.1        44.7144        2.62547e+16    4.50397e-07    0.00268175     5.60149e-06    9.43274e-30    5.48203e-08    9.43274e-39    8.77426e-07    
4.74655e-06    44507.9        44.7141        2.6248e+16     4.50397e-07    0.00268175     5.60149e-06    9.2566e-30     5.48203e-08    9.2566e-39     8.77426e-07    
4.74755e-06    44507.8        44.7139        2.62413e+16    4.50397e-07    0.00268175     5.60149e-06    9.08379e-30    5.48203e-08    9.08379e-39    8.77426e-07    
4.74855e-06    44507.6        44.7136        2.62346e+16    4.50397e-07    0.00268175     5.60149e-06    8.91424e-30    5.48203e-08    8.91424e-39    8.77426e-07    
4.74955e-06    44507.5        44.7134        2.62278e+16    4.50397e-07    0.00268175     5.60149e-06    8.74789e-30    5.48203e-08    8.74789e-39    8.77426e-07    
4.75055e-06    44507.3        44.7131        2.6221e+16     4.50397e-07    0.00268175     5.60149e-06    8.58468e-30    5.48203e-08    8.58468e-39    8.77426e-07    
4.75155e-06    44507.2        44.7128        2.62142e+16    4.50397e-07    0.00268175     5.60149e-06    8.42455e-30    5.48203e-08    8.42455e-39    8.77426e-07    
4.75255e-06    44507          44.7126        2.62074e+16    4.50015e-07    0.00268175     5.60149e-06    8.26744e-30    5.48203e-08    8.26744e-39    8.77426e-07    
4.75355e-06    44506.9        44.7123        2.62005e+16    4.50015e-07    0.00268175     5.60149e-06    8.1133e-30     5.48203e-08    8.1133e-39     8.77426e-07    
4.75455e-06    44506.8        44.712         2.61936e+16    4.50015e-07    0.00268175     5.60149e-06    7.96206e-30    5.48203e-08    7.96206e-39    8.77426e-07    
4.75555e-06    44506.6        44.7118        2.61867e+16    4.48489e-07    0.00268175     5.60149e-06    7.81367e-30    5.48203e-08    7.81367e-39    8.77426e-07    
4.75655e-06    44506.5        44.7115        2.61798e+16    4.48489e-07    0.00268175     5.60149e-06    7.66808e-30    5.48203e-08    7.66808e-39    8.77426e-07    
4.75755e-06    44506.3        44.7113        2.61728e+16    4.48489e-07    0.00268175     5.60149e-06    7.52524e-30    5.48203e-08    7.52524e-39    8.77426e-07    
4.75855e-06    44506.2        44.711         2.61658e+16    4.48489e-07    0.00268175     5.60149e-06    7.38509e-30    5.48203e-08    7.38509e-39    8.77426e-07    
4.75955e-06    44506          44.7107        2.61588e+16    4.48489e-07    0.00268175     5.60149e-06    7.24758e-30    5.48203e-08    7.24758e-39    8.77426e-07    
4.76055e-06    44505.9        44.7104        2.61517e+16    4.48489e-07    0.00268175     5.60149e-06    7.11266e-30    5.48203e-08    7.11266e-39    8.77426e-07    
4.76155e-06    44505.7        44.7102        2.61447e+16    4.48489e-07    0.00268175     5.60149e-06    6.98028e-30    5.48203e-08    6.98028e-39    8.77426e-07    
4.76255e-06    44505.5        44.7099        2.61375e+16    4.48489e-07    0.00268175     5.60149e-06    6.8504e-30     5.48203e-08    6.8504e-39     8.77426e-07    
4.76355e-06    44505.4        44.7096        2.61304e+16    4.48489e-07    0.00268175     5.60149e-06    6.72296e-30    5.48203e-08    6.72296e-39    8.77426e-07    
4.76455e-06    44505.2        44.7094        2.61233e+16    4.48489e-07    0.00268175     5.60149e-06    6.59793e-30    5.48203e-08    6.59793e-39    8.77426e-07    
4.76555e-06    44505.1        44.7091        2.61161e+16    4.48489e-07    0.00268175     5.60149e-06    6.47525e-30    5.48203e-08    6.47525e-39    8.77426e-07    
4.76655e-06    44504.9        44.7088        2.61089e+16    4.48465e-07    0.00268175     5.60149e-06    6.35487e-30    5.48203e-08    6.35487e-39    8.77426e-07    
4.76755e-06    44504.8        44.7085        2.61016e+16    4.48465e-07    0.00268175     5.60149e-06    6.23677e-30    5.48203e-08    6.23677e-39    8.77426e-07    
4.76855e-06    44504.6        44.7083        2.60944e+16    4.4837e-07     0.00268175     5.60149e-06    6.12089e-30    5.48203e-08    6.12089e-39    8.77426e-07    
4.76955e-06    44504.5        44.708         2.60871e+16    4.4837e-07     0.00268175     5.60149e-06    6.00718e-30    5.48203e-08    6.00718e-39    8.77426e-07    
4.77055e-06    44504.3        44.7077        2.60798e+16    4.4837e-07     0.00268175     5.60149e-06    5.89562e-30    5.48203e-08    5.89562e-39    8.77426e-07    
4.77155e-06    44504.1        44.7074        2.60724e+16    4.4837e-07     0.00268175     5.60149e-06    5.78616e-30    5.48203e-08    5.78616e-39    8.77426e-07    
4.77255e-06    44504          44.7071        2.60651e+16    4.4837e-07     0.00268175     5.60149e-06    5.67876e-30    5.48203e-08    5.67875e-39    8.77426e-07    
4.77355e-06    44503.8        44.7068        2.60577e+16    4.4837e-07     0.00268175     5.60149e-06    5.57337e-30    5.48203e-08    5.57337e-39    8.77426e-07    
4.77455e-06    44503.7        44.7066        2.60503e+16    4.4837e-07     0.00268175     5.60149e-06    5.46997e-30    5.48203e-08    5.46997e-39    8.77426e-07    
4.77555e-06    44503.5        44.7063        2.60428e+16    4.4837e-07     0.00268175     5.60149e-06    5.36851e-30    5.48203e-08    5.36851e-39    8.77426e-07    
4.77655e-06    44503.3        44.706         2.60353e+16    4.4837e-07     0.00268175     5.60149e-06    5.26896e-30    5.48203e-08    5.26896e-39    8.77426e-07    
4.77755e-06    44503.2        44.7057        2.60279e+16    4.4837e-07     0.00268175     5.60149e-06    5.17128e-30    5.48203e-08    5.17128e-39    8.77426e-07    
4.77855e-06    44503          44.7054        2.60203e+16    4.4837e-07     0.00268175     5.60149e-06    5.07544e-30    5.48203e-08    5.07544e-39    8.77426e-07    
4.77955e-06    44502.9        44.7051        2.60128e+16    4.4837e-07     0.00268175     5.60149e-06    4.9814e-30     5.48203e-08    4.98139e-39    8.77426e-07    
4.78055e-06    44502.7        44.7048        2.60052e+16    4.4837e-07     0.00268175     5.60149e-06    4.88912e-30    5.48203e-08    4.88912e-39    8.77426e-07    
4.78155e-06    44502.5        44.7045        2.59976e+16    4.4837e-07     0.00268175     5.60149e-06    4.79858e-30    5.48203e-08    4.79858e-39    8.77426e-07    
4.78255e-06    44502.4        44.7042        2.599e+16      4.4837e-07     0.00268175     5.60149e-06    4.70973e-30    5.48203e-08    4.70973e-39    8.77426e-07    
4.78355e-06    44502.2        44.7039        2.59823e+16    4.4837e-07     0.00268175     5.60149e-06    4.62256e-30    5.48203e-08    4.62256e-39    8.77426e-07    
4.78455e-06    44502          44.7037        2.59747e+16    4.4837e-07     0.00268175     5.60149e-06    4.53702e-30    5.48203e-08    4.53702e-39    8.77426e-07    
4.78555e-06    44501.9        44.7034        2.5967e+16     4.4837e-07     0.00268175     5.60149e-06    4.45309e-30    5.48203e-08    4.45309e-39    8.77426e-07    
4.78655e-06    44501.7        44.7031        2.59592e+16    4.4837e-07     0.00268175     5.60149e-06    4.37074e-30    5.48203e-08    4.37074e-39    8.77426e-07    
4.78755e-06    44501.5        44.7028        2.59515e+16    4.4837e-07     0.00268175     5.60149e-06    4.28993e-30    5.48203e-08    4.28993e-39    8.77426e-07    
4.78855e-06    44501.4        44.7025        2.59437e+16    4.4837e-07     0.00268175     5.60149e-06    4.21063e-30    5.48203e-08    4.21063e-39    8.77426e-07    
4.78955e-06    44501.2        44.7022        2.59359e+16    4.4837e-07     0.00268175     5.60149e-06    4.13283e-30    5.48203e-08    4.13282e-39    8.77426e-07    
4.79055e-06    44501          44.7019        2.59281e+16    4.4837e-07     0.00268175     5.60149e-06    4.05648e-30    5.48203e-08    4.05648e-39    8.77426e-07    
4.79155e-06    44500.9        44.7016        2.59202e+16    4.4837e-07     0.00268175     5.60149e-06    3.98156e-30    5.48203e-08    3.98156e-39    8.77426e-07    
4.79255e-06    44500.7        44.7013        2.59124e+16    4.4837e-07     0.00268175     5.60149e-06    3.90805e-30    5.48203e-08    3.90805e-39    8.77426e-07    
4.79355e-06    44500.5        44.7009        2.59045e+16    4.48346e-07    0.00268175     5.60149e-06    3.83592e-30    5.48203e-08    3.83592e-39    8.77426e-07    
4.79455e-06    44500.3        44.7006        2.58965e+16    4.48346e-07    0.00268175     5.60149e-06    3.76514e-30    5.48203e-08    3.76514e-39    8.77426e-07    
4.79555e-06    44500.2        44.7003        2.58886e+16    4.47965e-07    0.00268175     5.60149e-06    3.69568e-30    5.48203e-08    3.69568e-39    8.77426e-07    
4.79655e-06    44500          44.7           2.58806e+16    4.47965e-07    0.00268175     5.60149e-06    3.62753e-30    5.48203e-08    3.62753e-39    8.77426e-07    
4.79755e-06    44499.8        44.6997        2.58726e+16    4.47965e-07    0.00268175     5.60149e-06    3.56065e-30    5.48203e-08    3.56065e-39    8.77426e-07    
4.79855e-06    44499.6        44.6994        2.58646e+16    4.47965e-07    0.00268175     5.60149e-06    3.49503e-30    5.48203e-08    3.49503e-39    8.77426e-07    
4.79955e-06    44499.5        44.6991        2.58565e+16    4.47965e-07    0.00268175     5.60149e-06    3.43063e-30    5.48203e-08    3.43063e-39    8.77426e-07    
4.80055e-06    44499.3        44.6988        2.58485e+16    4.47965e-07    0.00268175     5.60149e-06    3.36744e-30    5.48203e-08    3.36744e-39    8.77426e-07    
4.80155e-06    44499.1        44.6985        2.58404e+16    4.47965e-07    0.00268175     5.60149e-06    3.30543e-30    5.48203e-08    3.30543e-39    8.77426e-07    
4.80255e-06    44498.9        44.6982        2.58322e+16    4.47965e-07    0.00268175     5.59539e-06    3.24458e-30    5.48203e-08    3.24458e-39    8.77426e-07    
4.80355e-06    44498.8        44.6978        2.58241e+16    4.47965e-07    0.00268175     5.59539e-06    3.18488e-30    5.48203e-08    3.18488e-39    8.77426e-07    
4.80455e-06    44498.6        44.6975        2.58159e+16    4.47965e-07    0.00268175     5.59539e-06    3.12628e-30    5.48203e-08    3.12628e-39    8.77426e-07    
4.80555e-06    44498.4        44.6972        2.58077e+16    4.47965e-07    0.00268175     5.59539e-06    3.06879e-30    5.48203e-08    3.06879e-39    8.77426e-07    
4.80655e-06    44498.2        44.6969        2.57995e+16    4.47965e-07    0.00268175     5.59539e-06    3.01237e-30    5.48203e-08    3.01237e-39    8.77426e-07    
4.80755e-06    44498          44.6966        2.57912e+16    4.47965e-07    0.00268175     5.59539e-06    2.957e-30      5.48203e-08    2.957e-39      8.77426e-07    
4.80855e-06    44497.9        44.6962        2.5783e+16     4.47965e-07    0.00268175     5.59539e-06    2.90267e-30    5.48203e-08    2.90267e-39    8.77426e-07    
4.80955e-06    44497.7        44.6959        2.57747e+16    4.47965e-07    0.00268175     5.59539e-06    2.84936e-30    5.48203e-08    2.84936e-39    8.77426e-07    
4.81055e-06    44497.5        44.6956        2.57663e+16    4.47965e-07    0.00268175     5.59539e-06    2.79704e-30    5.48203e-08    2.79704e-39    8.77426e-07    
4.81155e-06    44497.3        44.6953        2.5758e+16     4.47965e-07    0.00268175     5.58928e-06    2.7457e-30     5.48203e-08    2.7457e-39     8.77426e-07    
4.81255e-06    44497.1        44.695         2.57496e+16    4.47965e-07    0.00268175     5.58318e-06    2.69531e-30    5.48203e-08    2.69531e-39    8.77426e-07    
4.81355e-06    44497          44.6946        2.57412e+16    4.47965e-07    0.00268175     5.58318e-06    2.64587e-30    5.48203e-08    2.64587e-39    8.77426e-07    
4.81455e-06    44496.8        44.6943        2.57328e+16    4.47965e-07    0.00268175     5.58318e-06    2.59735e-30    5.48203e-08    2.59735e-39    8.77426e-07    
4.81555e-06    44496.6        44.694         2.57244e+16    4.47965e-07    0.00268175     5.58318e-06    2.54974e-30    5.48203e-08    2.54974e-39    8.77426e-07    
4.81655e-06    44496.4        44.6936        2.57159e+16    4.47965e-07    0.00268175     5.58318e-06    2.50301e-30    5.48203e-08    2.50301e-39    8.77426e-07    
4.81755e-06    44496.2        44.6933        2.57074e+16    4.47941e-07    0.00268175     5.58318e-06    2.45716e-30    5.48203e-08    2.45716e-39    8.77426e-07    
4.81855e-06    44496          44.693         2.56989e+16    4.47941e-07    0.00268175     5.58318e-06    2.41216e-30    5.48203e-08    2.41216e-39    8.77426e-07    
4.81955e-06    44495.8        44.6926        2.56904e+16    4.47941e-07    0.00268175     5.58318e-06    2.368e-30      5.48203e-08    2.368e-39      8.77426e-07    
4.82055e-06    44495.7        44.6923        2.56818e+16    4.47941e-07    0.00268175     5.58318e-06    2.32467e-30    5.48203e-08    2.32467e-39    8.77426e-07    
4.82155e-06    44495.5        44.692         2.56732e+16    4.47941e-07    0.00268175     5.58318e-06    2.28105e-30    5.48203e-08    2.28105e-39    8.77426e-07    
4.82255e-06    44495.3        44.6916        2.56646e+16    4.47941e-07    0.00268175     5.58318e-06    2.23933e-30    5.48203e-08    2.23933e-39    8.77426e-07    
4.82355e-06    44495.1        44.6913        2.5656e+16     4.47941e-07    0.00268175     5.58318e-06    2.1984e-30     5.48203e-08    2.1984e-39     8.77426e-07    
4.82455e-06    44494.9        44.691         2.56473e+16    4.47941e-07    0.00268175     5.58318e-06    2.15822e-30    5.48203e-08    2.15822e-39    8.77426e-07    
4.82555e-06    44494.7        44.6906        2.56387e+16    4.47941e-07    0.00268175     5.58318e-06    2.1188e-30     5.48203e-08    2.1188e-39     8.77426e-07    
4.82655e-06    44494.5        44.6903        2.563e+16      4.47941e-07    0.00268175     5.58318e-06    2.0801e-30     5.48203e-08    2.0801e-39     8.77426e-07    
4.82755e-06    44494.3        44.69          2.56212e+16    4.47941e-07    0.00268175     5.58318e-06    2.04213e-30    5.48203e-08    2.04213e-39    8.77426e-07    
4.82855e-06    44494.1        44.6896        2.56125e+16    4.47941e-07    0.00268175     5.58318e-06    2.00487e-30    5.48203e-08    2.00487e-39    8.77426e-07    
4.82955e-06    44493.9        44.6893        2.56037e+16    4.47941e-07    0.00268175     5.58318e-06    1.9683e-30     5.48203e-08    1.9683e-39     8.77426e-07    
4.83055e-06    44493.8        44.6889        2.55949e+16    4.47941e-07    0.00268175     5.58318e-06    1.9324e-30     5.48203e-08    1.9324e-39     8.77426e-07    
4.83155e-06    44493.6        44.6886        2.55861e+16    4.47941e-07    0.00268175     5.58318e-06    1.89718e-30    5.48203e-08    1.89718e-39    8.77426e-07    
4.83255e-06    44493.4        44.6882        2.55773e+16    4.47941e-07    0.00268175     5.58318e-06    1.86261e-30    5.48203e-08    1.86261e-39    8.77426e-07    
4.83355e-06    44493.2        44.6879        2.55684e+16    4.47941e-07    0.00268175     5.58318e-06    1.82869e-30    5.48203e-08    1.82869e-39    8.77426e-07    
4.83455e-06    44493          44.6875        2.55595e+16    4.47941e-07    0.00268175     5.58318e-06    1.79539e-30    5.48203e-08    1.79539e-39    8.77426e-07    
4.83555e-06    44492.8        44.6872        2.55506e+16    4.47941e-07    0.00268175     5.58318e-06    1.76271e-30    5.48203e-08    1.76271e-39    8.77426e-07    
4.83655e-06    44492.6        44.6868        2.55417e+16    4.47941e-07    0.00268175     5.58318e-06    1.73064e-30    5.48203e-08    1.73064e-39    8.77426e-07    
4.83755e-06    44492.4        44.6865        2.55327e+16    4.47941e-07    0.00268175     5.58318e-06    1.69917e-30    5.48203e-08    1.69917e-39    8.77426e-07    
4.83855e-06    44492.2        44.6861        2.55237e+16    4.47941e-07    0.00268175     5.58318e-06    1.66828e-30    5.48203e-08    1.66828e-39    8.77426e-07    
4.83955e-06    44492          44.6858        2.55147e+16    4.47941e-07    0.00268175     5.58318e-06    1.63796e-30    5.48203e-08    1.63796e-39    8.77426e-07    
4.84055e-06    44491.8        44.6854        2.55057e+16    4.47941e-07    0.00268175     5.58318e-06    1.60821e-30    5.48203e-08    1.60821e-39    8.77426e-07    
4.84155e-06    44491.6        44.6851        2.54967e+16    4.47941e-07    0.00268175     5.58318e-06    1.57901e-30    5.48203e-08    1.57901e-39    8.77426e-07    
4.84255e-06    44491.4        44.6847        2.54876e+16    4.47941e-07    0.00268175     5.58318e-06    1.55035e-30    5.48203e-08    1.55035e-39    8.77426e-07    
4.84355e-06    44491.2        44.6844        2.54785e+16    4.47941e-07    0.00268175     5.58318e-06    1.52222e-30    5.48203e-08    1.52222e-39    8.77426e-07    
4.84455e-06    44491          44.684         2.54694e+16    4.47941e-07    0.00268175     5.58318e-06    1.49461e-30    5.48203e-08    1.49461e-39    8.77426e-07    
4.84555e-06    44490.8        44.6837        2.54603e+16    4.47941e-07    0.00268175     5.58318e-06    1.46751e-30    5.48203e-08    1.46751e-39    8.77426e-07    
4.84655e-06    44490.6        44.6833        2.54511e+16    4.47941e-07    0.00268175     5.58318e-06    1.44092e-30    5.48203e-08    1.44092e-39    8.77426e-07    
4.84755e-06    44490.4        44.6829        2.54419e+16    4.47941e-07    0.00268175     5.58318e-06    1.41482e-30    5.48203e-08    1.41482e-39    8.77426e-07    
4.84855e-06    44490.2        44.6826        2.54327e+16    4.47941e-07    0.00268175     5.58318e-06    1.3892e-30     5.48203e-08    1.3892e-39     8.77426e-07    
4.84955e-06    44490          44.6822        2.54235e+16    4.47941e-07    0.00268175     5.58318e-06    1.36406e-30    5.48203e-08    1.36406e-39    8.77426e-07    
4.85055e-06    44489.8        44.6818        2.54142e+16    4.47917e-07    0.00268175     5.58318e-06    1.33938e-30    5.48203e-08    1.33938e-39    8.77426e-07    
4.85155e-06    44489.6        44.6815        2.5405e+16     4.47822e-07    0.00268175     5.58318e-06    1.31516e-30    5.48203e-08    1.31516e-39    8.77426e-07    
4.85255e-06    44489.4        44.6811        2.53957e+16    4.47822e-07    0.00268175     5.58318e-06    1.29138e-30    5.48203e-08    1.29138e-39    8.77426e-07    
4.85355e-06    44489.2        44.6807        2.53863e+16    4.47822e-07    0.00268175     5.58318e-06    1.26805e-30    5.48203e-08    1.26805e-39    8.77426e-07    
4.85455e-06    44488.9        44.6804        2.5377e+16     4.47726e-07    0.00268175     5.58318e-06    1.24515e-30    5.48203e-08    1.24515e-39    8.77426e-07    
4.85555e-06    44488.7        44.68          2.53676e+16    4.47726e-07    0.00268175     5.58318e-06    1.22267e-30    5.48203e-08    1.22267e-39    8.77426e-07    
4.85655e-06    44488.5        44.6796        2.53583e+16    4.47726e-07    0.00268175     5.58318e-06    1.2006e-30     5.48203e-08    1.2006e-39     8.77426e-07    
4.85755e-06    44488.3        44.6793        2.53489e+16    4.47726e-07    0.00268175     5.58318e-06    1.17895e-30    5.48203e-08    1.17895e-39    8.77426e-07    
4.85855e-06    44488.1        44.6789        2.53394e+16    4.47726e-07    0.00268175     5.58318e-06    1.15769e-30    5.48203e-08    1.15769e-39    8.77426e-07    
4.85955e-06    44487.9        44.6785        2.533e+16      4.47726e-07    0.00268175     5.58318e-06    1.13683e-30    5.48203e-08    1.13683e-39    8.77426e-07    
4.86055e-06    44487.7        44.6781        2.53205e+16    4.47345e-07    0.00268175     5.58318e-06    1.11635e-30    5.48203e-08    1.11635e-39    8.77426e-07    
4.86155e-06    44487.5        44.6778        2.5311e+16     4.47345e-07    0.00268175     5.58318e-06    1.09625e-30    5.48203e-08    1.09625e-39    8.77426e-07    
4.86255e-06    44487.3        44.6774        2.53015e+16    4.47345e-07    0.00268175     5.58318e-06    1.07652e-30    5.48203e-08    1.07652e-39    8.77426e-07    
4.86355e-06    44487.1        44.677         2.5292e+16     4.47345e-07    0.00268175     5.58318e-06    1.05715e-30    5.48203e-08    1.05715e-39    8.77426e-07    
4.86455e-06    44486.8        44.6766        2.52824e+16    4.47345e-07    0.00268175     5.58318e-06    1.03814e-30    5.48203e-08    1.03814e-39    8.77426e-07    
4.86555e-06    44486.6        44.6763        2.52728e+16    4.47345e-07    0.00268175     5.58318e-06    1.01948e-30    5.48203e-08    1.01948e-39    8.77426e-07    
4.86655e-06    44486.4        44.6759        2.52632e+16    4.47345e-07    0.00268175     5.58318e-06    1.00117e-30    5.48203e-08    1.00117e-39    8.77426e-07    
4.86755e-06    44486.2        44.6755        2.52536e+16    4.47345e-07    0.00268175     5.58318e-06    9.83189e-31    5.48203e-08    9.83189e-40    8.77426e-07    
4.86855e-06    44486          44.6751        2.5244e+16     4.47345e-07    0.00268175     5.58318e-06    9.65542e-31    5.48203e-08    9.65542e-40    8.77426e-07    
4.86955e-06    44485.8        44.6747        2.52343e+16    4.47345e-07    0.00268175     5.58318e-06    9.4822e-31     5.48203e-08    9.4822e-40     8.77426e-07    
4.87055e-06    44485.6        44.6744        2.52246e+16    4.47345e-07    0.00268175     5.58318e-06    9.31217e-31    5.48203e-08    9.31217e-40    8.77426e-07    
4.87155e-06    44485.3        44.674         2.52149e+16    4.47345e-07    0.00268175     5.58318e-06    9.14526e-31    5.48203e-08    9.14526e-40    8.77426e-07    
4.87255e-06    44485.1        44.6736        2.52052e+16    4.47345e-07    0.00268175     5.58318e-06    8.98143e-31    5.48203e-08    8.98143e-40    8.77426e-07    
4.87355e-06    44484.9        44.6732        2.51954e+16    4.47345e-07    0.00268175     5.58318e-06    8.8206e-31     5.48203e-08    8.8206e-40     8.77426e-07    
4.87455e-06    44484.7        44.6728        2.51857e+16    4.47345e-07    0.00268175     5.58318e-06    8.66274e-31    5.48203e-08    8.66273e-40    8.77426e-07    
4.87555e-06    44484.5        44.6724        2.51759e+16    4.47345e-07    0.00268175     5.58318e-06    8.50777e-31    5.48203e-08    8.50777e-40    8.77426e-07    
4.87655e-06    44484.3        44.672         2.51661e+16    4.47345e-07    0.00268175     5.58318e-06    8.35565e-31    5.48203e-08    8.35565e-40    8.77426e-07    
4.87755e-06    44484          44.6716        2.51562e+16    4.47345e-07    0.00268175     5.58318e-06    8.20632e-31    5.48203e-08    8.20632e-40    8.77426e-07    
4.87855e-06    44483.8        44.6712        2.51464e+16    4.47345e-07    0.00268175     5.58318e-06    8.05973e-31    5.48203e-08    8.05973e-40    8.77426e-07    
4.87955e-06    44483.6        44.6709        2.51365e+16    4.46963e-07    0.00268175     5.58318e-06    7.91583e-31    5.48203e-08    7.91583e-40    8.77426e-07    
4.88055e-06    44483.4        44.6705        2.51266e+16    4.46963e-07    0.00268175     5.58318e-06    7.77458e-31    5.48203e-08    7.77458e-40    8.77426e-07    
4.88155e-06    44483.2        44.6701        2.51167e+16    4.46963e-07    0.00268175     5.58318e-06    7.63591e-31    5.48203e-08    7.63591e-40    8.77426e-07    
4.88255e-06    44482.9        44.6697        2.51068e+16    4.46963e-07    0.00268175     5.58318e-06    7.49978e-31    5.48203e-08    7.49978e-40    8.77426e-07    
4.88355e-06    44482.7        44.6693        2.50968e+16    4.46963e-07    0.00268175     5.58318e-06    7.36615e-31    5.48203e-08    7.36615e-40    8.77426e-07    
4.88455e-06    44482.5        44.6689        2.50868e+16    4.46963e-07    0.00268175     5.58318e-06    7.23497e-31    5.48203e-08    7.23497e-40    8.77426e-07    
4.88555e-06    44482.3        44.6685        2.50768e+16    4.46963e-07    0.00268175     5.58318e-06    7.10619e-31    5.48203e-08    7.10619e-40    8.77426e-07    
4.88655e-06    44482          44.6681        2.50668e+16    4.46963e-07    0.00268175     5.58318e-06    6.97976e-31    5.48203e-08    6.97976e-40    8.77426e-07    
4.88755e-06    44481.8        44.6677        2.50568e+16    4.46963e-07    0.00268175     5.58318e-06    6.85565e-31    5.48203e-08    6.85565e-40    8.77426e-07    
4.88855e-06    44481.6        44.6673        2.50467e+16    4.46963e-07    0.00268175     5.58318e-06    6.73381e-31    5.48203e-08    6.73381e-40    8.77426e-07    
4.88955e-06    44481.4        44.6669        2.50366e+16    4.46963e-07    0.00268175     5.58318e-06    6.6142e-31     5.48203e-08    6.6142e-40     8.77426e-07    
4.89055e-06    44481.1        44.6665        2.50265e+16    4.46963e-07    0.00268175     5.58318e-06    6.49677e-31    5.48203e-08    6.49677e-40    8.77426e-07    
4.89155e-06    44480.9        44.6661        2.50164e+16    4.46963e-07    0.00268175     5.58318e-06    6.38149e-31    5.48203e-08    6.38149e-40    8.77426e-07    
4.89255e-06    44480.7        44.6657        2.50063e+16    4.46963e-07    0.00268175     5.58318e-06    6.26832e-31    5.48203e-08    6.26832e-40    8.77426e-07    
4.89355e-06    44480.4        44.6653        2.49961e+16    4.46963e-07    0.00268175     5.58318e-06    6.15721e-31    5.48203e-08    6.15721e-40    8.77426e-07    
4.89455e-06    44480.2        44.6648        2.49859e+16    4.46963e-07    0.00268175     5.58318e-06    6.04813e-31    5.48203e-08    6.04813e-40    8.77426e-07    
4.89555e-06    44480          44.6644        2.49757e+16    4.46963e-07    0.00268175     5.58318e-06    5.94104e-31    5.48203e-08    5.94104e-40    8.77426e-07    
4.89655e-06    44479.8        44.664         2.49655e+16    4.46963e-07    0.00268175     5.58318e-06    5.83591e-31    5.48203e-08    5.83591e-40    8.77426e-07    
4.89755e-06    44479.5        44.6636        2.49552e+16    4.46963e-07    0.00268175     5.58318e-06    5.73269e-31    5.48203e-08    5.73269e-40    8.77426e-07    
4.89855e-06    44479.3        44.6632        2.4945e+16     4.46963e-07    0.00268175     5.58318e-06    5.63135e-31    5.48203e-08    5.63135e-40    8.77426e-07    
4.89955e-06    44479.1        44.6628        2.49347e+16    4.46963e-07    0.00268175     5.58318e-06    5.53186e-31    5.48203e-08    5.53186e-40    8.77426e-07    
4.90055e-06    44478.8        44.6624        2.49244e+16    4.46963e-07    0.00268175     5.58318e-06    5.43418e-31    5.48203e-08    5.43418e-40    8.77426e-07    
4.90155e-06    44478.6        44.662         2.49141e+16    4.46963e-07    0.00268175     5.58318e-06    5.33828e-31    5.48203e-08    5.33828e-40    8.77426e-07    
4.90255e-06    44478.4        44.6615        2.49037e+16    4.46963e-07    0.00268175     5.58318e-06    5.24413e-31    5.48203e-08    5.24413e-40    8.77426e-07    
4.90355e-06    44478.1        44.6611        2.48934e+16    4.46963e-07    0.00268175     5.58318e-06    5.15169e-31    5.48203e-08    5.15169e-40    8.77426e-07    
4.90455e-06    44477.9        44.6607        2.4883e+16     4.46963e-07    0.00268175     5.58318e-06    5.06093e-31    5.48203e-08    5.06093e-40    8.77426e-07    
4.90555e-06    44477.7        44.6603        2.48726e+16    4.46963e-07    0.00268175     5.58318e-06    4.97182e-31    5.48203e-08    4.97181e-40    8.77426e-07    
4.90655e-06    44477.4        44.6599        2.48622e+16    4.46963e-07    0.00268175     5.58318e-06    4.88432e-31    5.48203e-08    4.88432e-40    8.77426e-07    
4.90755e-06    44477.2        44.6595        2.48517e+16    4.46963e-07    0.00268175     5.58318e-06    4.79842e-31    5.48203e-08    4.79842e-40    8.77426e-07    
4.90855e-06    44477          44.659         2.48413e+16    4.46963e-07    0.00268175     5.58318e-06    4.70969e-31    5.48203e-08    4.70969e-40    8.77426e-07    
4.90955e-06    44476.7        44.6586        2.48308e+16    4.46963e-07    0.00268175     5.58318e-06    4.62696e-31    5.48203e-08    4.62696e-40    8.77426e-07    
4.91055e-06    44476.5        44.6582        2.48203e+16    4.46963e-07    0.00268175     5.58318e-06    4.54573e-31    5.48203e-08    4.54573e-40    8.77426e-07    
4.91155e-06    44476.2        44.6578        2.48098e+16    4.46963e-07    0.00268175     5.58318e-06    4.46598e-31    5.48203e-08    4.46598e-40    8.77426e-07    
4.91255e-06    44476          44.6573        2.47992e+16    4.46963e-07    0.00268175     5.58318e-06    4.38767e-31    5.48203e-08    4.38767e-40    8.77426e-07    
4.91355e-06    44475.8        44.6569        2.47887e+16    4.46963e-07    0.00268175     5.58318e-06    4.31078e-31    5.48203e-08    4.31078e-40    8.77426e-07    
4.91455e-06    44475.5        44.6565        2.47781e+16    4.46963e-07    0.00268175     5.58318e-06    4.23529e-31    5.48203e-08    4.23529e-40    8.77426e-07    
4.91555e-06    44475.3        44.6561        2.47675e+16    4.46963e-07    0.00268175     5.58318e-06    4.16116e-31    5.48203e-08    4.16116e-40    8.77426e-07    
4.91655e-06    44475          44.6556        2.47569e+16    4.4694e-07     0.00268175     5.58318e-06    4.08837e-31    5.48203e-08    4.08837e-40    8.77426e-07    
4.91755e-06    44474.8        44.6552        2.47463e+16    4.4694e-07     0.00268175     5.58318e-06    4.0169e-31     5.48203e-08    4.0169e-40     8.77426e-07    
4.91855e-06    44474.6        44.6548        2.47356e+16    4.4694e-07     0.00268175     5.58318e-06    3.94672e-31    5.48203e-08    3.94672e-40    8.77426e-07    
4.91955e-06    44474.3        44.6543        2.47249e+16    4.4694e-07     0.00268175     5.58318e-06    3.87781e-31    5.48203e-08    3.87781e-40    8.77426e-07    
4.92055e-06    44474.1        44.6539        2.47143e+16    4.4694e-07     0.00268175     5.58318e-06    3.81014e-31    5.48203e-08    3.81014e-40    8.77426e-07    
4.92155e-06    44473.8        44.6535        2.47035e+16    4.4694e-07     0.00268175     5.58318e-06    3.7437e-31     5.48203e-08    3.7437e-40     8.77426e-07    
4.92255e-06    44473.6        44.653         2.46928e+16    4.4694e-07     0.00268175     5.58318e-06    3.67846e-31    5.48203e-08    3.67846e-40    8.77426e-07    
4.92355e-06    44473.3        44.6526        2.46821e+16    4.4694e-07     0.00268175     5.58318e-06    3.61439e-31    5.48203e-08    3.61439e-40    8.77426e-07    
4.92455e-06    44473.1        44.6522        2.46713e+16    4.4694e-07     0.00268175     5.58318e-06    3.55148e-31    5.48203e-08    3.55148e-40    8.77426e-07    
4.92555e-06    44472.8        44.6517        2.46605e+16    4.4694e-07     0.00268175     5.58318e-06    3.4897e-31     5.48203e-08    3.4897e-40     8.77426e-07    
4.92655e-06    44472.6        44.6513        2.46497e+16    4.4694e-07     0.00268175     5.58318e-06    3.42904e-31    5.48203e-08    3.42904e-40    8.77426e-07    
4.92755e-06    44472.4        44.6509        2.46389e+16    4.4694e-07     0.00268175     5.58318e-06    3.36947e-31    5.48203e-08    3.36947e-40    8.77426e-07    
4.92855e-06    44472.1        44.6504        2.46281e+16    4.4694e-07     0.00268175     5.58318e-06    3.31097e-31    5.48203e-08    3.31097e-40    8.77426e-07    
4.92955e-06    44471.9        44.65          2.46172e+16    4.4694e-07     0.00268175     5.58318e-06    3.25352e-31    5.48203e-08    3.25352e-40    8.77426e-07    
4.93055e-06    44471.6        44.6495        2.46063e+16    4.4694e-07     0.00268175     5.58318e-06    3.19654e-31    5.48203e-08    3.19654e-40    8.77426e-07    
4.93155e-06    44471.4        44.6491        2.45954e+16    4.4694e-07     0.00268175     5.58318e-06    3.14116e-31    5.48203e-08    3.14116e-40    8.77426e-07    
4.93255e-06    44471.1        44.6486        2.45845e+16    4.4694e-07     0.00268175     5.58318e-06    3.08676e-31    5.48203e-08    3.08676e-40    8.77426e-07    
4.93355e-06    44470.9        44.6482        2.45736e+16    4.4694e-07     0.00268175     5.58318e-06    3.03335e-31    5.48203e-08    3.03335e-40    8.77426e-07    
4.93455e-06    44470.6        44.6478        2.45627e+16    4.4694e-07     0.00268175     5.58318e-06    2.98089e-31    5.48203e-08    2.98089e-40    8.77426e-07    
4.93555e-06    44470.4        44.6473        2.45517e+16    4.4694e-07     0.00268175     5.58318e-06    2.92938e-31    5.48203e-08    2.92938e-40    8.77426e-07    
4.93655e-06    44470.1        44.6469        2.45407e+16    4.4694e-07     0.00268175     5.58318e-06    2.87879e-31    5.48203e-08    2.87879e-40    8.77426e-07    
4.93755e-06    44469.9        44.6464        2.45297e+16    4.4694e-07     0.00268175     5.58318e-06    2.8291e-31     5.48203e-08    2.8291e-40     8.77426e-07    
4.93855e-06    44469.6        44.646         2.45187e+16    4.4694e-07     0.00268175     5.58318e-06    2.78031e-31    5.48203e-08    2.78031e-40    8.77426e-07    
4.93955e-06    44469.4        44.6455        2.45076e+16    4.4694e-07     0.00268175     5.58318e-06    2.73239e-31    5.48203e-08    2.73239e-40    8.77426e-07    
4.94055e-06    44469.1        44.6451        2.44966e+16    4.4694e-07     0.00268175     5.58318e-06    2.68533e-31    5.48203e-08    2.68533e-40    8.77426e-07    
4.94155e-06    44468.8        44.6446        2.44855e+16    4.4694e-07     0.00268175     5.58318e-06    2.63911e-31    5.48203e-08    2.63911e-40    8.77426e-07    
4.94255e-06    44468.6        44.6442        2.44744e+16    4.4694e-07     0.00268175     5.57708e-06    2.59372e-31    5.48203e-08    2.59372e-40    8.77426e-07    
4.94355e-06    44468.3        44.6437        2.44633e+16    4.4694e-07     0.00268175     5.57708e-06    2.54913e-31    5.48203e-08    2.54913e-40    8.77426e-07    
4.94455e-06    44468.1        44.6433        2.44522e+16    4.4694e-07     0.00268175     5.57708e-06    2.50535e-31    5.48203e-08    2.50535e-40    8.77426e-07    
4.94555e-06    44467.8        44.6428        2.4441e+16     4.4694e-07     0.00268175     5.57708e-06    2.46235e-31    5.48203e-08    2.46235e-40    8.77426e-07    
4.94655e-06    44467.6        44.6423        2.44299e+16    4.4694e-07     0.00268175     5.57708e-06    2.42011e-31    5.48203e-08    2.42011e-40    8.77426e-07    
4.94755e-06    44467.3        44.6419        2.44187e+16    4.4694e-07     0.00268175     5.57708e-06    2.37863e-31    5.48203e-08    2.37863e-40    8.77426e-07    
4.94855e-06    44467.1        44.6414        2.44075e+16    4.4694e-07     0.00268175     5.57708e-06    2.33789e-31    5.48203e-08    2.33789e-40    8.77426e-07    
4.94955e-06    44466.8        44.641         2.43963e+16    4.4694e-07     0.00268175     5.57708e-06    2.29787e-31    5.48203e-08    2.29787e-40    8.77426e-07    
4.95055e-06    44466.5        44.6405        2.43851e+16    4.4694e-07     0.00268175     5.57708e-06    2.25857e-31    5.48203e-08    2.25857e-40    8.77426e-07    
4.95155e-06    44466.3        44.64          2.43738e+16    4.4694e-07     0.00268175     5.57708e-06    2.21997e-31    5.48203e-08    2.21997e-40    8.77426e-07    
4.95255e-06    44466          44.6396        2.43625e+16    4.4694e-07     0.00268175     5.57708e-06    2.18205e-31    5.48203e-08    2.18205e-40    8.77426e-07    
4.95355e-06    44465.8        44.6391        2.43512e+16    4.4694e-07     0.00268175     5.57708e-06    2.14481e-31    5.48203e-08    2.14481e-40    8.77426e-07    
4.95455e-06    44465.5        44.6387        2.43399e+16    4.4694e-07     0.00268175     5.57708e-06    2.10823e-31    5.48203e-08    2.10823e-40    8.77426e-07    
4.95555e-06    44465.2        44.6382        2.43286e+16    4.4694e-07     0.00268175     5.57708e-06    2.0723e-31     5.48203e-08    2.0723e-40     8.77426e-07    
4.95655e-06    44465          44.6377        2.43173e+16    4.4694e-07     0.00268175     5.57708e-06    2.03701e-31    5.48203e-08    2.03701e-40    8.77426e-07    
4.95755e-06    44464.7        44.6373        2.43059e+16    4.4694e-07     0.00268175     5.57708e-06    2.00235e-31    5.48203e-08    2.00234e-40    8.77426e-07    
4.95855e-06    44464.4        44.6368        2.42946e+16    4.46844e-07    0.00268175     5.57708e-06    1.9683e-31     5.48203e-08    1.96829e-40    8.77426e-07    
4.95955e-06    44464.2        44.6363        2.42832e+16    4.46844e-07    0.00268175     5.57708e-06    1.93484e-31    5.48203e-08    1.93484e-40    8.77426e-07    
4.96055e-06    44463.9        44.6358        2.42718e+16    4.46844e-07    0.00268175     5.57708e-06    1.90199e-31    5.48203e-08    1.90199e-40    8.77426e-07    
4.96155e-06    44463.7        44.6354        2.42604e+16    4.46844e-07    0.00268175     5.57708e-06    1.86972e-31    5.48203e-08    1.86972e-40    8.77426e-07    
4.96255e-06    44463.4        44.6349        2.42489e+16    4.46844e-07    0.00268175     5.57708e-06    1.83802e-31    5.48203e-08    1.83802e-40    8.77426e-07    
4.96355e-06    44463.1        44.6344        2.42375e+16    4.46844e-07    0.00268175     5.57708e-06    1.80688e-31    5.48203e-08    1.80688e-40    8.77426e-07    
4.96455e-06    44462.9        44.634         2.4226e+16     4.46844e-07    0.00268175     5.57708e-06    1.77629e-31    5.48203e-08    1.77629e-40    8.77426e-07    
4.96555e-06    44462.6        44.6335        2.42145e+16    4.46844e-07    0.00268175     5.57708e-06    1.74624e-31    5.48203e-08    1.74624e-40    8.77426e-07    
4.96655e-06    44462.3        44.633         2.4203e+16     4.46844e-07    0.00268175     5.57708e-06    1.71672e-31    5.48203e-08    1.71672e-40    8.77426e-07    
4.96755e-06    44462.1        44.6325        2.41915e+16    4.4682e-07     0.00268175     5.57708e-06    1.68773e-31    5.48203e-08    1.68773e-40    8.77426e-07    
4.96855e-06    44461.8        44.6321        2.41799e+16    4.4682e-07     0.00268175     5.57708e-06    1.65924e-31    5.48203e-08    1.65924e-40    8.77426e-07    
4.96955e-06    44461.5        44.6316        2.41684e+16    4.4682e-07     0.00268175     5.57708e-06    1.63126e-31    5.48203e-08    1.63126e-40    8.77426e-07    
4.97055e-06    44461.2        44.6311        2.41568e+16    4.4682e-07     0.00268175     5.57708e-06    1.60377e-31    5.48203e-08    1.60377e-40    8.77426e-07    
4.97155e-06    44461          44.6306        2.41452e+16    4.4682e-07     0.00268175     5.57708e-06    1.57677e-31    5.48203e-08    1.57677e-40    8.77426e-07    
4.97255e-06    44460.7        44.6301        2.41336e+16    4.4682e-07     0.00268175     5.57708e-06    1.55024e-31    5.48203e-08    1.55024e-40    8.77426e-07    
4.97355e-06    44460.4        44.6297        2.4122e+16     4.46439e-07    0.00268175     5.57708e-06    1.52417e-31    5.48203e-08    1.52417e-40    8.77426e-07    
4.97455e-06    44460.2        44.6292        2.41104e+16    4.46415e-07    0.00268175     5.57708e-06    1.49857e-31    5.48203e-08    1.49857e-40    8.77426e-07    
4.97555e-06    44459.9        44.6287        2.40987e+16    4.46415e-07    0.00268175     5.57708e-06    1.47341e-31    5.48203e-08    1.47341e-40    8.77426e-07    
4.97655e-06    44459.6        44.6282        2.40871e+16    4.46415e-07    0.00268175     5.57708e-06    1.4487e-31     5.48203e-08    1.4487e-40     8.77426e-07    
4.97755e-06    44459.4        44.6277        2.40754e+16    4.46415e-07    0.00268175     5.57708e-06    1.42442e-31    5.48203e-08    1.42442e-40    8.77426e-07    
4.97855e-06    44459.1        44.6272        2.40637e+16    4.46415e-07    0.00268175     5.57708e-06    1.40057e-31    5.48203e-08    1.40057e-40    8.77426e-07    
4.97955e-06    44458.8        44.6267        2.4052e+16     4.46415e-07    0.00268175     5.57708e-06    1.37713e-31    5.48203e-08    1.37713e-40    8.77426e-07    
4.98055e-06    44458.5        44.6263        2.40402e+16    4.4632e-07     0.00268175     5.57708e-06    1.35411e-31    5.48203e-08    1.35411e-40    8.77426e-07    
4.98155e-06    44458.3        44.6258        2.40285e+16    4.4632e-07     0.00268175     5.57708e-06    1.33149e-31    5.48203e-08    1.33149e-40    8.77426e-07    
4.98255e-06    44458          44.6253        2.40167e+16    4.4632e-07     0.00268175     5.57708e-06    1.30926e-31    5.48203e-08    1.30926e-40    8.77426e-07    
4.98355e-06    44457.7        44.6248        2.40049e+16    4.4632e-07     0.00268175     5.57708e-06    1.28742e-31    5.48203e-08    1.28742e-40    8.77426e-07    
4.98455e-06    44457.4        44.6243        2.39931e+16    4.4632e-07     0.00268175     5.57708e-06    1.26597e-31    5.48203e-08    1.26597e-40    8.77426e-07    
4.98555e-06    44457.2        44.6238        2.39813e+16    4.4632e-07     0.00268175     5.57708e-06    1.24489e-31    5.48203e-08    1.24489e-40    8.77426e-07    
4.98655e-06    44456.9        44.6233        2.39695e+16    4.4632e-07     0.00268175     5.57708e-06    1.22418e-31    5.48203e-08    1.22418e-40    8.77426e-07    
4.98755e-06    44456.6        44.6228        2.39577e+16    4.4632e-07     0.00268175     5.57708e-06    1.20383e-31    5.48203e-08    1.20383e-40    8.77426e-07    
4.98855e-06    44456.3        44.6223        2.39458e+16    4.4632e-07     0.00268175     5.57708e-06    1.18383e-31    5.48203e-08    1.18383e-40    8.77426e-07    
4.98955e-06    44456          44.6218        2.39339e+16    4.4632e-07     0.00268175     5.57708e-06    1.16418e-31    5.48203e-08    1.16418e-40    8.77426e-07    
4.99055e-06    44455.8        44.6213        2.3922e+16     4.4632e-07     0.00268175     5.57708e-06    1.14488e-31    5.48203e-08    1.14488e-40    8.77426e-07    
4.99155e-06    44455.5        44.6208        2.39101e+16    4.4632e-07     0.00268175     5.57708e-06    1.12591e-31    5.48203e-08    1.12591e-40    8.77426e-07    
4.99255e-06    44455.2        44.6203        2.38982e+16    4.4632e-07     0.00268175     5.57708e-06    1.10727e-31    5.48203e-08    1.10727e-40    8.77426e-07    
4.99355e-06    44454.9        44.6198        2.38863e+16    4.4632e-07     0.00268175     5.57708e-06    1.08895e-31    5.48203e-08    1.08895e-40    8.77426e-07    
4.99455e-06    44454.6        44.6193        2.38743e+16    4.4632e-07     0.00268175     5.57708e-06    1.07095e-31    5.48203e-08    1.07095e-40    8.77426e-07    
4.99555e-06    44454.4        44.6188        2.38624e+16    4.4632e-07     0.00268175     5.57708e-06    1.05326e-31    5.48203e-08    1.05326e-40    8.77426e-07    
4.99655e-06    44454.1        44.6183        2.38504e+16    4.4632e-07     0.00268175     5.57708e-06    1.03589e-31    5.48203e-08    1.03589e-40    8.77426e-07    
4.99755e-06    44453.8        44.6178        2.38384e+16    4.4632e-07     0.00268175     5.57708e-06    1.01881e-31    5.48203e-08    1.01881e-40    8.77426e-07    
4.99855e-06    44453.5        44.6173        2.38264e+16    4.4632e-07     0.00268175     5.57708e-06    1.00203e-31    5.48203e-08    1.00203e-40    8.77426e-07    
4.99955e-06    44453.2        44.6168        2.38143e+16    4.4632e-07     0.00268175     5.57708e-06    9.85537e-32    5.48203e-08    9.85537e-41    8.77426e-07    
5.00055e-06    44452.9        44.6163        2.38023e+16    4.4632e-07     0.00268175     5.57708e-06    9.69332e-32    5.48203e-08    9.69332e-41    8.77426e-07    
5.00155e-06    44452.7        44.6158        2.37902e+16    4.4632e-07     0.00268175     5.57708e-06    9.53407e-32    5.48203e-08    9.53407e-41    8.77426e-07    
5.00255e-06    44452.4        44.6153        2.37782e+16    4.4632e-07     0.00268175     5.57708e-06    9.37757e-32    5.48203e-08    9.37757e-41    8.77426e-07    
5.00355e-06    44452.1        44.6148        2.37661e+16    4.4632e-07     0.00268175     5.57708e-06    9.22377e-32    5.48203e-08    9.22377e-41    8.77426e-07    
5.00455e-06    44451.8        44.6143        2.3754e+16     4.4632e-07     0.00268175     5.57708e-06    9.07263e-32    5.48203e-08    9.07263e-41    8.77426e-07    
5.00555e-06    44451.5        44.6138        2.37419e+16    4.4632e-07     0.00268175     5.57708e-06    8.9241e-32     5.48203e-08    8.9241e-41     8.77426e-07    
5.00655e-06    44451.2        44.6133        2.37297e+16    4.4632e-07     0.00268175     5.57708e-06    8.77812e-32    5.48203e-08    8.77812e-41    8.77426e-07    
5.00755e-06    44450.9        44.6127        2.37176e+16    4.4632e-07     0.00268175     5.57708e-06    8.63466e-32    5.48203e-08    8.63466e-41    8.77426e-07    
5.00855e-06    44450.6        44.6122        2.37054e+16    4.4632e-07     0.00268175     5.57708e-06    8.49367e-32    5.48203e-08    8.49367e-41    8.77426e-07    
5.00955e-06    44450.4        44.6117        2.36933e+16    4.4632e-07     0.00268175     5.57708e-06    8.3551e-32     5.48203e-08    8.3551e-41     8.77426e-07    
5.01055e-06    44450.1        44.6112        2.36811e+16    4.4632e-07     0.00268175     5.57708e-06    8.21891e-32    5.48203e-08    8.21891e-41    8.77426e-07    
5.01155e-06    44449.8        44.6107        2.36689e+16    4.45843e-07    0.00268175     5.57708e-06    8.08506e-32    5.48203e-08    8.08506e-41    8.77426e-07    
5.01255e-06    44449.5        44.6102        2.36567e+16    4.45843e-07    0.00268175     5.57708e-06    7.95351e-32    5.48203e-08    7.95351e-41    8.77426e-07    
5.01355e-06    44449.2        44.6097        2.36444e+16    4.45843e-07    0.00268175     5.57708e-06    7.82422e-32    5.48203e-08    7.82422e-41    8.77426e-07    
5.01455e-06    44448.9        44.6091        2.36322e+16    4.45843e-07    0.00268175     5.57708e-06    7.69714e-32    5.48203e-08    7.69714e-41    8.77426e-07    
5.01555e-06    44448.6        44.6086        2.36199e+16    4.45843e-07    0.00268175     5.57708e-06    7.57224e-32    5.48203e-08    7.57224e-41    8.77426e-07    
5.01655e-06    44448.3        44.6081        2.36076e+16    4.45843e-07    0.00268175     5.57708e-06    7.44947e-32    5.48203e-08    7.44947e-41    8.77426e-07    
5.01755e-06    44448          44.6076        2.35954e+16    4.45843e-07    0.00268175     5.57708e-06    7.32881e-32    5.48203e-08    7.32881e-41    8.77426e-07    
5.01855e-06    44447.7        44.6071        2.35831e+16    4.45843e-07    0.00268175     5.57708e-06    7.2102e-32     5.48203e-08    7.2102e-41     8.77426e-07    
5.01955e-06    44447.4        44.6065        2.35707e+16    4.45843e-07    0.00268175     5.57708e-06    7.09362e-32    5.48203e-08    7.09362e-41    8.77426e-07    
5.02055e-06    44447.1        44.606         2.35584e+16    4.45843e-07    0.00268175     5.57708e-06    6.97904e-32    5.48203e-08    6.97904e-41    8.77426e-07    
5.02155e-06    44446.9        44.6055        2.35461e+16    4.45843e-07    0.00268175     5.57708e-06    6.8664e-32     5.48203e-08    6.8664e-41     8.77426e-07    
5.02255e-06    44446.6        44.605         2.35337e+16    4.45461e-07    0.00268175     5.57708e-06    6.75569e-32    5.48203e-08    6.75569e-41    8.77426e-07    
5.02355e-06    44446.3        44.6044        2.35214e+16    4.45461e-07    0.00268175     5.57708e-06    6.64686e-32    5.48203e-08    6.64686e-41    8.77426e-07    
5.02455e-06    44446          44.6039        2.3509e+16     4.45461e-07    0.00268175     5.57708e-06    6.53988e-32    5.48203e-08    6.53988e-41    8.77426e-07    
5.02555e-06    44445.7        44.6034        2.34966e+16    4.45461e-07    0.00268175     5.57708e-06    6.43472e-32    5.48203e-08    6.43472e-41    8.77426e-07    
5.02655e-06    44445.4        44.6029        2.34842e+16    4.45461e-07    0.00268175     5.57708e-06    6.33135e-32    5.48203e-08    6.33135e-41    8.77426e-07    
5.02755e-06    44445.1        44.6023        2.34717e+16    4.45461e-07    0.00268175     5.57708e-06    6.22973e-32    5.48203e-08    6.22973e-41    8.77426e-07    
5.02855e-06    44444.8        44.6018        2.34593e+16    4.45461e-07    0.00268175     5.57708e-06    6.12984e-32    5.48203e-08    6.12984e-41    8.77426e-07    
5.02955e-06    44444.5        44.6013        2.34468e+16    4.45461e-07    0.00268175     5.57708e-06    6.03164e-32    5.48203e-08    6.03164e-41    8.77426e-07    
5.03055e-06    44444.2        44.6007        2.34344e+16    4.45461e-07    0.00268175     5.57708e-06    5.9351e-32     5.48203e-08    5.9351e-41     8.77426e-07    
5.03155e-06    44443.9        44.6002        2.34219e+16    4.45366e-07    0.00268175     5.57708e-06    5.8402e-32     5.48203e-08    5.8402e-41     8.77426e-07    
5.03255e-06    44443.6        44.5997        2.34094e+16    4.45366e-07    0.00268175     5.57708e-06    5.7469e-32     5.48203e-08    5.7469e-41     8.77426e-07    
5.03355e-06    44443.3        44.5991        2.33969e+16    4.45366e-07    0.00268175     5.57708e-06    5.65518e-32    5.48203e-08    5.65518e-41    8.77426e-07    
5.03455e-06    44443          44.5986        2.33844e+16    4.45366e-07    0.00268175     5.57708e-06    5.56501e-32    5.48203e-08    5.56501e-41    8.77426e-07    
5.03555e-06    44442.7        44.5981        2.33719e+16    4.45366e-07    0.00268175     5.57708e-06    5.47636e-32    5.48203e-08    5.47636e-41    8.77426e-07    
5.03655e-06    44442.4        44.5975        2.33593e+16    4.45366e-07    0.00268175     5.57708e-06    5.38921e-32    5.48203e-08    5.38921e-41    8.77426e-07    
5.03755e-06    44442.1        44.597         2.33468e+16    4.45271e-07    0.00268175     5.57708e-06    5.30352e-32    5.48203e-08    5.30352e-41    8.77426e-07    
5.03855e-06    44441.8        44.5965        2.33342e+16    4.45271e-07    0.00268175     5.57708e-06    5.21928e-32    5.48203e-08    5.21928e-41    8.77426e-07    
5.03955e-06    44441.5        44.5959        2.33216e+16    4.45271e-07    0.00268175     5.57708e-06    5.13645e-32    5.48203e-08    5.13645e-41    8.77426e-07    
5.04055e-06    44441.2        44.5954        2.3309e+16     4.45271e-07    0.00268175     5.57708e-06    5.05502e-32    5.48203e-08    5.05502e-41    8.77426e-07    
5.04155e-06    44440.9        44.5948        2.32964e+16    4.45247e-07    0.00268175     5.57708e-06    4.97495e-32    5.48203e-08    4.97495e-41    8.77426e-07    
5.04255e-06    44440.6        44.5943        2.32838e+16    4.45247e-07    0.00268175     5.57708e-06    4.89623e-32    5.48203e-08    4.89623e-41    8.77426e-07    
5.04355e-06    44440.2        44.5937        2.32711e+16    4.45247e-07    0.00268175     5.57708e-06    4.81883e-32    5.48203e-08    4.81883e-41    8.77426e-07    
5.04455e-06    44439.9        44.5932        2.32585e+16    4.45247e-07    0.00268175     5.57708e-06    4.74272e-32    5.48203e-08    4.74272e-41    8.77426e-07    
5.04555e-06    44439.6        44.5927        2.32458e+16    4.45247e-07    0.00268175     5.57708e-06    4.66789e-32    5.48203e-08    4.66789e-41    8.77426e-07    
5.04655e-06    44439.3        44.5921        2.32331e+16    4.45247e-07    0.00268175     5.57708e-06    4.59431e-32    5.48203e-08    4.59431e-41    8.77426e-07    
5.04755e-06    44439          44.5916        2.32204e+16    4.45223e-07    0.00268175     5.57708e-06    4.52196e-32    5.48203e-08    4.52196e-41    8.77426e-07    
5.04855e-06    44438.7        44.591         2.32077e+16    4.45223e-07    0.00268175     5.57708e-06    4.45082e-32    5.48203e-08    4.45082e-41    8.77426e-07    
5.04955e-06    44438.4        44.5905        2.3195e+16     4.45223e-07    0.00268175     5.57708e-06    4.38087e-32    5.48203e-08    4.38087e-41    8.77426e-07    
5.05055e-06    44438.1        44.5899        2.31823e+16    4.45223e-07    0.00268175     5.57708e-06    4.31208e-32    5.48203e-08    4.31208e-41    8.77426e-07    
5.05155e-06    44437.8        44.5894        2.31695e+16    4.45223e-07    0.00268175     5.57708e-06    4.24444e-32    5.48203e-08    4.24444e-41    8.77426e-07    
5.05255e-06    44437.5        44.5888        2.31568e+16    4.45199e-07    0.00268175     5.57708e-06    4.17793e-32    5.48203e-08    4.17793e-41    8.77426e-07    
5.05355e-06    44437.2        44.5883        2.3144e+16     4.45199e-07    0.00268175     5.57708e-06    4.11252e-32    5.48203e-08    4.11252e-41    8.77426e-07    
5.05455e-06    44436.9        44.5877        2.31312e+16    4.45199e-07    0.00268175     5.57708e-06    4.0482e-32     5.48203e-08    4.0482e-41     8.77426e-07    
5.05555e-06    44436.5        44.5872        2.31184e+16    4.45199e-07    0.00268175     5.57708e-06    3.98495e-32    5.48203e-08    3.98495e-41    8.77426e-07    
5.05655e-06    44436.2        44.5866        2.31056e+16    4.44818e-07    0.00268175     5.57708e-06    3.92275e-32    5.48203e-08    3.92275e-41    8.77426e-07    
5.05755e-06    44435.9        44.5861        2.30928e+16    4.44818e-07    0.00268175     5.57708e-06    3.86158e-32    5.48203e-08    3.86158e-41    8.77426e-07    
5.05855e-06    44435.6        44.5855        2.308e+16      4.44818e-07    0.00268175     5.57708e-06    3.80142e-32    5.48203e-08    3.80142e-41    8.77426e-07    
5.05955e-06    44435.3        44.5849        2.30671e+16    4.44436e-07    0.00268175     5.57708e-06    3.74226e-32    5.48203e-08    3.74226e-41    8.77426e-07    
5.06055e-06    44435          44.5844        2.30543e+16    4.44436e-07    0.00268175     5.57708e-06    3.68407e-32    5.48203e-08    3.68407e-41    8.77426e-07    
5.06155e-06    44434.7        44.5838        2.30414e+16    4.44436e-07    0.00268175     5.57708e-06    3.62685e-32    5.48203e-08    3.62685e-41    8.77426e-07    
5.06255e-06    44434.4        44.5833        2.30285e+16    4.44412e-07    0.00268175     5.57708e-06    3.57057e-32    5.48203e-08    3.57057e-41    8.77426e-07    
5.06355e-06    44434          44.5827        2.30157e+16    4.44412e-07    0.00268175     5.57708e-06    3.51523e-32    5.48203e-08    3.51523e-41    8.77426e-07    
5.06455e-06    44433.7        44.5821        2.30028e+16    4.44031e-07    0.00268175     5.57708e-06    3.46079e-32    5.48203e-08    3.46079e-41    8.77426e-07    
5.06555e-06    44433.4        44.5816        2.29898e+16    4.44031e-07    0.00268175     5.57708e-06    3.40725e-32    5.48203e-08    3.40725e-41    8.77426e-07    
5.06655e-06    44433.1        44.581         2.29769e+16    4.44031e-07    0.00268175     5.57708e-06    3.35459e-32    5.48203e-08    3.35459e-41    8.77426e-07    
5.06755e-06    44432.8        44.5805        2.2964e+16     4.44031e-07    0.00268175     5.57708e-06    3.3028e-32     5.48203e-08    3.3028e-41     8.77426e-07    
5.06855e-06    44432.5        44.5799        2.2951e+16     4.44031e-07    0.00268175     5.57708e-06    3.25186e-32    5.48203e-08    3.25186e-41    8.77426e-07    
5.06955e-06    44432.1        44.5793        2.29381e+16    4.44031e-07    0.00268175     5.57708e-06    3.20175e-32    5.48203e-08    3.20175e-41    8.77426e-07    
5.07055e-06    44431.8        44.5788        2.29251e+16    4.44031e-07    0.00268175     5.57708e-06    3.15247e-32    5.48203e-08    3.15247e-41    8.77426e-07    
5.07155e-06    44431.5        44.5782        2.29121e+16    4.44031e-07    0.00268175     5.57708e-06    3.10399e-32    5.48203e-08    3.10399e-41    8.77426e-07    
5.07255e-06    44431.2        44.5776        2.28991e+16    4.44031e-07    0.00268175     5.57708e-06    3.05631e-32    5.48203e-08    3.05631e-41    8.77426e-07    
5.07355e-06    44430.9        44.5771        2.28861e+16    4.44031e-07    0.00268175     5.57708e-06    3.0094e-32     5.48203e-08    3.0094e-41     8.77426e-07    
5.07455e-06    44430.5        44.5765        2.28731e+16    4.44031e-07    0.00268175     5.57708e-06    2.96327e-32    5.48203e-08    2.96327e-41    8.77426e-07    
5.07555e-06    44430.2        44.5759        2.286e+16      4.44031e-07    0.00268175     5.57708e-06    2.91788e-32    5.48203e-08    2.91788e-41    8.77426e-07    
5.07655e-06    44429.9        44.5754        2.2847e+16     4.44031e-07    0.00268175     5.57708e-06    2.87324e-32    5.48203e-08    2.87324e-41    8.77426e-07    
5.07755e-06    44429.6        44.5748        2.28339e+16    4.44031e-07    0.00268175     5.57708e-06    2.82932e-32    5.48203e-08    2.82932e-41    8.77426e-07    
5.07855e-06    44429.3        44.5742        2.28209e+16    4.44031e-07    0.00268175     5.57708e-06    2.78612e-32    5.48203e-08    2.78612e-41    8.77426e-07    
5.07955e-06    44428.9        44.5736        2.28078e+16    4.44031e-07    0.00268175     5.57708e-06    2.74363e-32    5.48203e-08    2.74363e-41    8.77426e-07    
5.08055e-06    44428.6        44.5731        2.27947e+16    4.44031e-07    0.00268175     5.57708e-06    2.70182e-32    5.48203e-08    2.70182e-41    8.77426e-07    
5.08155e-06    44428.3        44.5725        2.27816e+16    4.44031e-07    0.00268175     5.57708e-06    2.66069e-32    5.48203e-08    2.66069e-41    8.77426e-07    
5.08255e-06    44428          44.5719        2.27685e+16    4.44031e-07    0.00268175     5.57708e-06    2.62023e-32    5.48203e-08    2.62023e-41    8.77426e-07    
5.08355e-06    44427.6        44.5713        2.27554e+16    4.44031e-07    0.00268175     5.57708e-06    2.58043e-32    5.48203e-08    2.58043e-41    8.77426e-07    
5.08455e-06    44427.3        44.5708        2.27422e+16    4.44031e-07    0.00268175     5.57708e-06    2.54127e-32    5.48203e-08    2.54127e-41    8.77426e-07    
5.08555e-06    44427          44.5702        2.27291e+16    4.44031e-07    0.00268175     5.57708e-06    2.50274e-32    5.48203e-08    2.50274e-41    8.77426e-07    
5.08655e-06    44426.7        44.5696        2.27159e+16    4.44031e-07    0.00268175     5.57708e-06    2.46484e-32    5.48203e-08    2.46484e-41    8.77426e-07    
5.08755e-06    44426.3        44.569         2.27028e+16    4.44031e-07    0.00268175     5.57708e-06    2.42754e-32    5.48203e-08    2.42754e-41    8.77426e-07    
5.08855e-06    44426          44.5684        2.26896e+16    4.44031e-07    0.00268175     5.57708e-06    2.39085e-32    5.48203e-08    2.39085e-41    8.77426e-07    
5.08955e-06    44425.7        44.5679        2.26764e+16    4.44031e-07    0.00268175     5.57708e-06    2.35476e-32    5.48203e-08    2.35476e-41    8.77426e-07    
5.09055e-06    44425.4        44.5673        2.26632e+16    4.44031e-07    0.00268175     5.57708e-06    2.31924e-32    5.48203e-08    2.31924e-41    8.77426e-07    
5.09155e-06    44425          44.5667        2.265e+16      4.44031e-07    0.00268175     5.57708e-06    2.28429e-32    5.48203e-08    2.28429e-41    8.77426e-07    
5.09255e-06    44424.7        44.5661        2.26368e+16    4.44031e-07    0.00268175     5.57097e-06    2.24991e-32    5.48203e-08    2.24991e-41    8.77426e-07    
5.09355e-06    44424.4        44.5655        2.26235e+16    4.44031e-07    0.00268175     5.57097e-06    2.21608e-32    5.48203e-08    2.21608e-41    8.77426e-07    
5.09455e-06    44424          44.5649        2.26103e+16    4.44031e-07    0.00268175     5.57097e-06    2.18279e-32    5.48203e-08    2.18279e-41    8.77426e-07    
5.09555e-06    44423.7        44.5644        2.2597e+16     4.44031e-07    0.00268175     5.57097e-06    2.15004e-32    5.48203e-08    2.15004e-41    8.77426e-07    
5.09655e-06    44423.4        44.5638        2.25838e+16    4.44031e-07    0.00268175     5.57097e-06    2.11781e-32    5.48203e-08    2.11781e-41    8.77426e-07    
5.09755e-06    44423.1        44.5632        2.25705e+16    4.44031e-07    0.00268175     5.57097e-06    2.08609e-32    5.48203e-08    2.08609e-41    8.77426e-07    
5.09855e-06    44422.7        44.5626        2.25572e+16    4.44031e-07    0.00268175     5.57097e-06    2.05489e-32    5.48203e-08    2.05489e-41    8.77426e-07    
5.09955e-06    44422.4        44.562         2.25439e+16    4.44031e-07    0.00268175     5.57097e-06    2.02418e-32    5.48203e-08    2.02418e-41    8.77426e-07    
5.10055e-06    44422.1        44.5614        2.25306e+16    4.44031e-07    0.00268175     5.57097e-06    1.99396e-32    5.48203e-08    1.99396e-41    8.77426e-07    
5.10155e-06    44421.7        44.5608        2.25173e+16    4.44031e-07    0.00268175     5.57097e-06    1.96423e-32    5.48203e-08    1.96422e-41    8.77426e-07    
5.10255e-06    44421.4        44.5602        2.25039e+16    4.44031e-07    0.00268175     5.57097e-06    1.93496e-32    5.48203e-08    1.93496e-41    8.77426e-07    
5.10355e-06    44421.1        44.5596        2.24906e+16    4.44031e-07    0.00268175     5.57097e-06    1.90617e-32    5.48203e-08    1.90617e-41    8.77426e-07    
5.10455e-06    44420.7        44.559         2.24773e+16    4.44031e-07    0.00268175     5.57097e-06    1.87783e-32    5.48203e-08    1.87783e-41    8.77426e-07    
5.10555e-06    44420.4        44.5584        2.24639e+16    4.44031e-07    0.00268175     5.57097e-06    1.84994e-32    5.48203e-08    1.84994e-41    8.77426e-07    
5.10655e-06    44420.1        44.5578        2.24505e+16    4.43649e-07    0.00268175     5.57097e-06    1.82249e-32    5.48203e-08    1.82249e-41    8.77426e-07    
5.10755e-06    44419.7        44.5572        2.24372e+16    4.43649e-07    0.00268175     5.57097e-06    1.79548e-32    5.48203e-08    1.79548e-41    8.77426e-07    
5.10855e-06    44419.4        44.5567        2.24238e+16    4.43649e-07    0.00268175     5.57097e-06    1.76889e-32    5.48203e-08    1.76889e-41    8.77426e-07    
5.10955e-06    44419.1        44.5561        2.24104e+16    4.43649e-07    0.00268175     5.57097e-06    1.74273e-32    5.48203e-08    1.74273e-41    8.77426e-07    
5.11055e-06    44418.7        44.5555        2.2397e+16     4.43649e-07    0.00268175     5.57097e-06    1.71698e-32    5.48203e-08    1.71698e-41    8.77426e-07    
5.11155e-06    44418.4        44.5549        2.23835e+16    4.43649e-07    0.00268175     5.57097e-06    1.69164e-32    5.48203e-08    1.69164e-41    8.77426e-07    
5.11255e-06    44418          44.5543        2.23701e+16    4.43649e-07    0.00268175     5.57097e-06    1.6667e-32     5.48203e-08    1.66669e-41    8.77426e-07    
5.11355e-06    44417.7        44.5537        2.23567e+16    4.43649e-07    0.00268175     5.57097e-06    1.64215e-32    5.48203e-08    1.64215e-41    8.77426e-07    
5.11455e-06    44417.4        44.5531        2.23432e+16    4.43649e-07    0.00268175     5.57097e-06    1.61798e-32    5.48203e-08    1.61798e-41    8.77426e-07    
5.11555e-06    44417          44.5525        2.23298e+16    4.43649e-07    0.00268175     5.57097e-06    1.5942e-32     5.48203e-08    1.5942e-41     8.77426e-07    
5.11655e-06    44416.7        44.5518        2.23163e+16    4.43649e-07    0.00268175     5.57097e-06    1.57079e-32    5.48203e-08    1.57079e-41    8.77426e-07    
5.11755e-06    44416.3        44.5512        2.23028e+16    4.43649e-07    0.00268175     5.57097e-06    1.54775e-32    5.48203e-08    1.54775e-41    8.77426e-07    
5.11855e-06    44416          44.5506        2.22893e+16    4.43649e-07    0.00268175     5.57097e-06    1.52507e-32    5.48203e-08    1.52507e-41    8.77426e-07    
5.11955e-06    44415.7        44.55          2.22758e+16    4.43649e-07    0.00268175     5.57097e-06    1.50274e-32    5.48203e-08    1.50274e-41    8.77426e-07    
5.12055e-06    44415.3        44.5494        2.22623e+16    4.43649e-07    0.00268175     5.57097e-06    1.48077e-32    5.48203e-08    1.48077e-41    8.77426e-07    
5.12155e-06    44415          44.5488        2.22488e+16    4.43649e-07    0.00268175     5.57097e-06    1.45913e-32    5.48203e-08    1.45913e-41    8.77426e-07    
5.12255e-06    44414.6        44.5482        2.22353e+16    4.43649e-07    0.00268175     5.57097e-06    1.43784e-32    5.48203e-08    1.43784e-41    8.77426e-07    
5.12355e-06    44414.3        44.5476        2.22217e+16    4.43649e-07    0.00268175     5.57097e-06    1.41688e-32    5.48203e-08    1.41688e-41    8.77426e-07    
5.12455e-06    44414          44.547         2.22082e+16    4.43558e-07    0.00266222     5.57097e-06    1.39624e-32    5.48203e-08    1.39624e-41    8.77426e-07    
5.12555e-06    44413.6        44.5464        2.21946e+16    4.43558e-07    0.00266222     5.57097e-06    1.37593e-32    5.48203e-08    1.37593e-41    8.77426e-07    
5.12655e-06    44413.3        44.5458        2.21811e+16    4.43558e-07    0.00266222     5.57097e-06    1.35593e-32    5.48203e-08    1.35593e-41    8.77426e-07    
5.12755e-06    44412.9        44.5452        2.21675e+16    4.43558e-07    0.00266222     5.57097e-06    1.33625e-32    5.48203e-08    1.33625e-41    8.77426e-07    
5.12855e-06    44412.6        44.5445        2.21539e+16    4.43558e-07    0.00266222     5.57097e-06    1.31687e-32    5.48203e-08    1.31687e-41    8.77426e-07    
5.12955e-06    44412.2        44.5439        2.21403e+16    4.43558e-07    0.00266222     5.57097e-06    1.29779e-32    5.48203e-08    1.29779e-41    8.77426e-07    
5.13055e-06    44411.9        44.5433        2.21267e+16    4.43558e-07    0.00266222     5.57097e-06    1.279e-32      5.48203e-08    1.279e-41      8.77426e-07    
5.13155e-06    44411.5        44.5427        2.21131e+16    4.43558e-07    0.00266222     5.57097e-06    1.26051e-32    5.48203e-08    1.26051e-41    8.77426e-07    
5.13255e-06    44411.2        44.5421        2.20995e+16    4.43558e-07    0.00266222     5.57097e-06    1.2423e-32     5.48203e-08    1.2423e-41     8.77426e-07    
5.13355e-06    44410.8        44.5415        2.20859e+16    4.43558e-07    0.00266222     5.57097e-06    1.22438e-32    5.48203e-08    1.22438e-41    8.77426e-07    
5.13455e-06    44410.5        44.5409        2.20722e+16    4.43558e-07    0.00266222     5.57097e-06    1.20673e-32    5.48203e-08    1.20673e-41    8.77426e-07    
5.13555e-06    44410.2        44.5402        2.20586e+16    4.43558e-07    0.00266222     5.57097e-06    1.18935e-32    5.48203e-08    1.18935e-41    8.77426e-07    
5.13655e-06    44409.8        44.5396        2.20449e+16    4.43558e-07    0.00266222     5.57097e-06    1.17224e-32    5.48203e-08    1.17224e-41    8.77426e-07    
5.13755e-06    44409.5        44.539         2.20313e+16    4.43558e-07    0.00266222     5.57097e-06    1.15539e-32    5.48203e-08    1.15539e-41    8.77426e-07    
5.13855e-06    44409.1        44.5384        2.20176e+16    4.43558e-07    0.00266222     5.57097e-06    1.13881e-32    5.48203e-08    1.13881e-41    8.77426e-07    
5.13955e-06    44408.8        44.5378        2.20039e+16    4.43558e-07    0.00266222     5.57097e-06    1.12248e-32    5.48203e-08    1.12248e-41    8.77426e-07    
5.14055e-06    44408.4        44.5371        2.19902e+16    4.43558e-07    0.00266222     5.57097e-06    1.10639e-32    5.48203e-08    1.10639e-41    8.77426e-07    
5.14155e-06    44408.1        44.5365        2.19765e+16    4.43558e-07    0.00266222     5.57097e-06    1.09056e-32    5.48203e-08    1.09056e-41    8.77426e-07    
5.14255e-06    44407.7        44.5359        2.19628e+16    4.43558e-07    0.00266222     5.57097e-06    1.07497e-32    5.48203e-08    1.07497e-41    8.77426e-07    
5.14355e-06    44407.4        44.5353        2.19491e+16    4.43558e-07    0.00266222     5.57097e-06    1.05961e-32    5.48203e-08    1.05961e-41    8.77426e-07    
5.14455e-06    44407          44.5346        2.19354e+16    4.43462e-07    0.00266222     5.57097e-06    1.0445e-32     5.48203e-08    1.04449e-41    8.77426e-07    
5.14555e-06    44406.7        44.534         2.19216e+16    4.43462e-07    0.00266222     5.57097e-06    1.02961e-32    5.48203e-08    1.02961e-41    8.77426e-07    
5.14655e-06    44406.3        44.5334        2.19079e+16    4.43462e-07    0.00266222     5.57097e-06    1.01495e-32    5.48203e-08    1.01495e-41    8.77426e-07    
5.14755e-06    44405.9        44.5328        2.18941e+16    4.43462e-07    0.00266222     5.57097e-06    1.00051e-32    5.48203e-08    1.00051e-41    8.77426e-07    
5.14855e-06    44405.6        44.5321        2.18804e+16    4.43462e-07    0.00266222     5.57097e-06    9.8629e-33     5.48203e-08    9.8629e-42     8.77426e-07    
5.14955e-06    44405.2        44.5315        2.18666e+16    4.43462e-07    0.00266222     5.57097e-06    9.72288e-33    5.48203e-08    9.72288e-42    8.77426e-07    
5.15055e-06    44404.9        44.5309        2.18529e+16    4.43462e-07    0.00266222     5.57097e-06    9.58499e-33    5.48203e-08    9.58499e-42    8.77426e-07    
5.15155e-06    44404.5        44.5302        2.18391e+16    4.43462e-07    0.00266222     5.57097e-06    9.44919e-33    5.48203e-08    9.44919e-42    8.77426e-07    
5.15255e-06    44404.2        44.5296        2.18253e+16    4.43462e-07    0.00266222     5.57097e-06    9.31545e-33    5.48203e-08    9.31545e-42    8.77426e-07    
5.15355e-06    44403.8        44.529         2.18115e+16    4.43462e-07    0.00266222     5.57097e-06    9.18374e-33    5.48203e-08    9.18374e-42    8.77426e-07    
5.15455e-06    44403.5        44.5283        2.17977e+16    4.43462e-07    0.00266222     5.57097e-06    9.05402e-33    5.48203e-08    9.05402e-42    8.77426e-07    
5.15555e-06    44403.1        44.5277        2.17839e+16    4.43462e-07    0.00266222     5.57097e-06    8.92626e-33    5.48203e-08    8.92626e-42    8.77426e-07    
5.15655e-06    44402.7        44.5271        2.17701e+16    4.43462e-07    0.00266222     5.57097e-06    8.80043e-33    5.48203e-08    8.80043e-42    8.77426e-07    
5.15755e-06    44402.4        44.5264        2.17563e+16    4.43462e-07    0.00266222     5.57097e-06    6.56859e-33    5.48203e-08    6.56859e-42    8.77426e-07    
5.15855e-06    44402          44.5258        2.17424e+16    4.43462e-07    0.00266222     5.57097e-06    6.47062e-33    5.48203e-08    6.47061e-42    8.77426e-07    
5.15955e-06    44401.7        44.5252        2.17286e+16    4.43462e-07    0.00266222     5.57097e-06    6.3742e-33     5.48203e-08    6.3742e-42     8.77426e-07    
5.16055e-06    44401.3        44.5245        2.17147e+16    4.43462e-07    0.00266222     5.57097e-06    6.27932e-33    5.48203e-08    6.27932e-42    8.77426e-07    
5.16155e-06    44401          44.5239        2.17009e+16    4.43462e-07    0.00266222     5.57097e-06    6.18595e-33    5.48203e-08    6.18595e-42    8.77426e-07    
5.16255e-06    44400.6        44.5232        2.1687e+16     4.43462e-07    0.00266222     5.57097e-06    6.09406e-33    5.48203e-08    6.09406e-42    8.77426e-07    
5.16355e-06    44400.2        44.5226        2.16732e+16    4.43462e-07    0.00266222     5.57097e-06    6.00364e-33    5.48203e-08    6.00364e-42    8.77426e-07    
5.16455e-06    44399.9        44.522         2.16593e+16    4.43462e-07    0.00266222     5.57097e-06    5.91464e-33    5.48203e-08    5.91464e-42    8.77426e-07    
5.16555e-06    44399.5        44.5213        2.16454e+16    4.43462e-07    0.00266222     5.57097e-06    5.82706e-33    5.48203e-08    5.82706e-42    8.77426e-07    
5.16655e-06    44399.2        44.5207        2.16315e+16    4.43462e-07    0.00266222     5.57097e-06    5.74086e-33    5.48203e-08    5.74086e-42    8.77426e-07    
5.16755e-06    44398.8        44.52          2.16176e+16    4.43367e-07    0.00266222     5.57097e-06    5.65603e-33    5.48203e-08    5.65603e-42    8.77426e-07    
5.16855e-06    44398.4        44.5194        2.16037e+16    4.43367e-07    0.00266222     5.57097e-06    5.57253e-33    5.48203e-08    5.57253e-42    8.77426e-07    
5.16955e-06    44398.1        44.5188        2.15898e+16    4.43367e-07    0.00266222     5.57097e-06    5.49036e-33    5.48203e-08    5.49036e-42    8.77426e-07    
5.17055e-06    44397.7        44.5181        2.15759e+16    4.43367e-07    0.00266222     5.57097e-06    5.40948e-33    5.48203e-08    5.40948e-42    8.77426e-07    
5.17155e-06    44397.3        44.5175        2.15619e+16    4.43367e-07    0.00266222     5.57097e-06    5.32987e-33    5.48203e-08    5.32987e-42    8.77426e-07    
5.17255e-06    44397          44.5168        2.1548e+16     4.43367e-07    0.00266222     5.57097e-06    5.25152e-33    5.48203e-08    5.25152e-42    8.77426e-07    
5.17355e-06    44396.6        44.5162        2.1534e+16     4.43272e-07    0.00266222     5.57097e-06    5.1744e-33     5.48203e-08    5.1744e-42     8.77426e-07    
5.17455e-06    44396.2        44.5155        2.15201e+16    4.43272e-07    0.00266222     5.57097e-06    5.09849e-33    5.48203e-08    5.09849e-42    8.77426e-07    
5.17555e-06    44395.9        44.5149        2.15061e+16    4.43272e-07    0.00266222     5.57097e-06    5.02377e-33    5.48203e-08    5.02377e-42    8.77426e-07    
5.17655e-06    44395.5        44.5142        2.14922e+16    4.43272e-07    0.00266222     5.57097e-06    4.95023e-33    5.48203e-08    4.95023e-42    8.77426e-07    
5.17755e-06    44395.1        44.5136        2.14782e+16    4.43272e-07    0.00266222     5.57097e-06    4.87783e-33    5.48203e-08    4.87783e-42    8.77426e-07    
5.17855e-06    44394.8        44.5129        2.14642e+16    4.43272e-07    0.00266222     5.57097e-06    4.80205e-33    5.48203e-08    4.80205e-42    8.77426e-07    
5.17955e-06    44394.4        44.5123        2.14502e+16    4.43272e-07    0.00266222     5.57097e-06    4.73199e-33    5.48203e-08    4.73199e-42    8.77426e-07    
5.18055e-06    44394          44.5116        2.14362e+16    4.43272e-07    0.00266222     5.56487e-06    4.66302e-33    5.48203e-08    4.66302e-42    8.77426e-07    
5.18155e-06    44393.7        44.511         2.14222e+16    4.43272e-07    0.00266222     5.56487e-06    4.59513e-33    5.48203e-08    4.59513e-42    8.77426e-07    
5.18255e-06    44393.3        44.5103        2.14082e+16    4.43272e-07    0.00266222     5.56487e-06    4.52829e-33    5.48203e-08    4.52829e-42    8.77426e-07    
5.18355e-06    44392.9        44.5097        2.13942e+16    4.43272e-07    0.00266222     5.56487e-06    4.4625e-33     5.48203e-08    4.4625e-42     8.77426e-07    
5.18455e-06    44392.6        44.509         2.13801e+16    4.43272e-07    0.00266222     5.56487e-06    4.39773e-33    5.48203e-08    4.39773e-42    8.77426e-07    
5.18555e-06    44392.2        44.5083        2.13661e+16    4.4289e-07     0.00266222     5.56487e-06    4.33397e-33    5.48203e-08    4.33397e-42    8.77426e-07    
5.18655e-06    44391.8        44.5077        2.13521e+16    4.4289e-07     0.00266222     5.56487e-06    4.27119e-33    5.48203e-08    4.27119e-42    8.77426e-07    
5.18755e-06    44391.5        44.507         2.1338e+16     4.4289e-07     0.00266222     5.56487e-06    4.20939e-33    5.48203e-08    4.20939e-42    8.77426e-07    
5.18855e-06    44391.1        44.5064        2.1324e+16     4.4289e-07     0.00266222     5.56487e-06    4.14854e-33    5.48203e-08    4.14854e-42    8.77426e-07    
5.18955e-06    44390.7        44.5057        2.13099e+16    4.42509e-07    0.00266222     5.56487e-06    4.08864e-33    5.48203e-08    4.08864e-42    8.77426e-07    
5.19055e-06    44390.4        44.505         2.12958e+16    4.42509e-07    0.00266222     5.56487e-06    4.02966e-33    5.48203e-08    4.02966e-42    8.77426e-07    
5.19155e-06    44390          44.5044        2.12818e+16    4.42485e-07    0.00266222     5.56487e-06    3.9716e-33     5.48203e-08    3.9716e-42     8.77426e-07    
5.19255e-06    44389.6        44.5037        2.12677e+16    4.42485e-07    0.00266222     5.56487e-06    3.91443e-33    5.48203e-08    3.91443e-42    8.77426e-07    
5.19355e-06    44389.2        44.5031        2.12536e+16    4.42485e-07    0.00266222     5.56487e-06    3.85814e-33    5.48203e-08    3.85814e-42    8.77426e-07    
5.19455e-06    44388.9        44.5024        2.12395e+16    4.42485e-07    0.00266222     5.56487e-06    3.80271e-33    5.48203e-08    3.80271e-42    8.77426e-07    
5.19555e-06    44388.5        44.5017        2.12254e+16    4.42485e-07    0.00266222     5.56487e-06    3.74814e-33    5.48203e-08    3.74814e-42    8.77426e-07    
5.19655e-06    44388.1        44.5011        2.12113e+16    4.42485e-07    0.00266222     5.56487e-06    3.69441e-33    5.48203e-08    3.69441e-42    8.77426e-07    
5.19755e-06    44387.7        44.5004        2.11972e+16    4.42485e-07    0.00266222     5.56487e-06    3.6415e-33     5.48203e-08    3.6415e-42     8.77426e-07    
5.19855e-06    44387.4        44.4997        2.11831e+16    4.42485e-07    0.00266222     5.56487e-06    3.5894e-33     5.48203e-08    3.5894e-42     8.77426e-07    
5.19955e-06    44387          44.4991        2.1169e+16     4.42485e-07    0.00266222     5.56487e-06    3.5381e-33     5.48203e-08    3.5381e-42     8.77426e-07    
5.20055e-06    44386.6        44.4984        2.11548e+16    4.42485e-07    0.00266222     5.56487e-06    3.48759e-33    5.48203e-08    3.48759e-42    8.77426e-07    
5.20155e-06    44386.2        44.4977        2.11407e+16    4.42485e-07    0.00266222     5.56487e-06    3.43785e-33    5.48203e-08    3.43785e-42    8.77426e-07    
5.20255e-06    44385.9        44.4971        2.11265e+16    4.42485e-07    0.00266222     5.56487e-06    3.38886e-33    5.48203e-08    3.38886e-42    8.77426e-07    
5.20355e-06    44385.5        44.4964        2.11124e+16    4.42485e-07    0.00266222     5.56487e-06    3.34063e-33    5.48203e-08    3.34063e-42    8.77426e-07    
5.20455e-06    44385.1        44.4957        2.10982e+16    4.42485e-07    0.00266222     5.56487e-06    3.29313e-33    5.48203e-08    3.29313e-42    8.77426e-07    
5.20555e-06    44384.7        44.495         2.10841e+16    4.42485e-07    0.00266222     5.56487e-06    3.24635e-33    5.48203e-08    3.24635e-42    8.77426e-07    
5.20655e-06    44384.3        44.4944        2.10699e+16    4.42485e-07    0.00266222     5.56487e-06    3.20029e-33    5.48203e-08    3.20029e-42    8.77426e-07    
5.20755e-06    44384          44.4937        2.10557e+16    4.42485e-07    0.00266222     5.56487e-06    3.15492e-33    5.48203e-08    3.15492e-42    8.77426e-07    
5.20855e-06    44383.6        44.493         2.10415e+16    4.42485e-07    0.00266222     5.56487e-06    3.11024e-33    5.48203e-08    3.11024e-42    8.77426e-07    
5.20955e-06    44383.2        44.4924        2.10274e+16    4.42485e-07    0.00266222     5.56487e-06    3.06624e-33    5.48203e-08    3.06624e-42    8.77426e-07    
5.21055e-06    44382.8        44.4917        2.10132e+16    4.42485e-07    0.00266222     5.56487e-06    3.02291e-33    5.48203e-08    3.02291e-42    8.77426e-07    
5.21155e-06    44382.4        44.491         2.0999e+16     4.4239e-07     0.00266222     5.56487e-06    2.98023e-33    5.48203e-08    2.98023e-42    8.77426e-07    
5.21255e-06    44382.1        44.4903        2.09848e+16    4.4239e-07     0.00266222     5.56487e-06    2.9382e-33     5.48203e-08    2.9382e-42     8.77426e-07    
5.21355e-06    44381.7        44.4897        2.09706e+16    4.4239e-07     0.00266222     5.55877e-06    2.8968e-33     5.48203e-08    2.8968e-42     8.77426e-07    
5.21455e-06    44381.3        44.489         2.09564e+16    4.4239e-07     0.00266222     5.55877e-06    2.85602e-33    5.48203e-08    2.85602e-42    8.77426e-07    
5.21555e-06    44380.9        44.4883        2.09421e+16    4.4239e-07     0.00266222     5.55877e-06    2.81586e-33    5.48203e-08    2.81586e-42    8.77426e-07    
5.21655e-06    44380.5        44.4876        2.09279e+16    4.4239e-07     0.00266222     5.55877e-06    2.77631e-33    5.48203e-08    2.77631e-42    8.77426e-07    
5.21755e-06    44380.2        44.4869        2.09137e+16    4.4239e-07     0.00266222     5.55877e-06    2.73735e-33    5.48203e-08    2.73735e-42    8.77426e-07    
5.21855e-06    44379.8        44.4863        2.08995e+16    4.4239e-07     0.00266222     5.55877e-06    2.69897e-33    5.48203e-08    2.69897e-42    8.77426e-07    
5.21955e-06    44379.4        44.4856        2.08852e+16    4.4239e-07     0.00266222     5.55877e-06    2.66117e-33    5.48203e-08    2.66117e-42    8.77426e-07    
5.22055e-06    44379          44.4849        2.0871e+16     4.4239e-07     0.00266222     5.55877e-06    2.62394e-33    5.48203e-08    2.62394e-42    8.77426e-07    
5.22155e-06    44378.6        44.4842        2.08567e+16    4.4239e-07     0.00266222     5.55877e-06    2.58726e-33    5.48203e-08    2.58726e-42    8.77426e-07    
5.22255e-06    44378.2        44.4835        2.08425e+16    4.4239e-07     0.00266222     5.55877e-06    2.55113e-33    5.48203e-08    2.55113e-42    8.77426e-07    
5.22355e-06    44377.9        44.4828        2.08282e+16    4.4239e-07     0.00266222     5.55877e-06    2.51555e-33    5.48203e-08    2.51555e-42    8.77426e-07    
5.22455e-06    44377.5        44.4822        2.08139e+16    4.4239e-07     0.00266222     5.55877e-06    2.48049e-33    5.48203e-08    2.48049e-42    8.77426e-07    
5.22555e-06    44377.1        44.4815        2.07997e+16    4.4239e-07     0.00266222     5.55877e-06    2.44596e-33    5.48203e-08    2.44596e-42    8.77426e-07    
5.22655e-06    44376.7        44.4808        2.07854e+16    4.42008e-07    0.00266222     5.55877e-06    2.41194e-33    5.48203e-08    2.41194e-42    8.77426e-07    
5.22755e-06    44376.3        44.4801        2.07711e+16    4.42008e-07    0.00266222     5.55877e-06    2.3784e-33     5.48203e-08    2.3784e-42     8.77426e-07    
5.22855e-06    44375.9        44.4794        2.07568e+16    4.42008e-07    0.00266222     5.55877e-06    2.34539e-33    5.48203e-08    2.34539e-42    8.77426e-07    
5.22955e-06    44375.5        44.4787        2.07425e+16    4.42008e-07    0.00266222     5.55877e-06    2.31286e-33    5.48203e-08    2.31286e-42    8.77426e-07    
5.23055e-06    44375.1        44.478         2.07282e+16    4.42008e-07    0.00266222     5.55877e-06    2.28082e-33    5.48203e-08    2.28082e-42    8.77426e-07    
5.23155e-06    44374.8        44.4773        2.07139e+16    4.41913e-07    0.00266222     5.55877e-06    2.24925e-33    5.48203e-08    2.24925e-42    8.77426e-07    
5.23255e-06    44374.4        44.4766        2.06996e+16    4.41913e-07    0.00266222     5.55877e-06    2.21815e-33    5.48203e-08    2.21815e-42    8.77426e-07    
5.23355e-06    44374          44.476         2.06853e+16    4.41913e-07    0.00266222     5.55877e-06    2.18752e-33    5.48203e-08    2.18751e-42    8.77426e-07    
5.23455e-06    44373.6        44.4753        2.0671e+16     4.41889e-07    0.00266222     5.55877e-06    2.15733e-33    5.48203e-08    2.15733e-42    8.77426e-07    
5.23555e-06    44373.2        44.4746        2.06566e+16    4.41889e-07    0.00266222     5.55877e-06    2.12759e-33    5.48203e-08    2.12759e-42    8.77426e-07    
5.23655e-06    44372.8        44.4739        2.06423e+16    4.41889e-07    0.00266222     5.55877e-06    2.09828e-33    5.48203e-08    2.09828e-42    8.77426e-07    
5.23755e-06    44372.4        44.4732        2.0628e+16     4.41889e-07    0.00266222     5.55877e-06    2.06941e-33    5.48203e-08    2.06941e-42    8.77426e-07    
5.23855e-06    44372          44.4725        2.06136e+16    4.41889e-07    0.00266222     5.55877e-06    2.04096e-33    5.48203e-08    2.04096e-42    8.77426e-07    
5.23955e-06    44371.6        44.4718        2.05993e+16    4.41889e-07    0.00266222     5.55877e-06    2.01293e-33    5.48203e-08    2.01293e-42    8.77426e-07    
5.24055e-06    44371.2        44.4711        2.05849e+16    4.41889e-07    0.00266222     5.55877e-06    1.98532e-33    5.48203e-08    1.98532e-42    8.77426e-07    
5.24155e-06    44370.8        44.4704        2.05706e+16    4.41889e-07    0.00266222     5.55877e-06    1.95811e-33    5.48203e-08    1.95811e-42    8.77426e-07    
5.24255e-06    44370.5        44.4697        2.05562e+16    4.41889e-07    0.00266222     5.55877e-06    1.93129e-33    5.48203e-08    1.93129e-42    8.77426e-07    
5.24355e-06    44370.1        44.469         2.05419e+16    4.41889e-07    0.00266222     5.55877e-06    1.90487e-33    5.48203e-08    1.90487e-42    8.77426e-07    
5.24455e-06    44369.7        44.4683        2.05275e+16    4.41793e-07    0.00266222     5.55877e-06    1.87884e-33    5.48203e-08    1.87884e-42    8.77426e-07    
5.24555e-06    44369.3        44.4676        2.05131e+16    4.41793e-07    0.00266222     5.55877e-06    1.85318e-33    5.48203e-08    1.85318e-42    8.77426e-07    
5.24655e-06    44368.9        44.4669        2.04987e+16    4.41793e-07    0.00266222     5.55877e-06    1.8279e-33     5.48203e-08    1.8279e-42     8.77426e-07    
5.24755e-06    44368.5        44.4662        2.04844e+16    4.41793e-07    0.00266222     5.55877e-06    1.80299e-33    5.48203e-08    1.80299e-42    8.77426e-07    
5.24855e-06    44368.1        44.4655        2.047e+16      4.41793e-07    0.00266222     5.55877e-06    1.77844e-33    5.48203e-08    1.77844e-42    8.77426e-07    
5.24955e-06    44367.7        44.4648        2.04556e+16    4.41793e-07    0.00266222     5.55877e-06    1.75425e-33    5.48203e-08    1.75425e-42    8.77426e-07    
5.25055e-06    44367.3        44.4641        2.04412e+16    4.41793e-07    0.00266222     5.55877e-06    1.73041e-33    5.48203e-08    1.73041e-42    8.77426e-07    
5.25155e-06    44366.9        44.4634        2.04268e+16    4.41793e-07    0.00266222     5.55877e-06    1.70692e-33    5.48203e-08    1.70692e-42    8.77426e-07    
5.25255e-06    44366.5        44.4627        2.04124e+16    4.41793e-07    0.00266222     5.55877e-06    1.68377e-33    5.48203e-08    1.68377e-42    8.77426e-07    
5.25355e-06    44366.1        44.462         2.0398e+16     4.41412e-07    0.00266222     5.55877e-06    1.66095e-33    5.48203e-08    1.66095e-42    8.77426e-07    
5.25455e-06    44365.7        44.4613        2.03836e+16    4.41412e-07    0.00266222     5.55877e-06    1.63846e-33    5.48203e-08    1.63846e-42    8.77426e-07    
5.25555e-06    44365.3        44.4606        2.03691e+16    4.41412e-07    0.00266222     5.55877e-06    1.6163e-33     5.48203e-08    1.6163e-42     8.77426e-07    
5.25655e-06    44364.9        44.4598        2.03547e+16    4.41412e-07    0.00266222     5.55877e-06    1.59445e-33    5.48203e-08    1.59445e-42    8.77426e-07    
5.25755e-06    44364.5        44.4591        2.03403e+16    4.41412e-07    0.00266222     5.55877e-06    1.57293e-33    5.48203e-08    1.57293e-42    8.77426e-07    
5.25855e-06    44364.1        44.4584        2.03259e+16    4.41412e-07    0.00266222     5.55877e-06    1.55171e-33    5.48203e-08    1.55171e-42    8.77426e-07    
5.25955e-06    44363.7        44.4577        2.03114e+16    4.41412e-07    0.00266222     5.55877e-06    1.5308e-33     5.48203e-08    1.5308e-42     8.77426e-07    
5.26055e-06    44363.3        44.457         2.0297e+16     4.41412e-07    0.00266222     5.55877e-06    1.51019e-33    5.48203e-08    1.51019e-42    8.77426e-07    
5.26155e-06    44362.9        44.4563        2.02825e+16    4.41412e-07    0.00266222     5.55877e-06    1.48987e-33    5.48203e-08    1.48987e-42    8.77426e-07    
5.26255e-06    44362.5        44.4556        2.02681e+16    4.41412e-07    0.00266222     5.55877e-06    1.46985e-33    5.48203e-08    1.46985e-42    8.77426e-07    
5.26355e-06    44362.1        44.4549        2.02537e+16    4.41412e-07    0.00266222     5.55877e-06    1.45011e-33    5.48203e-08    1.45011e-42    8.77426e-07    
5.26455e-06    44361.7        44.4542        2.02392e+16    4.41412e-07    0.00266222     5.55877e-06    1.43066e-33    5.48203e-08    1.43066e-42    8.77426e-07    
5.26555e-06    44361.3        44.4534        2.02247e+16    4.41412e-07    0.00266222     5.55877e-06    1.41148e-33    5.48203e-08    1.41148e-42    8.77426e-07    
5.26655e-06    44360.9        44.4527        2.02103e+16    4.41412e-07    0.00266222     5.55877e-06    1.39258e-33    5.48203e-08    1.39258e-42    8.77426e-07    
5.26755e-06    44360.5        44.452         2.01958e+16    4.41412e-07    0.00266222     5.55877e-06    1.37395e-33    5.48203e-08    1.37395e-42    8.77426e-07    
5.26855e-06    44360.1        44.4513        2.01813e+16    4.41412e-07    0.00266222     5.55266e-06    1.35559e-33    5.48203e-08    1.35559e-42    8.77426e-07    
5.26955e-06    44359.7        44.4506        2.01669e+16    4.41412e-07    0.00266222     5.55266e-06    1.33748e-33    5.48203e-08    1.33748e-42    8.77426e-07    
5.27055e-06    44359.3        44.4499        2.01524e+16    4.41412e-07    0.00266222     5.55266e-06    1.31964e-33    5.48203e-08    1.31964e-42    8.77426e-07    
5.27155e-06    44358.9        44.4491        2.01379e+16    4.41412e-07    0.00266222     5.55266e-06    1.30205e-33    5.48203e-08    1.30205e-42    8.77426e-07    
5.27255e-06    44358.5        44.4484        2.01234e+16    4.41412e-07    0.00266222     5.55266e-06    1.2847e-33     5.48203e-08    1.2847e-42     8.77426e-07    
5.27355e-06    44358.1        44.4477        2.01089e+16    4.41412e-07    0.00266222     5.55266e-06    1.26761e-33    5.48203e-08    1.26761e-42    8.77426e-07    
5.27455e-06    44357.7        44.447         2.00944e+16    4.41412e-07    0.00266222     5.55266e-06    1.25075e-33    5.48203e-08    1.25075e-42    8.77426e-07    
5.27555e-06    44357.3        44.4463        2.008e+16      4.41388e-07    0.00266222     5.55266e-06    1.23414e-33    5.48203e-08    1.23414e-42    8.77426e-07    
5.27655e-06    44356.8        44.4455        2.00655e+16    4.41388e-07    0.00266222     5.55266e-06    1.21776e-33    5.48203e-08    1.21776e-42    8.77426e-07    
5.27755e-06    44356.4        44.4448        2.0051e+16     4.41388e-07    0.00266222     5.55266e-06    1.20161e-33    5.48203e-08    1.20161e-42    8.77426e-07    
5.27855e-06    44356          44.4441        2.00364e+16    4.41388e-07    0.00266222     5.55266e-06    1.18569e-33    5.48203e-08    1.18569e-42    8.77426e-07    
5.27955e-06    44355.6        44.4434        2.00219e+16    4.41388e-07    0.00266222     5.55266e-06    1.16999e-33    5.48203e-08    1.16999e-42    8.77426e-07    
5.28055e-06    44355.2        44.4426        2.00074e+16    4.41293e-07    0.00266222     5.55266e-06    1.15452e-33    5.48203e-08    1.15452e-42    8.77426e-07    
5.28155e-06    44354.8        44.4419        1.99929e+16    4.41293e-07    0.00266222     5.55266e-06    1.13926e-33    5.48203e-08    1.13926e-42    8.77426e-07    
5.28255e-06    44354.4        44.4412        1.99784e+16    4.41293e-07    0.00266222     5.55266e-06    1.12422e-33    5.48203e-08    1.12422e-42    8.77426e-07    
5.28355e-06    44354          44.4405        1.99639e+16    4.41293e-07    0.00266222     5.55266e-06    1.10939e-33    5.48203e-08    1.10939e-42    8.77426e-07    
5.28455e-06    44353.6        44.4397        1.99493e+16    4.41293e-07    0.00266222     5.55266e-06    1.09477e-33    5.48203e-08    1.09477e-42    8.77426e-07    
5.28555e-06    44353.2        44.439         1.99348e+16    4.41293e-07    0.00266222     5.55266e-06    1.08035e-33    5.48203e-08    1.08035e-42    8.77426e-07    
5.28655e-06    44352.8        44.4383        1.99203e+16    4.41293e-07    0.00266222     5.55266e-06    1.06613e-33    5.48203e-08    1.06613e-42    8.77426e-07    
5.28755e-06    44352.3        44.4375        1.99057e+16    4.41293e-07    0.00266222     5.55266e-06    1.05212e-33    5.48203e-08    1.05212e-42    8.77426e-07    
5.28855e-06    44351.9        44.4368        1.98912e+16    4.41293e-07    0.00266222     5.55266e-06    1.0383e-33     5.48203e-08    1.0383e-42     8.77426e-07    
5.28955e-06    44351.5        44.4361        1.98767e+16    4.41293e-07    0.00266222     5.55266e-06    1.02467e-33    5.48203e-08    1.02467e-42    8.77426e-07    
5.29055e-06    44351.1        44.4353        1.98621e+16    4.41293e-07    0.00266222     5.55266e-06    1.0112e-33     5.48203e-08    1.0112e-42     8.77426e-07    
5.29155e-06    44350.7        44.4346        1.98476e+16    4.41293e-07    0.00266222     5.55266e-06    9.97786e-34    5.48203e-08    9.97786e-43    8.77426e-07    
5.29255e-06    44350.3        44.4339        1.9833e+16     4.41293e-07    0.00266222     5.55266e-06    9.84723e-34    5.48203e-08    9.84723e-43    8.77426e-07    
5.29355e-06    44349.9        44.4331        1.98185e+16    4.41269e-07    0.00266222     5.55266e-06    9.71841e-34    5.48203e-08    9.71841e-43    8.77426e-07    
5.29455e-06    44349.5        44.4324        1.98039e+16    4.41269e-07    0.00266222     5.55266e-06    9.59139e-34    5.48203e-08    9.59139e-43    8.77426e-07    
5.29555e-06    44349          44.4317        1.97894e+16    4.41269e-07    0.00266222     5.55266e-06    9.46613e-34    5.48203e-08    9.46613e-43    8.77426e-07    
5.29655e-06    44348.6        44.4309        1.97748e+16    4.41269e-07    0.00266222     5.55266e-06    9.3426e-34     5.48203e-08    9.3426e-43     8.77426e-07    
5.29755e-06    44348.2        44.4302        1.97602e+16    4.41269e-07    0.00266222     5.55266e-06    9.22079e-34    5.48203e-08    9.22079e-43    8.77426e-07    
5.29855e-06    44347.8        44.4295        1.97457e+16    4.41269e-07    0.00266222     5.55266e-06    9.10066e-34    5.48203e-08    9.10066e-43    8.77426e-07    
5.29955e-06    44347.4        44.4287        1.97311e+16    4.41269e-07    0.00266222     5.55266e-06    8.9822e-34     5.48203e-08    8.9822e-43     8.77426e-07    
5.30055e-06    44347          44.428         1.97165e+16    4.41269e-07    0.00266222     5.55266e-06    8.86537e-34    5.48203e-08    8.86537e-43    8.77426e-07    
5.30155e-06    44346.6        44.4272        1.9702e+16     4.41269e-07    0.00266222     5.55266e-06    8.75015e-34    5.48203e-08    8.75015e-43    8.77426e-07    
5.30255e-06    44346.1        44.4265        1.96874e+16    4.41174e-07    0.00266222     5.55266e-06    8.63653e-34    5.48203e-08    8.63653e-43    8.77426e-07    
5.30355e-06    44345.7        44.4258        1.96728e+16    4.41174e-07    0.00266222     5.55266e-06    8.52446e-34    5.48203e-08    8.52446e-43    8.77426e-07    
5.30455e-06    44345.3        44.425         1.96582e+16    4.41174e-07    0.00266222     5.55266e-06    8.41395e-34    5.48203e-08    8.41394e-43    8.77426e-07    
5.30555e-06    44344.9        44.4243        1.96436e+16    4.41174e-07    0.00266222     5.55266e-06    8.30495e-34    5.48203e-08    8.30494e-43    8.77426e-07    
5.30655e-06    44344.5        44.4235        1.9629e+16     4.41174e-07    0.00266222     5.55266e-06    8.19744e-34    5.48203e-08    8.19744e-43    8.77426e-07    
5.30755e-06    44344          44.4228        1.96145e+16    4.41174e-07    0.00266222     5.55266e-06    8.09142e-34    5.48203e-08    8.09142e-43    8.77426e-07    
5.30855e-06    44343.6        44.4221        1.95999e+16    4.41174e-07    0.00266222     5.55266e-06    7.98684e-34    5.48203e-08    7.98684e-43    8.77426e-07    
5.30955e-06    44343.2        44.4213        1.95853e+16    4.41174e-07    0.00266222     5.55266e-06    7.8837e-34     5.48203e-08    7.8837e-43     8.77426e-07    
5.31055e-06    44342.8        44.4206        1.95707e+16    4.41174e-07    0.00266222     5.55266e-06    7.78197e-34    5.48203e-08    7.78197e-43    8.77426e-07    
5.31155e-06    44342.4        44.4198        1.95561e+16    4.41174e-07    0.00266222     5.55266e-06    7.68163e-34    5.48203e-08    0              8.77426e-07    
